Symbol,Company Name,Name of Person,Category of Person,Securities Acquired/Disposed (No.),Securities Acquired/Disposed (Value),Securities Held Post (%),Date From,Date To,Details URL
TRUALT,TRUALT BIOENERGY LIMITED,NIRANI HOLDINGS PRIVATE LIMITED,Promoter Group,20000,"9,351,200.00",1.68%,12-08-2026,12-08-2026,https://nsearchives.nseindia.com/corporate/ixbrl/IT_24291_20260813_143922650_WEB.html
TRUALT,TRUALT BIOENERGY LIMITED,NIRANI HOLDINGS PRIVATE LIMITED,Promoter Group,91705,"43,664,418.00",1.56%,07-08-2026,07-08-2026,https://nsearchives.nseindia.com/corporate/ixbrl/IT_24291_20260807_202638399_WEB.html
THANGAMAYL,THANGAMAYIL JEWELLERY LIMITED,BALUSAMY SILVEARS JEWELLERY PRIVATE LIMITED,Promoter Group,1080,"5,476,270.00",1.76%,06-08-2026,06-08-2026,https://nsearchives.nseindia.com/corporate/ixbrl/IT_3067_20260807_173945153_WEB.html
DBOL,Dhampur Bio Organics Limited,Shudh Edible Products Private Limited,Promoter Group,70000,"7,721,000.00",17.03%,29-06-2026,29-06-2026,https://nsearchives.nseindia.com/corporate/ixbrl/IT_20812_20260701_190505136_WEB.html
LYKALABS,Lyka Labs Limited,Kunal N Gandhi,Promoter,12914,"936,398.00",9.84%,29-06-2026,29-06-2026,https://nsearchives.nseindia.com/corporate/ixbrl/IT_1127_20260630_130729816_WEB.html
LYKALABS,Lyka Labs Limited,Kunal N Gandhi,Promoter,1262,"92,015.00",9.85%,29-06-2026,29-06-2026,https://nsearchives.nseindia.com/corporate/ixbrl/IT_1127_20260630_130729816_WEB.html
AURUM,Aurum PropTech Limited,Aurum RealEstate Developers Limited,Promoter,10000,"2,182,369.00",47.94%,29-06-2026,29-06-2026,https://nsearchives.nseindia.com/corporate/ixbrl/IT_12987_20260630_104930235_WEB.html
STEL,STEL HOLDINGS LIMITED,SOFREAL MERCANTRADE PRIVATE LTD,Promoter Group,4767,"2,909,040.00",1.29%,25-06-2026,25-06-2026,https://nsearchives.nseindia.com/corporate/ixbrl/IT_4020_20260629_204519955_WEB.html
SHYAMCENT,SHYAM CENTURY FERROUS LIMITED,Sri Ram Vanijya Private Limited,Promoter Group,137691,"751,029.00",4.02%,25-06-2026,25-06-2026,https://nsearchives.nseindia.com/corporate/ixbrl/IT_12915_20260629_185901915_WEB.html
SESHAPAPER,SESHASAYEE PAPER AND BOARDS LIMITED,TIME SQUARE INVESTMENTS PRIVATE LIMITED,Promoter Group,3767,"848,764.00",10.22%,29-06-2026,29-06-2026,https://nsearchives.nseindia.com/corporate/ixbrl/IT_118_20260629_173538066_WEB.html
MANINFRA,MAN INFRACONSTRUCTION LIMITED,Parag K. Shah,Promoter and Director,250000,"26,297,500.00",29.72%,25-06-2026,25-06-2026,https://nsearchives.nseindia.com/corporate/ixbrl/IT_3094_20260629_100332585_WEB.html
INDIQUBE,Indiqube Spaces Limited,MEGHNA AGARWAL,Promoter and Director,3000,"515,026.00",15.89%,22-06-2026,22-06-2026,https://nsearchives.nseindia.com/corporate/ixbrl/IT_25080_20260627_011913968_WEB.html
TIGERLOGS,Tiger Logistics (India) Limited,Brahma Suppliers Private Limited,Promoter Group,20000,"760,800.00",33.23%,25-06-2026,25-06-2026,https://nsearchives.nseindia.com/corporate/ixbrl/IT_26474_20260626_163307897_WEB.html
PNGSREVA,PNGS Reva Diamond Jewellery Limited,P. N. Gadgil & Sons Limited,Promoter,5000,0.00,13.94%,25-06-2026,25-06-2026,https://nsearchives.nseindia.com/corporate/ixbrl/IT_26347_20260625_204409718_WEB.html
SESHAPAPER,SESHASAYEE PAPER AND BOARDS LIMITED,DHANASHREE INVESTMENTS PRIVATE LIMITED,Promoter Group,78202,"17,557,664.00",4.94%,25-06-2026,25-06-2026,https://nsearchives.nseindia.com/corporate/ixbrl/IT_118_20260625_184912267_WEB.html
MOTOGENFIN,THE MOTOR & GENERAL FINANCE LIMITED,RAM PRAKASH & CO.(P) LTD,Promoter Group,19550,"588,027.00",7.76%,24-06-2026,24-06-2026,https://nsearchives.nseindia.com/corporate/ixbrl/IT_279_20260624_165918760_WEB.html
STEL,STEL HOLDINGS LIMITED,SOFREAL MERCANTRADE PRIVATE LTD,Promoter Group,4338,"2,596,309.00",1.22%,19-06-2026,19-06-2026,https://nsearchives.nseindia.com/corporate/ixbrl/IT_4020_20260624_113404785_WEB.html
PARADEEP,PARADEEP PHOSPHATES LIMITED,ZUARI MAROC PHOSPHATES PRIVATE LIMITED,Promoter,80273,"10,671,493.00",50.37%,18-06-2026,18-06-2026,https://nsearchives.nseindia.com/corporate/ixbrl/IT_19922_20260623_162106528_WEB.html
PARADEEP,PARADEEP PHOSPHATES LIMITED,ZUARI MAROC PHOSPHATES PRIVATE LIMITED,Promoter,65000,"8,871,850.00",50.37%,19-06-2026,19-06-2026,https://nsearchives.nseindia.com/corporate/ixbrl/IT_19922_20260623_162106528_WEB.html
VIVIANA,VIVIANA POWER TECH LIMITED,Richi Nikeshbhai Choksi,Promoter and Director,2101,"1,664,245.00",1.98%,19-06-2026,19-06-2026,https://nsearchives.nseindia.com/corporate/ixbrl/IT_20783_20260620_160822581_WEB.html
VIVIANA,VIVIANA POWER TECH LIMITED,Priyanka Richi Choksi,Promoter and Director,8742,"7,120,272.00",2.05%,19-06-2026,19-06-2026,https://nsearchives.nseindia.com/corporate/ixbrl/IT_20783_20260620_160822581_WEB.html
MSPL,MSP STEEL & POWER LIMITED,Ilex Private Limited,Promoter Group,645000,"27,250,992.00",3.03%,15-06-2026,15-06-2026,https://nsearchives.nseindia.com/corporate/ixbrl/IT_2306_20260620_144824342_WEB.html
MSPL,MSP STEEL & POWER LIMITED,Ilex Private Limited,Promoter Group,645000,"27,250,992.00",3.03%,15-06-2026,15-06-2026,https://nsearchives.nseindia.com/corporate/ixbrl/IT_2306_20260620_142748451_WEB.html
MAZDA,MAZDA LIMITED,SHANAYA MODY KHATUA,Promoter and Director,7000,"1,686,886.00",31.56%,18-06-2026,18-06-2026,https://nsearchives.nseindia.com/corporate/ixbrl/IT_14337_20260620_124954237_WEB.html
AEROENTER,AEROFLEX ENTERPRISES LIMITED,A Flex Invest Private Limited,Promoter Group,100000,"11,330,000.00",7.38%,17-06-2026,17-06-2026,https://nsearchives.nseindia.com/corporate/ixbrl/IT_21141_20260618_205336745_WEB.html
EVEREADY,EVEREADY INDUSTRIES INDIA LIMITED,GYAN ENTERPRISES PRIVATE LIMITED,Promoter,8312,"2,914,681.00",2.35%,16-06-2026,16-06-2026,https://nsearchives.nseindia.com/corporate/ixbrl/IT_2275_20260617_175941370_WEB.html
MOTOGENFIN,THE MOTOR & GENERAL FINANCE LIMITED,RAM PRAKASH & CO.(P) LTD,Promoter Group,40000,"1,197,485.00",7.63%,17-06-2026,17-06-2026,https://nsearchives.nseindia.com/corporate/ixbrl/IT_279_20260617_154646606_WEB.html
SHAKTIPUMP,SHAKTI PUMPS (INDIA) LIMITED,SHAKTI SONS TRUST,Promoter,9000,"4,945,348.00",18.36%,16-06-2026,16-06-2026,https://nsearchives.nseindia.com/corporate/ixbrl/IT_5329_20260617_121054609_WEB.html
BAJAJHCARE,BAJAJ HEALTHCARE LIMITED,ANIL CHAMPALAL JAIN,Promoter Group,100000,"29,730,147.00",6.05%,12-06-2026,12-06-2026,https://nsearchives.nseindia.com/corporate/ixbrl/IT_19739_20260615_132831852_WEB.html
VSTL,VIBHOR STEEL TUBES LIMITED,VIJAY KUMAR KAUSHIK,Promoter and Director,2100,"251,022.00",21.99%,12-06-2026,12-06-2026,https://nsearchives.nseindia.com/corporate/ixbrl/IT_20260613_154010870_WEB.html
JARO,JARO INSTITUTE OF TECHNOLOGY MANAGEMENT AND RESEARCH LIMITED,Sanjay Namdeo Salunkhe,Promoter,15326,"8,658,985.00",55.29%,12-06-2026,12-06-2026,https://nsearchives.nseindia.com/corporate/ixbrl/IT_20260613_125328596_WEB.html
APLLTD,Alembic Pharmaceuticals Limited,Nirayu Private Limited,Promoter Group,75000,"55,951,874.00",35.77%,11-06-2026,11-06-2026,https://nsearchives.nseindia.com/corporate/ixbrl/IT_20260612_183716903_WEB.html
GOKUL,GOKUL REFOILS AND SOLVENT LIMITED,Bhikhiben Balvantsinh Rajput,Promoter,2200,"90,070.00",22.96%,11-06-2026,11-06-2026,https://nsearchives.nseindia.com/corporate/ixbrl/IT_20260612_182309128_WEB.html
GOKUL,GOKUL REFOILS AND SOLVENT LIMITED,Bhikhiben Balvantsinh Rajput,Promoter,4000,"164,239.00",22.96%,11-06-2026,11-06-2026,https://nsearchives.nseindia.com/corporate/ixbrl/IT_20260612_182309128_WEB.html
GRMOVER,GRM OVERSEAS LIMITED,Atul Garg,Promoter and Director,238281,"20,795,511.00",20.69%,11-06-2026,11-06-2026,https://nsearchives.nseindia.com/corporate/ixbrl/IT_20260612_171759467_WEB.html
GRMOVER,GRM OVERSEAS LIMITED,Mamta Garg,Promoter and Director,50000,"4,311,105.00",20.15%,11-06-2026,11-06-2026,https://nsearchives.nseindia.com/corporate/ixbrl/IT_20260612_171759467_WEB.html
JARO,JARO INSTITUTE OF TECHNOLOGY MANAGEMENT AND RESEARCH LIMITED,Sanjay Namdeo Salunkhe,Promoter,24355,"13,328,387.00",55.23%,11-06-2026,11-06-2026,https://nsearchives.nseindia.com/corporate/ixbrl/IT_20260612_123918989_WEB.html
GANDHAR,GANDHAR OIL REFINERY (INDIA) LIMITED,Ramesh Babulal Parekh,Promoter and Director,25738,"4,088,705.00",28.69%,09-06-2026,09-06-2026,https://nsearchives.nseindia.com/corporate/ixbrl/IT_20260611_175056670_WEB.html
GRMOVER,GRM OVERSEAS LIMITED,Atul Garg,Promoter and Director,150000,"18,299,025.00",20.58%,08-06-2026,08-06-2026,https://nsearchives.nseindia.com/corporate/ixbrl/IT_20260611_165057102_WEB.html
MSPL,MSP STEEL & POWER LIMITED,Sampat Marketing Company Pvt Ltd,Promoter Group,700000,"28,963,830.00",2.12%,04-06-2026,04-06-2026,https://nsearchives.nseindia.com/corporate/ixbrl/IT_20260611_140457707_WEB.html
MSPL,MSP STEEL & POWER LIMITED,Shree Vinay Finvest P Ltd.,Promoter Group,2850000,"117,572,474.00",3.47%,04-06-2026,08-06-2026,https://nsearchives.nseindia.com/corporate/ixbrl/IT_20260611_140457707_WEB.html
MSPL,MSP STEEL & POWER LIMITED,Ilex Private Limited,Promoter Group,1660000,"68,971,086.00",2.68%,05-06-2026,08-06-2026,https://nsearchives.nseindia.com/corporate/ixbrl/IT_20260611_140457707_WEB.html
JARO,JARO INSTITUTE OF TECHNOLOGY MANAGEMENT AND RESEARCH LIMITED,Sanjay Namdeo Salunkhe,Promoter,8806,"4,757,760.00",55.11%,10-06-2026,10-06-2026,https://nsearchives.nseindia.com/corporate/ixbrl/IT_20260611_124014771_WEB.html
RGL,Renaissance Global Limited,Sumit Shah,Promoter and Director,41874,"4,007,413.00",1.00%,10-06-2026,10-06-2026,https://nsearchives.nseindia.com/corporate/ixbrl/IT_20260611_113536642_WEB.html
GOKUL,GOKUL REFOILS AND SOLVENT LIMITED,Bhikhiben Balvantsinh Rajput,Promoter,2142,"87,765.00",22.95%,09-06-2026,09-06-2026,https://nsearchives.nseindia.com/corporate/ixbrl/IT_20260610_180825903_WEB.html
GOKUL,GOKUL REFOILS AND SOLVENT LIMITED,Bhikhiben Balvantsinh Rajput,Promoter,1758,"71,813.00",22.95%,09-06-2026,09-06-2026,https://nsearchives.nseindia.com/corporate/ixbrl/IT_20260610_180825903_WEB.html
OBCL,OBCL LIMITED (FORMERLY KNOWN AS ORISSA BENGAL CARRIER LIMITED),RAVI AGRAWAL,Promoter and Director,41310,"2,292,535.00",47.16%,08-06-2026,09-06-2026,https://nsearchives.nseindia.com/corporate/ixbrl/IT_20260610_174112797_WEB.html
STEL,STEL HOLDINGS LIMITED,LEBNITZE REAL ESTATES PVT LTD,Promoter Group,4356,"2,208,407.00",2.90%,08-06-2026,08-06-2026,https://nsearchives.nseindia.com/corporate/ixbrl/IT_20260610_150205900_WEB.html
STEL,STEL HOLDINGS LIMITED,LEBNITZE REAL ESTATES PVT LTD,Promoter Group,413,"209,381.00",2.90%,08-06-2026,08-06-2026,https://nsearchives.nseindia.com/corporate/ixbrl/IT_20260610_150205900_WEB.html
STEL,STEL HOLDINGS LIMITED,LEBNITZE REAL ESTATES PVT LTD,Promoter Group,562,"292,565.00",2.91%,09-06-2026,09-06-2026,https://nsearchives.nseindia.com/corporate/ixbrl/IT_20260610_150205900_WEB.html
AURUM,Aurum PropTech Limited,Aurum RealEstate Developers Limited,Promoter,15000,"2,804,507.00",47.76%,09-06-2026,09-06-2026,https://nsearchives.nseindia.com/corporate/ixbrl/IT_20260610_105041212_WEB.html
NCLIND,NCL INDUSTRIES LIMITED,Kalidindi Ravi,Promoter and Director,7064,"1,278,584.00",6.91%,08-06-2026,08-06-2026,https://nsearchives.nseindia.com/corporate/ixbrl/IT_20260609_165004685_WEB.html
VISAKAIND,Visaka Industries Limited,VIGILANCE SECURITY SERVICES PRIVATE LIMITED,Promoter Group,1883,"135,847.00",4.84%,08-06-2026,08-06-2026,https://nsearchives.nseindia.com/corporate/ixbrl/IT_20260609_130524777_WEB.html
VISAKAIND,Visaka Industries Limited,VIGILANCE SECURITY SERVICES PRIVATE LIMITED,Promoter Group,36217,"2,612,837.00",4.89%,08-06-2026,08-06-2026,https://nsearchives.nseindia.com/corporate/ixbrl/IT_20260609_130524777_WEB.html
NCLIND,NCL INDUSTRIES LIMITED,Kalidindi Ravi,Promoter and Director,261,"46,589.00",6.85%,05-06-2026,05-06-2026,https://nsearchives.nseindia.com/corporate/ixbrl/IT_20260608_213258679_WEB.html
SINCLAIR,SINCLAIRS HOTELS LIMITED,NAVIN CHAND SUCHANTI,Promoter,102253,"7,607,523.00",6.85%,04-06-2026,05-06-2026,https://nsearchives.nseindia.com/corporate/ixbrl/IT_20260608_162149284_WEB.html
AEROENTER,AEROFLEX ENTERPRISES LIMITED,A Flex Invest Private Limited,Promoter Group,233500,"23,753,120.00",6.84%,04-06-2026,05-06-2026,https://nsearchives.nseindia.com/corporate/ixbrl/IT_20260605_204514271_WEB.html
SAHLIBHFI,Shalibhadra Finance Limited,Ayushi Minesh Doshi,Promoter Group,100000,"8,294,696.00",2.77%,05-06-2026,05-06-2026,https://nsearchives.nseindia.com/corporate/ixbrl/IT_20260605_175953629_WEB.html
SAHLIBHFI,Shalibhadra Finance Limited,Ayushi Minesh Doshi,Promoter Group,100000,"8,294,696.00",2.77%,05-06-2026,05-06-2026,https://nsearchives.nseindia.com/corporate/ixbrl/IT_20260605_174340499_WEB.html
NIITLTD,NIIT Limited,Pawar Family Trust,Promoter Group,860000,"79,060,200.00",19.17%,03-06-2026,04-06-2026,https://nsearchives.nseindia.com/corporate/ixbrl/IT_20260605_155928784_WEB.html
NIITLTD,NIIT Limited,Thadani Family Trust,Promoter Group,860000,"79,048,981.00",19.57%,03-06-2026,04-06-2026,https://nsearchives.nseindia.com/corporate/ixbrl/IT_20260605_155928784_WEB.html
NCLIND,NCL INDUSTRIES LIMITED,Kalidindi Ravi,Promoter and Director,3000,"540,000.00",6.85%,04-06-2026,04-06-2026,https://nsearchives.nseindia.com/corporate/ixbrl/IT_20260605_123722114_WEB.html
AURUM,Aurum PropTech Limited,Aurum RealEstate Developers Limited,Promoter,25000,"4,643,445.00",47.67%,04-06-2026,04-06-2026,https://nsearchives.nseindia.com/corporate/ixbrl/IT_20260605_104818873_WEB.html
LANDMARK,Landmark Cars Limited,Aryaman Sanjay Thakker,Promoter Group,5000,"2,061,648.00",0.10%,04-06-2026,04-06-2026,https://nsearchives.nseindia.com/corporate/ixbrl/IT_20260604_183730539_WEB.html
STEL,STEL HOLDINGS LIMITED,LEBNITZE REAL ESTATES PVT LTD,Promoter Group,4486,"2,146,524.00",2.81%,02-06-2026,02-06-2026,https://nsearchives.nseindia.com/corporate/ixbrl/IT_20260604_173437095_WEB.html
STEL,STEL HOLDINGS LIMITED,LEBNITZE REAL ESTATES PVT LTD,Promoter Group,897,"431,434.00",2.82%,02-06-2026,02-06-2026,https://nsearchives.nseindia.com/corporate/ixbrl/IT_20260604_173437095_WEB.html
STEL,STEL HOLDINGS LIMITED,LEBNITZE REAL ESTATES PVT LTD,Promoter Group,2984,"1,463,409.00",2.83%,03-06-2026,03-06-2026,https://nsearchives.nseindia.com/corporate/ixbrl/IT_20260604_173437095_WEB.html
STEL,STEL HOLDINGS LIMITED,LEBNITZE REAL ESTATES PVT LTD,Promoter Group,267,"130,941.00",2.83%,03-06-2026,03-06-2026,https://nsearchives.nseindia.com/corporate/ixbrl/IT_20260604_173437095_WEB.html
SINCLAIR,SINCLAIRS HOTELS LIMITED,NAVIN CHAND SUCHANTI,Promoter,42614,"3,177,558.00",6.65%,02-06-2026,03-06-2026,https://nsearchives.nseindia.com/corporate/ixbrl/IT_20260604_144320850_WEB.html
NCLIND,NCL INDUSTRIES LIMITED,Kalidindi Ravi,Promoter and Director,2000,"363,000.00",6.84%,01-06-2026,01-06-2026,https://nsearchives.nseindia.com/corporate/ixbrl/IT_20260603_165039608_WEB.html
LANDMARK,Landmark Cars Limited,Aryaman Sanjay Thakker,Promoter Group,10000,"3,702,960.00",0.08%,02-06-2026,02-06-2026,https://nsearchives.nseindia.com/corporate/ixbrl/IT_20260602_182302681_WEB.html
NRL,NUPUR RECYCLERS LIMITED,Rajesh Gupta,Promoter,140,"8,782.00",36.42%,27-05-2026,27-05-2026,https://nsearchives.nseindia.com/corporate/ixbrl/IT_20260602_153448318_WEB.html
NRL,NUPUR RECYCLERS LIMITED,Shikha Gupta,Promoter Group,190,"11,913.00",0.20%,27-05-2026,27-05-2026,https://nsearchives.nseindia.com/corporate/ixbrl/IT_20260602_153448318_WEB.html
AURUM,Aurum PropTech Limited,Aurum RealEstate Developers Limited,Promoter,15000,"2,704,808.00",47.57%,01-06-2026,01-06-2026,https://nsearchives.nseindia.com/corporate/ixbrl/IT_20260602_103954609_WEB.html
APLLTD,Alembic Pharmaceuticals Limited,Nirayu Private Limited,Promoter Group,20000,"14,879,996.00",35.73%,29-05-2026,29-05-2026,https://nsearchives.nseindia.com/corporate/ixbrl/IT_20260601_181907098_WEB.html
IBULLSLTD,Indiabulls Limited,Valerian Real Estate Private Limited,Promoter Group,500000,"8,770,000.00",4.44%,19-05-2026,19-05-2026,https://nsearchives.nseindia.com/corporate/ixbrl/IT_20260525_184739_WEB.html
PARADEEP,PARADEEP PHOSPHATES LIMITED,ZUARI MAROC PHOSPHATES PRIVATE LIMITED,Promoter,80000,"9,958,400.00",50.34%,21-05-2026,21-05-2026,https://nsearchives.nseindia.com/corporate/ixbrl/IT_20260525_152729_WEB.html
PARADEEP,PARADEEP PHOSPHATES LIMITED,ZUARI MAROC PHOSPHATES PRIVATE LIMITED,Promoter,80000,"10,145,600.00",50.34%,22-05-2026,22-05-2026,https://nsearchives.nseindia.com/corporate/ixbrl/IT_20260525_152729_WEB.html
FIBERWEB,Fiberweb (India) Limited,Pravin V Sheth,Promoter and Director,10000,"291,869.00",5.81%,21-05-2026,21-05-2026,https://nsearchives.nseindia.com/corporate/ixbrl/IT_20260525_130430_WEB.html
FIBERWEB,Fiberweb (India) Limited,GAYATRI PIPES AND FITTINGS PRIVATE LIMITED,Promoter Group,13002,"383,506.00",12.37%,21-05-2026,21-05-2026,https://nsearchives.nseindia.com/corporate/ixbrl/IT_20260525_130430_WEB.html
EUROPRATIK,Euro Pratik Sales Limited,Jai Gunwantraj Singhvi,Promoter,166600,"44,903,448.00",22.85%,19-05-2026,21-05-2026,https://nsearchives.nseindia.com/corporate/ixbrl/IT_20260521_223344_WEB.html
EUROPRATIK,Euro Pratik Sales Limited,Pratik Gunvantraj Singhvi,Promoter and Director,1005423,"268,683,992.00",5.03%,19-05-2026,21-05-2026,https://nsearchives.nseindia.com/corporate/ixbrl/IT_20260521_223344_WEB.html
EUROPRATIK,Euro Pratik Sales Limited,Jai Gunvantraj Singhvi,Promoter and Director,1109157,"297,020,886.00",5.08%,19-05-2026,21-05-2026,https://nsearchives.nseindia.com/corporate/ixbrl/IT_20260521_223344_WEB.html
IBULLSLTD,Indiabulls Limited,Valerian Real Estate Private Limited,Promoter Group,1741914,"33,920,564.00",4.42%,14-05-2026,18-05-2026,https://nsearchives.nseindia.com/corporate/ixbrl/IT_20260520_175014_WEB.html
STYLAMIND,STYLAM INDUSTRIES LIMITED,"Aica Kogyo Company, Limited",Promoter,466116,"1,048,761,000.00",29.87%,22-04-2026,06-05-2026,https://nsearchives.nseindia.com/corporate/ixbrl/IT_20260518_170912_WEB.html
NCLIND,NCL INDUSTRIES LIMITED,Kalidindi Ravi,Promoter and Director,7394,"1,283,377.00",7.20%,12-08-2026,12-08-2026,https://nsearchives.nseindia.com/corporate/ixbrl/IT_2568_20260813_110442973_WEB.html
NCLIND,NCL INDUSTRIES LIMITED,Kakatiya Industries Pvt.Ltd,Promoter Group,1500,"260,505.00",1.40%,12-08-2026,12-08-2026,https://nsearchives.nseindia.com/corporate/ixbrl/IT_2568_20260813_110442973_WEB.html
NCLIND,NCL INDUSTRIES LIMITED,VIKRAM CHEMICALS PRIVATE LIMITED,Promoter Group,200,"34,700.00",0.04%,12-08-2026,12-08-2026,https://nsearchives.nseindia.com/corporate/ixbrl/IT_2568_20260813_110442973_WEB.html
ASAHISONG,ASAHI SONGWON COLORS LIMITED,Arjun Gokul Jaykrishna,Promoter and Director,10000,"3,381,000.00",0.42%,11-08-2026,11-08-2026,https://nsearchives.nseindia.com/corporate/ixbrl/IT_5165_20260812_163554411_WEB.html
TRUALT,TRUALT BIOENERGY LIMITED,NIRANI HOLDINGS PRIVATE LIMITED,Promoter Group,24200,"11,576,796.00",1.65%,11-08-2026,11-08-2026,https://nsearchives.nseindia.com/corporate/ixbrl/IT_24291_20260812_145522890_WEB.html
AVONMORE,AVONMORE CAPITAL & MANAGEMENT SERVICES LIMITED,INNOVATIVE MONEY MATTERS PRIVATE LIMITED,Promoter,260000,"2,963,578.00",33.33%,11-08-2026,11-08-2026,https://nsearchives.nseindia.com/corporate/ixbrl/IT_20397_20260812_101130527_WEB.html
NURECA,NURECA LIMITED,Smita Goyal,Promoter Group,5975,"1,799,371.00",0.06%,24-07-2026,24-07-2026,https://nsearchives.nseindia.com/corporate/ixbrl/IT_18918_20260811_173148073_WEB.html
NURECA,NURECA LIMITED,Smita Goyal,Promoter Group,800,"240,280.00",0.07%,24-07-2026,24-07-2026,https://nsearchives.nseindia.com/corporate/ixbrl/IT_18918_20260811_173148073_WEB.html
NURECA,NURECA LIMITED,Smita Goyal,Promoter Group,20355,"6,327,962.00",0.28%,27-07-2026,27-07-2026,https://nsearchives.nseindia.com/corporate/ixbrl/IT_18918_20260811_173148073_WEB.html
NURECA,NURECA LIMITED,Smita Goyal,Promoter Group,6500,"2,017,990.00",0.35%,28-07-2026,28-07-2026,https://nsearchives.nseindia.com/corporate/ixbrl/IT_18918_20260811_173148073_WEB.html
NURECA,NURECA LIMITED,Smita Goyal,Promoter Group,8000,"2,545,920.00",0.44%,29-07-2026,29-07-2026,https://nsearchives.nseindia.com/corporate/ixbrl/IT_18918_20260811_173148073_WEB.html
NURECA,NURECA LIMITED,Smita Goyal,Promoter Group,1000,"323,225.00",0.45%,29-07-2026,29-07-2026,https://nsearchives.nseindia.com/corporate/ixbrl/IT_18918_20260811_173148073_WEB.html
NURECA,NURECA LIMITED,Smita Goyal,Promoter Group,2683,"868,970.00",0.47%,31-07-2026,31-07-2026,https://nsearchives.nseindia.com/corporate/ixbrl/IT_18918_20260811_173148073_WEB.html
THANGAMAYL,THANGAMAIYL JEWELLERY LIMITED,BALUSAMY SILVEARS JEWELLERY PRIVATE LIMITED,Promoter Group,1330,"6,982,391.00",1.76%,07-08-2026,07-08-2026,https://nsearchives.nseindia.com/corporate/ixbrl/IT_3067_20260811_122242812_WEB.html
CHEMBONDCH,CHEMBOND CHEMICALS LIMITED,NIRMAL V SHAH,Promoter and Director,10000,"2,300,000.00",26.05%,06-08-2026,06-08-2026,https://nsearchives.nseindia.com/corporate/ixbrl/IT_26029_20260809_150936453_WEB.html
CHEMBONDCH,CHEMBOND CHEMICALS LIMITED,MAMTA N SHAH,Promoter Group,20500,"4,715,000.00",0.77%,06-08-2026,06-08-2026,https://nsearchives.nseindia.com/corporate/ixbrl/IT_26029_20260809_150936453_WEB.html
TRUALT,TRUALT BIOENERGY LIMITED,NIRANI HOLDINGS PRIVATE LIMITED,Promoter Group,21600,"10,000,363.00",1.45%,05-08-2026,05-08-2026,https://nsearchives.nseindia.com/corporate/ixbrl/IT_24291_20260807_153253079_WEB.html
BMWVENTLTD,BMW VENTURES LIMITED,SHIVANSH KISHOREPURIA,Promoter Group,65000,"3,915,213.00",0.17%,06-08-2026,06-08-2026,https://nsearchives.nseindia.com/corporate/ixbrl/IT_24065_20260807_133229209_WEB.html
BMWVENTLTD,BMW VENTURES LIMITED,SHIVANSH KISHOREPURIA,Promoter Group,85000,"5,107,928.00",0.10%,05-08-2026,05-08-2026,https://nsearchives.nseindia.com/corporate/ixbrl/IT_24065_20260806_160329737_WEB.html
THANGAMAYL,THANGAMYAYIL JEWELLERY LIMITED,THANGAMAYIL GOLD AND DIAMOND PRIVATE LIMITED,Promoter Group,3600,"17,318,295.00",5.48%,04-08-2026,04-08-2026,https://nsearchives.nseindia.com/corporate/ixbrl/IT_3067_20260806_104908492_WEB.html
SESHAPAPER,SESHASAYEE PAPER AND BOARDS LIMITED,DHANASHREE INVESTMENTS PRIVATE LIMITED,Promoter Group,20695,"4,850,664.00",4.98%,30-07-2026,30-07-2026,https://nsearchives.nseindia.com/corporate/ixbrl/IT_118_20260730_173802218_WEB.html
NINSYS,Nintec Systems Limited,Niraj Chhaganraj Gemawat,Promoter and Director,2700,"2,182,282.00",18.42%,29-06-2026,29-06-2026,https://nsearchives.nseindia.com/corporate/ixbrl/IT_21310_20260701_134241086_WEB.html
NINSYS,Nintec Systems Limited,Niraj Chhaganraj Gemawat,Promoter and Director,300,"242,700.00",18.42%,29-06-2026,29-06-2026,https://nsearchives.nseindia.com/corporate/ixbrl/IT_21310_20260701_134241086_WEB.html
NINSYS,Nintec Systems Limited,Niraj Chhaganraj Gemawat,Promoter and Director,500,"411,910.00",18.42%,30-06-2026,30-06-2026,https://nsearchives.nseindia.com/corporate/ixbrl/IT_21310_20260701_134241086_WEB.html
NINSYS,Nintec Systems Limited,Niraj Chhaganraj Gemawat,Promoter and Director,3000,"2,482,834.00",18.44%,30-06-2026,30-06-2026,https://nsearchives.nseindia.com/corporate/ixbrl/IT_21310_20260701_134241086_WEB.html
TIGERLOGS,Tiger Logistics (India) Limited,Brahma Suppliers Private Limited,Promoter Group,25000,"934,500.00",33.25%,29-06-2026,29-06-2026,https://nsearchives.nseindia.com/corporate/ixbrl/IT_26474_20260630_200813429_WEB.html
TIGERLOGS,Tiger Logistics (India) Limited,Brahma Suppliers Private Limited,Promoter Group,25000,"930,750.00",33.27%,30-06-2026,30-06-2026,https://nsearchives.nseindia.com/corporate/ixbrl/IT_26474_20260630_200813429_WEB.html
LYKALABS,Lyka Labs Limited,Kunal N Gandhi,Promoter,12914,"936,398.00",9.84%,29-06-2026,29-06-2026,https://nsearchives.nseindia.com/corporate/ixbrl/IT_1127_20260630_120710182_WEB.html
LYKALABS,Lyka Labs Limited,Kunal N Gandhi,Promoter,1262,"92,015.00",9.85%,29-06-2026,29-06-2026,https://nsearchives.nseindia.com/corporate/ixbrl/IT_1127_20260630_120710182_WEB.html
GRMOVER,GRM OVERSEAS LIMITED,Mamta Garg,Promoter and Director,150000,"13,682,958.00",20.27%,24-06-2026,24-06-2026,https://nsearchives.nseindia.com/corporate/ixbrl/IT_20861_20260629_183821311_WEB.html
SESHAPAPER,SESHASAYEE PAPER AND BOARDS LIMITED,TIME SQUARE INVESTMENTS PRIVATE LIMITED,Promoter Group,3767,"848,764.00",10.22%,29-06-2026,29-06-2026,https://nsearchives.nseindia.com/corporate/ixbrl/IT_118_20260629_173512189_WEB.html
MANINFRA,MAN INFRACONSTRUCTION LIMITED,Parag K. Shah,Promoter and Director,250000,"26,297,500.00",29.72%,25-06-2026,25-06-2026,https://nsearchives.nseindia.com/corporate/ixbrl/IT_3094_20260629_091914135_WEB.html
OMPOWER,Om Power Transmission Limited,Kalpesh Dhanjibhai Patel,Promoter and Director,14221,"2,601,006.00",24.16%,23-06-2026,24-06-2026,https://nsearchives.nseindia.com/corporate/ixbrl/IT_27090_20260627_011004700_WEB.html
OMPOWER,Om Power Transmission Limited,Kanubhai Patel,Promoter and Director,14195,"2,600,640.00",24.16%,23-06-2026,24-06-2026,https://nsearchives.nseindia.com/corporate/ixbrl/IT_27090_20260627_011004700_WEB.html
OMPOWER,Om Power Transmission Limited,Vasantkumar Narayanbhai Patel,Promoter and Director,12347,"2,245,533.00",20.71%,23-06-2026,24-06-2026,https://nsearchives.nseindia.com/corporate/ixbrl/IT_27090_20260627_011004700_WEB.html
DBOL,Dhampur Bio Organics Limited,Shudh Edible Products Private Limited,Promoter Group,18000,"2,010,960.00",16.93%,25-06-2026,25-06-2026,https://nsearchives.nseindia.com/corporate/ixbrl/IT_20812_20260626_191814446_WEB.html
LYKALABS,Lyka Labs Limited,Kunal Gandhi,Promoter,6533,"460,482.00",9.81%,25-06-2026,25-06-2026,https://nsearchives.nseindia.com/corporate/ixbrl/IT_1127_20260626_172342073_WEB.html
LYKALABS,Lyka Labs Limited,Nehal Gandhi,Promoter,33122,"2,341,493.00",3.35%,24-06-2026,25-06-2026,https://nsearchives.nseindia.com/corporate/ixbrl/IT_1127_20260626_172342073_WEB.html
LYKALABS,Lyka Labs Limited,Alisha Gandhi,Promoter Group,5000,"339,569.00",0.14%,24-06-2026,24-06-2026,https://nsearchives.nseindia.com/corporate/ixbrl/IT_1127_20260626_172342073_WEB.html
LYKALABS,Lyka Labs Limited,Enai Trading and Investment Pvt.,Promoter Group,11312,"805,323.00",2.83%,24-06-2026,24-06-2026,https://nsearchives.nseindia.com/corporate/ixbrl/IT_1127_20260626_172342073_WEB.html
NINSYS,Nintec Systems Limited,Niraj Chhaganraj Gemawat,Promoter and Director,2500,"1,942,198.00",18.39%,24-06-2026,24-06-2026,https://nsearchives.nseindia.com/corporate/ixbrl/IT_21310_20260625_183516410_WEB.html
NINSYS,Nintec Systems Limited,Niraj Chhaganraj Gemawat,Promoter and Director,3000,"2,365,904.00",18.40%,25-06-2026,25-06-2026,https://nsearchives.nseindia.com/corporate/ixbrl/IT_21310_20260625_183516410_WEB.html
DOLLAR,DOLLAR INDUSTRIES LIMITED,VK Mercantile Private Limited,Promoter Group,55000,"14,833,500.00",14.21%,24-06-2026,24-06-2026,https://nsearchives.nseindia.com/corporate/ixbrl/IT_14920_20260625_175915415_WEB.html
MOTOGENFIN,THE MOTOR & GENERAL FINANCE LIMITED,RAM PRAKASH & CO.(P) LTD,Promoter Group,5916,"177,480.00",7.78%,25-06-2026,25-06-2026,https://nsearchives.nseindia.com/corporate/ixbrl/IT_279_20260625_175018102_WEB.html
MSPL,MSP STEEL & POWER LIMITED,Ginny Traders Private Limited,Promoter Group,730000,"32,224,828.00",2.51%,19-06-2026,19-06-2026,https://nsearchives.nseindia.com/corporate/ixbrl/IT_2306_20260625_170531913_WEB.html
MSPL,MSP STEEL & POWER LIMITED,Sampat Marketing Company Pvt Ltd,Promoter Group,1204000,"53,872,193.00",2.86%,19-06-2026,22-06-2026,https://nsearchives.nseindia.com/corporate/ixbrl/IT_2306_20260625_170531913_WEB.html
MSPL,MSP STEEL & POWER LIMITED,Ilex Private Limited,Promoter Group,166849,"7,461,287.00",3.24%,22-06-2026,22-06-2026,https://nsearchives.nseindia.com/corporate/ixbrl/IT_2306_20260625_170531913_WEB.html
MSPL,MSP STEEL & POWER LIMITED,Shree Vinay Finvest P Ltd.,Promoter Group,730000,"31,466,285.00",4.03%,16-06-2026,16-06-2026,https://nsearchives.nseindia.com/corporate/ixbrl/IT_2306_20260622_173326406_WEB.html
MSPL,MSP STEEL & POWER LIMITED,Ginny Traders Pvt Ltd,Promoter Group,530000,"22,755,497.00",2.16%,16-06-2026,16-06-2026,https://nsearchives.nseindia.com/corporate/ixbrl/IT_2306_20260622_173326406_WEB.html
MSPL,MSP STEEL & POWER LIMITED,Ginny Traders Pvt Ltd,Promoter Group,1250000,"52,696,485.00",2.38%,17-06-2026,18-06-2026,https://nsearchives.nseindia.com/corporate/ixbrl/IT_2306_20260622_173326406_WEB.html
MSPL,MSP STEEL & POWER LIMITED,Sampat Marketing Company Pvt Ltd,Promoter Group,890000,"38,831,857.00",2.46%,16-06-2026,16-06-2026,https://nsearchives.nseindia.com/corporate/ixbrl/IT_2306_20260622_173326406_WEB.html
MSPL,MSP STEEL & POWER LIMITED,Sampat Marketing Company Pvt Ltd,Promoter Group,1100000,"46,406,030.00",2.65%,17-06-2026,17-06-2026,https://nsearchives.nseindia.com/corporate/ixbrl/IT_2306_20260622_173326406_WEB.html
MSPL,MSP STEEL & POWER LIMITED,Ilex Private Limited,Promoter Group,1000000,"42,397,025.00",3.21%,17-06-2026,18-06-2026,https://nsearchives.nseindia.com/corporate/ixbrl/IT_2306_20260622_173326406_WEB.html
MSPL,MSP STEEL & POWER LIMITED,M A Hire Purchase Private Limited,Promoter Group,950000,"40,069,290.00",3.20%,18-06-2026,18-06-2026,https://nsearchives.nseindia.com/corporate/ixbrl/IT_2306_20260622_173326406_WEB.html
NINSYS,Nintec Systems Limited,Niraj Chhaganraj Gemawat,Promoter and Director,1000,"700,662.00",18.31%,19-06-2026,19-06-2026,https://nsearchives.nseindia.com/corporate/ixbrl/IT_21310_20260620_144819141_WEB.html
NINSYS,Nintec Systems Limited,Niraj Chhaganraj Gemawat,Promoter and Director,1000,"710,907.00",18.31%,19-06-2026,19-06-2026,https://nsearchives.nseindia.com/corporate/ixbrl/IT_21310_20260620_144819141_WEB.html
NINSYS,Nintec Systems Limited,Niraj Chhaganraj Gemawat,Promoter and Director,500,"359,598.00",18.31%,19-06-2026,19-06-2026,https://nsearchives.nseindia.com/corporate/ixbrl/IT_21310_20260620_144819141_WEB.html
NINSYS,Nintec Systems Limited,Niraj Chhaganraj Gemawat,Promoter and Director,200,"144,000.00",18.31%,19-06-2026,19-06-2026,https://nsearchives.nseindia.com/corporate/ixbrl/IT_21310_20260620_144819141_WEB.html
NINSYS,Nintec Systems Limited,Niraj Chhaganraj Gemawat,Promoter and Director,1000,"720,000.00",18.32%,19-06-2026,19-06-2026,https://nsearchives.nseindia.com/corporate/ixbrl/IT_21310_20260620_144819141_WEB.html
NINSYS,Nintec Systems Limited,Niraj Chhaganraj Gemawat,Promoter and Director,300,"216,000.00",18.32%,19-06-2026,19-06-2026,https://nsearchives.nseindia.com/corporate/ixbrl/IT_21310_20260620_144819141_WEB.html
NINSYS,Nintec Systems Limited,Niraj Chhaganraj Gemawat,Promoter and Director,1000,"700,662.00",18.31%,19-06-2026,19-06-2026,https://nsearchives.nseindia.com/corporate/ixbrl/IT_21310_20260620_133027293_WEB.html
NINSYS,Nintec Systems Limited,Niraj Chhaganraj Gemawat,Promoter and Director,1000,"710,907.00",18.31%,19-06-2026,19-06-2026,https://nsearchives.nseindia.com/corporate/ixbrl/IT_21310_20260620_133027293_WEB.html
NINSYS,Nintec Systems Limited,Niraj Chhaganraj Gemawat,Promoter and Director,500,"359,598.00",18.31%,19-06-2026,19-06-2026,https://nsearchives.nseindia.com/corporate/ixbrl/IT_21310_20260620_133027293_WEB.html
NINSYS,Nintec Systems Limited,Niraj Chhaganraj Gemawat,Promoter and Director,200,"144,000.00",18.31%,19-06-2026,19-06-2026,https://nsearchives.nseindia.com/corporate/ixbrl/IT_21310_20260620_133027293_WEB.html
NINSYS,Nintec Systems Limited,Niraj Chhaganraj Gemawat,Promoter and Director,1000,"720,000.00",18.32%,19-06-2026,19-06-2026,https://nsearchives.nseindia.com/corporate/ixbrl/IT_21310_20260620_133027293_WEB.html
NINSYS,Nintec Systems Limited,Niraj Chhaganraj Gemawat,Promoter and Director,300,"216,000.00",18.32%,19-06-2026,19-06-2026,https://nsearchives.nseindia.com/corporate/ixbrl/IT_21310_20260620_133027293_WEB.html
MAZDA,MAZDA LIMITED,SHANAYA MODY KHATUA,Promoter and Director,7000,"1,686,886.00",31.56%,18-06-2026,18-06-2026,https://nsearchives.nseindia.com/corporate/ixbrl/IT_14337_20260620_124857992_WEB.html
VISAKAIND,Visaka Industries Limited,VIGILANCE SECURITY SERVICES PRIVATE LIMITED,Promoter Group,43,"3,323.00",4.98%,18-06-2026,18-06-2026,https://nsearchives.nseindia.com/corporate/ixbrl/IT_1388_20260619_135416577_WEB.html
AURUM,Aurum PropTech Limited,Aurum RealEstate Developers Limited,Promoter,20000,"4,005,342.00",47.84%,18-06-2026,18-06-2026,https://nsearchives.nseindia.com/corporate/ixbrl/IT_12987_20260619_104117399_WEB.html
INDIQUBE,Indiqube Spaces Limited,MEGHNA AGARWAL,Promoter and Director,2000,"306,302.00",15.89%,12-06-2026,12-06-2026,https://nsearchives.nseindia.com/corporate/ixbrl/IT_25080_20260618_205216567_WEB.html
PNGSREVA,PNGS REVA DIAMOND JEWELLERY LIMITED,P. N. Gadgil & Sons Limited,Promoter,45000,"17,424,450.00",13.91%,18-06-2026,18-06-2026,https://nsearchives.nseindia.com/corporate/ixbrl/IT_26347_20260618_180612524_WEB.html
MSPL,MSP STEEL & POWER LIMITED,M A Hire Purchase Private Limited,Promoter Group,2400000,"100,796,400.00",3.03%,12-06-2026,15-06-2026,https://nsearchives.nseindia.com/corporate/ixbrl/IT_2306_20260618_171827641_WEB.html
MSPL,MSP STEEL & POWER LIMITED,Shree Vinay Finvest P Ltd.,Promoter Group,400000,"16,587,600.00",3.91%,12-06-2026,12-06-2026,https://nsearchives.nseindia.com/corporate/ixbrl/IT_2306_20260618_171827641_WEB.html
MSPL,MSP STEEL & POWER LIMITED,Sampat Marketing Company Pvt Ltd,Promoter Group,1025000,"42,828,848.00",2.30%,12-06-2026,15-06-2026,https://nsearchives.nseindia.com/corporate/ixbrl/IT_2306_20260618_171827641_WEB.html
APLLTD,Alembic Pharmaceuticals Limited,Nirayu Private Limited,Promoter Group,24832,"18,533,069.00",35.78%,16-06-2026,17-06-2026,https://nsearchives.nseindia.com/corporate/ixbrl/IT_5232_20260618_121640491_WEB.html
GANDHAR,GANDHAR OIL REFINERY (INDIA) LIMITED,Ramesh Babulal Parekh,Promoter and Director,50000,"7,976,605.00",28.74%,16-06-2026,16-06-2026,https://nsearchives.nseindia.com/corporate/ixbrl/IT_21453_20260618_104913026_WEB.html
RSL,RAJPUTANA STAINLESS LIMITED,YASHKUMAR SHANKARLAL MEHTA,Promoter,50000,"6,545,735.00",0.06%,16-06-2026,16-06-2026,https://nsearchives.nseindia.com/corporate/ixbrl/IT_25166_20260617_175043548_WEB.html
MBEL,M & B Engineering Limited,Birva Chirag Patel,Promoter and Director,10000,"3,065,597.00",7.03%,16-06-2026,16-06-2026,https://nsearchives.nseindia.com/corporate/ixbrl/IT_24557_20260617_090124455_WEB.html
MBEL,M & B Engineering Limited,Umaben Girishbhai Patel,Promoter Group,10000,"3,095,979.00",2.83%,16-06-2026,16-06-2026,https://nsearchives.nseindia.com/corporate/ixbrl/IT_24557_20260617_090124455_WEB.html
GOKUL,GOKUL REFOILS AND SOLVENT LIMITED,Bhikhiben Balvantsinh Rajput,Promoter,1444,"59,356.00",22.98%,15-06-2026,15-06-2026,https://nsearchives.nseindia.com/corporate/ixbrl/IT_2754_20260616_182816621_WEB.html
GOKUL,GOKUL REFOILS AND SOLVENT LIMITED,Bhikhiben Balvantsinh Rajput,Promoter,6456,"265,349.00",22.99%,15-06-2026,15-06-2026,https://nsearchives.nseindia.com/corporate/ixbrl/IT_2754_20260616_182816621_WEB.html
MOTOGENFIN,THE MOTOR & GENERAL FINANCE LIMITED,RAM PRAKASH & CO.(P) LTD,Promoter Group,22826,"659,216.00",7.53%,16-06-2026,16-06-2026,https://nsearchives.nseindia.com/corporate/ixbrl/IT_279_20260616_165300075_WEB.html
AURUM,Aurum PropTech Limited,Aurum RealEstate Developers Limited,Promoter,25000,"4,813,908.00",47.81%,15-06-2026,15-06-2026,https://nsearchives.nseindia.com/corporate/ixbrl/IT_12987_20260616_104415700_WEB.html
GRMOVER,GRM OVERSEAS LIMITED,Atul Garg,Promoter and Director,450000,"42,332,394.00",20.91%,12-06-2026,12-06-2026,https://nsearchives.nseindia.com/corporate/ixbrl/IT_20861_20260615_183439947_WEB.html
STEL,STEL HOLDINGS LIMITED,LEBNITZE REAL ESTATES PVT LTD,Promoter Group,2074,"1,149,599.00",2.99%,12-06-2026,12-06-2026,https://nsearchives.nseindia.com/corporate/ixbrl/IT_4020_20260615_105422832_WEB.html
STEL,STEL HOLDINGS LIMITED,LEBNITZE REAL ESTATES PVT LTD,Promoter Group,173,"95,892.00",2.99%,12-06-2026,12-06-2026,https://nsearchives.nseindia.com/corporate/ixbrl/IT_4020_20260615_105422832_WEB.html
SBCL,SHIVALIK BIMETAL CONTROLS LIMITED,Sumer Ghumman,Promoter and Director,2200,"1,483,929.00",3.78%,11-06-2026,11-06-2026,https://nsearchives.nseindia.com/corporate/ixbrl/IT_20260613_144100670_WEB.html
THOMASCOOK,THOMAS COOK (INDIA) LIMITED,FAIRBRIDGE CAPITAL MAURITIUS LIMITED,Promoter,1606456,"183,763,305.00",64.76%,10-06-2026,10-06-2026,https://nsearchives.nseindia.com/corporate/ixbrl/IT_20260612_173816029_WEB.html
THOMASCOOK,THOMAS COOK (INDIA) LIMITED,FAIRBRIDGE CAPITAL MAURITIUS LIMITED,Promoter,77341,"8,348,760.00",64.77%,11-06-2026,11-06-2026,https://nsearchives.nseindia.com/corporate/ixbrl/IT_20260612_173816029_WEB.html
STEL,STEL HOLDINGS LIMITED,LEBNITZE REAL ESTATES PVT LTD,Promoter Group,4287,"2,288,298.00",2.93%,10-06-2026,10-06-2026,https://nsearchives.nseindia.com/corporate/ixbrl/IT_20260612_173428796_WEB.html
MOTOGENFIN,THE MOTOR & GENERAL FINANCE LIMITED,RAM PRAKASH & CO.(P) LTD,Promoter Group,25000,"748,584.00",7.47%,12-06-2026,12-06-2026,https://nsearchives.nseindia.com/corporate/ixbrl/IT_20260612_154834988_WEB.html
VSTL,VIBHOR STEEL TUBES LIMITED,VIJAY KUMAR KAUSHIK,Promoter and Director,4200,"496,796.00",21.98%,11-06-2026,11-06-2026,https://nsearchives.nseindia.com/corporate/ixbrl/IT_20260612_105846244_WEB.html
NCLIND,NCL INDUSTRIES LIMITED,Kalidindi Ravi,Promoter and Director,4873,"896,388.00",6.98%,10-06-2026,10-06-2026,https://nsearchives.nseindia.com/corporate/ixbrl/IT_20260611_165828642_WEB.html
GRMOVER,GRM OVERSEAS LIMITED,Atul Garg,Promoter and Director,150000,"18,299,025.00",20.58%,08-06-2026,08-06-2026,https://nsearchives.nseindia.com/corporate/ixbrl/IT_20260611_165032453_WEB.html
VSTL,VIBHOR STEEL TUBES LIMITED,VIJAY KUMAR KAUSHIK,Promoter and Director,5446,"648,405.00",21.96%,10-06-2026,10-06-2026,https://nsearchives.nseindia.com/corporate/ixbrl/IT_20260611_151119145_WEB.html
MSPL,MSP STEEL & POWER LIMITED,Sampat Marketing Company Pvt Ltd,Promoter Group,700000,"28,963,830.00",2.12%,04-06-2026,04-06-2026,https://nsearchives.nseindia.com/corporate/ixbrl/IT_20260611_135335765_WEB.html
MSPL,MSP STEEL & POWER LIMITED,Shree Vinay Finvest P Ltd.,Promoter Group,2850000,"117,572,474.00",3.47%,04-06-2026,08-06-2026,https://nsearchives.nseindia.com/corporate/ixbrl/IT_20260611_135335765_WEB.html
MSPL,MSP STEEL & POWER LIMITED,Ilex Private Limited,Promoter Group,1660000,"68,971,086.00",2.68%,05-06-2026,08-06-2026,https://nsearchives.nseindia.com/corporate/ixbrl/IT_20260611_135335765_WEB.html
NIITMTS,NIIT Learning Systems Limited,Pawar Family Trust (Through its Trustee Rajendra Singh Pawar),Promoter Group,37500,"8,404,125.00",16.40%,08-06-2026,08-06-2026,https://nsearchives.nseindia.com/corporate/ixbrl/IT_20260610_173906614_WEB.html
NIITMTS,NIIT Learning Systems Limited,Pawar Family Trust (Through its Trustee Rajendra Singh Pawar),Promoter Group,18794,"4,240,490.00",16.42%,09-06-2026,09-06-2026,https://nsearchives.nseindia.com/corporate/ixbrl/IT_20260610_173906614_WEB.html
NIITMTS,NIIT Learning Systems Limited,Thadani Family Trust (Through its Trustee Vijay Kumar Thadani),Promoter Group,37500,"8,406,750.00",16.80%,08-06-2026,08-06-2026,https://nsearchives.nseindia.com/corporate/ixbrl/IT_20260610_173906614_WEB.html
NIITMTS,NIIT Learning Systems Limited,Thadani Family Trust (Through its Trustee Vijay Kumar Thadani),Promoter Group,18794,"4,243,497.00",16.82%,09-06-2026,09-06-2026,https://nsearchives.nseindia.com/corporate/ixbrl/IT_20260610_173906614_WEB.html
LANDMARK,Landmark Cars Limited,Aryaman Sanjay Thakker,Promoter Group,5000,"2,106,684.00",0.11%,10-06-2026,10-06-2026,https://nsearchives.nseindia.com/corporate/ixbrl/IT_20260610_171813254_WEB.html
NIITLTD,NIIT Limited,Pawar Family Trust,Promoter Group,585000,"54,584,250.00",19.60%,05-06-2026,08-06-2026,https://nsearchives.nseindia.com/corporate/ixbrl/IT_20260610_155432585_WEB.html
NIITLTD,NIIT Limited,Thadani Family Trust,Promoter Group,585000,"54,592,200.00",20.00%,05-06-2026,08-06-2026,https://nsearchives.nseindia.com/corporate/ixbrl/IT_20260610_155432585_WEB.html
NIITLTD,NIIT Limited,Pawar Family Trust,Promoter Group,170500,"16,523,155.00",19.72%,09-06-2026,09-06-2026,https://nsearchives.nseindia.com/corporate/ixbrl/IT_20260610_155432585_WEB.html
NIITLTD,NIIT Limited,Thadani Family Trust,Promoter Group,170500,"16,528,270.00",20.12%,09-06-2026,09-06-2026,https://nsearchives.nseindia.com/corporate/ixbrl/IT_20260610_155432585_WEB.html
STEL,STEL HOLDINGS LIMITED,LEBNITZE REAL ESTATES PVT LTD,Promoter Group,4356,"2,208,407.00",2.90%,08-06-2026,08-06-2026,https://nsearchives.nseindia.com/corporate/ixbrl/IT_20260610_145922953_WEB.html
STEL,STEL HOLDINGS LIMITED,LEBNITZE REAL ESTATES PVT LTD,Promoter Group,413,"209,381.00",2.90%,08-06-2026,08-06-2026,https://nsearchives.nseindia.com/corporate/ixbrl/IT_20260610_145922953_WEB.html
STEL,STEL HOLDINGS LIMITED,LEBNITZE REAL ESTATES PVT LTD,Promoter Group,562,"292,565.00",2.91%,09-06-2026,09-06-2026,https://nsearchives.nseindia.com/corporate/ixbrl/IT_20260610_145922953_WEB.html
SINCLAIR,SINCLAIRS HOTELS LIMITED,NAVIN CHAND SUCHANTI,Promoter,30531,"2,314,026.00",6.91%,08-06-2026,09-06-2026,https://nsearchives.nseindia.com/corporate/ixbrl/IT_20260610_134246682_WEB.html
AEROENTER,AEROFLEX ENTERPRISES LIMITED,A Flex Invest Private Limited,Promoter Group,174000,"17,824,560.00",6.99%,08-06-2026,09-06-2026,https://nsearchives.nseindia.com/corporate/ixbrl/IT_20260609_190841484_WEB.html
MSPL,MSP STEEL & POWER LTD,Ginny Traders Private Limited,Promoter Group,2350000,"99,400,300.00",1.90%,02-06-2026,02-06-2026,https://nsearchives.nseindia.com/corporate/ixbrl/IT_20260609_173556529_WEB.html
MSPL,MSP STEEL & POWER LTD,Sampat Marketing Company Pvt Ltd,Promoter Group,1105000,"45,640,581.00",1.99%,02-06-2026,03-06-2026,https://nsearchives.nseindia.com/corporate/ixbrl/IT_20260609_173556529_WEB.html
VSTL,VIBHOR STEEL TUBES LIMITED,VIJAY KUMAR KAUSHIK,Promoter and Director,7350,"853,528.00",21.91%,08-06-2026,08-06-2026,https://nsearchives.nseindia.com/corporate/ixbrl/IT_20260609_145300807_WEB.html
STANLEY,STANLEY LIFESTYLES LIMITED,Sunil Suresh,Promoter and Director,101000,"14,688,935.00",28.47%,03-06-2026,03-06-2026,https://nsearchives.nseindia.com/corporate/ixbrl/IT_20260608_182822508_WEB.html
TIGERLOGS,Tiger Logistics (India) Limited,Brahma Suppliers Private Limited,Promoter Group,10000,"348,071.00",33.13%,05-06-2026,05-06-2026,https://nsearchives.nseindia.com/corporate/ixbrl/IT_20260608_181230600_WEB.html
MOTOGENFIN,THE MOTOR & GENERAL FINANCE LIMITED,RAM PRAKASH & CO.(P) LTD,Promoter Group,16000,"464,317.00",7.04%,08-06-2026,08-06-2026,https://nsearchives.nseindia.com/corporate/ixbrl/IT_20260608_151956543_WEB.html
AURUM,Aurum PropTech Limited,Aurum RealEstate Developers Limited,Promoter,25000,"4,788,163.00",47.70%,05-06-2026,05-06-2026,https://nsearchives.nseindia.com/corporate/ixbrl/IT_20260608_104543322_WEB.html
JARO,JARO INSTITUTE OF TECHNOLOGY MANAGEMENT AND RESEARCH LIMITED,Sanjay Namdeo Salunkhe,Promoter,52154,"31,878,767.00",55.07%,04-06-2026,04-06-2026,https://nsearchives.nseindia.com/corporate/ixbrl/IT_20260606_192834631_WEB.html
TIGERLOGS,Tiger Logistics (India) Limited,Brahma Suppliers Private Limited,Promoter Group,15322,"508,853.00",33.12%,04-06-2026,04-06-2026,https://nsearchives.nseindia.com/corporate/ixbrl/IT_20260605_203352505_WEB.html
TIGERLOGS,Tiger Logistics (India) Limited,Brahma Suppliers Private Limited,Promoter Group,4678,"156,522.00",33.12%,04-06-2026,04-06-2026,https://nsearchives.nseindia.com/corporate/ixbrl/IT_20260605_203352505_WEB.html
PNGSREVA,PNGS REVA DIAMOND JEWELLERY LIMITED,P. N. Gadgil & Sons Limited,Promoter,160000,"62,652,800.00",13.77%,05-06-2026,05-06-2026,https://nsearchives.nseindia.com/corporate/ixbrl/IT_20260605_184800764_WEB.html
LAOPALA,LA OPALA RG LIMITED,GENESIS EXPORTS PRIVATE LIMITED,Promoter,45000,"7,882,532.00",47.03%,03-06-2026,04-06-2026,https://nsearchives.nseindia.com/corporate/ixbrl/IT_20260605_170826638_WEB.html
NCLIND,NCL INDUSTRIES LIMITED,Kalidindi Ravi,Promoter and Director,3000,"540,000.00",6.85%,04-06-2026,04-06-2026,https://nsearchives.nseindia.com/corporate/ixbrl/IT_20260605_123315120_WEB.html
GEMAROMA,Gem Aromatics Limited,Yash Parekh,Promoter and Director,85000,"12,669,497.00",9.54%,04-06-2026,04-06-2026,https://nsearchives.nseindia.com/corporate/ixbrl/IT_20260604_180434521_WEB.html
STEL,STEL HOLDINGS LIMITED,LEBNITZE REAL ESTATES PVT LTD,Promoter Group,4486,"2,146,524.00",2.81%,02-06-2026,02-06-2026,https://nsearchives.nseindia.com/corporate/ixbrl/IT_20260604_173300329_WEB.html
STEL,STEL HOLDINGS LIMITED,LEBNITZE REAL ESTATES PVT LTD,Promoter Group,897,"431,434.00",2.82%,02-06-2026,02-06-2026,https://nsearchives.nseindia.com/corporate/ixbrl/IT_20260604_173300329_WEB.html
STEL,STEL HOLDINGS LIMITED,LEBNITZE REAL ESTATES PVT LTD,Promoter Group,2984,"1,463,409.00",2.83%,03-06-2026,03-06-2026,https://nsearchives.nseindia.com/corporate/ixbrl/IT_20260604_173300329_WEB.html
STEL,STEL HOLDINGS LIMITED,LEBNITZE REAL ESTATES PVT LTD,Promoter Group,267,"130,941.00",2.83%,03-06-2026,03-06-2026,https://nsearchives.nseindia.com/corporate/ixbrl/IT_20260604_173300329_WEB.html
MOTOGENFIN,THE MOTOR & GENERAL FINANCE LIMITED,RAM PRAKASH & CO.(P) LTD,Promoter Group,50293,"1,378,869.00",6.84%,04-06-2026,04-06-2026,https://nsearchives.nseindia.com/corporate/ixbrl/IT_20260604_155934585_WEB.html
JARO,JARO INSTITUTE OF TECHNOLOGY MANAGEMENT AND RESEARCH LIMITED,Sanjay Namdeo Salunkhe,Promoter,56531,"33,582,185.00",54.84%,03-06-2026,03-06-2026,https://nsearchives.nseindia.com/corporate/ixbrl/IT_20260604_141044617_WEB.html
GEMAROMA,Gem Aromatics Limited,Yash Parekh,Promoter and Director,143760,"21,811,670.00",9.38%,02-06-2026,02-06-2026,https://nsearchives.nseindia.com/corporate/ixbrl/IT_20260604_123410605_WEB.html
AURUM,Aurum PropTech Limited,Aurum RealEstate Developers Limited,Promoter,25000,"4,512,929.00",47.64%,03-06-2026,03-06-2026,https://nsearchives.nseindia.com/corporate/ixbrl/IT_20260604_104436607_WEB.html
MOTOGENFIN,THE MOTOR & GENERAL FINANCE LIMITED,RAM PRAKASH & CO.(P) LTD,Promoter Group,46487,"1,240,526.00",6.70%,03-06-2026,03-06-2026,https://nsearchives.nseindia.com/corporate/ixbrl/IT_20260603_163350626_WEB.html
LAOPALA,LA OPALA RG LIMITED,GENESIS EXPORTS PRIVATE LIMITED,Promoter,60000,"10,329,744.00",46.99%,02-06-2026,02-06-2026,https://nsearchives.nseindia.com/corporate/ixbrl/IT_20260603_150442603_WEB.html
LANDMARK,Landmark Cars Limited,Aryaman Sanjay Thakker,Promoter Group,10000,"3,702,960.00",0.08%,02-06-2026,02-06-2026,https://nsearchives.nseindia.com/corporate/ixbrl/IT_20260602_182149864_WEB.html
JARO,JARO INSTITUTE OF TECHNOLOGY MANAGEMENT AND RESEARCH LIMITED,Sanjay Namdeo Salunkhe,Promoter,13669,"7,692,963.00",54.48%,29-05-2026,29-05-2026,https://nsearchives.nseindia.com/corporate/ixbrl/IT_20260602_003800859_WEB.html
PARADEEP,PARADEEP PHOSPHATES LIMITED,ZUARI MAROC PHOSPHATES PRIVATE LIMITED,Promoter,80000,"10,168,800.00",50.36%,29-05-2026,29-05-2026,https://nsearchives.nseindia.com/corporate/ixbrl/IT_20260602_003635468_WEB.html
PARADEEP,PARADEEP PHOSPHATES LIMITED,ZUARI MAROC PHOSPHATES PRIVATE LIMITED,Promoter,80000,"10,208,800.00",50.35%,26-05-2026,26-05-2026,https://nsearchives.nseindia.com/corporate/ixbrl/IT_20260527_124732_WEB.html
FIBERWEB,Fiberweb (India) Limited,Pravin V Sheth,Promoter and Director,10000,"291,869.00",5.81%,21-05-2026,21-05-2026,https://nsearchives.nseindia.com/corporate/ixbrl/IT_20260525_125628_WEB.html
FIBERWEB,Fiberweb (India) Limited,GAYATRI PIPES AND FITTINGS PRIVATE LIMITED,Promoter Group,13002,"383,506.00",12.37%,21-05-2026,21-05-2026,https://nsearchives.nseindia.com/corporate/ixbrl/IT_20260525_125628_WEB.html
JARO,JARO INSTITUTE OF TECHNOLOGY MANAGEMENT AND RESEARCH LIMITED,Sanjay Namdeo Salunkhe,Promoter,57399,"32,917,406.00",54.42%,22-05-2026,22-05-2026,https://nsearchives.nseindia.com/corporate/ixbrl/IT_20260523_151831_WEB.html
EUROPRATIK,Euro Pratik Sales Limited,Jai Gunwantraj Singhvi,Promoter,166600,"44,903,448.00",22.85%,19-05-2026,21-05-2026,https://nsearchives.nseindia.com/corporate/ixbrl/IT_20260521_222534_WEB.html
EUROPRATIK,Euro Pratik Sales Limited,Pratik Gunvantraj Singhvi,Promoter and Director,1005423,"268,683,992.00",5.03%,19-05-2026,21-05-2026,https://nsearchives.nseindia.com/corporate/ixbrl/IT_20260521_222534_WEB.html
EUROPRATIK,Euro Pratik Sales Limited,Jai Gunvantraj Singhvi,Promoter and Director,1109157,"297,020,886.00",5.08%,19-05-2026,21-05-2026,https://nsearchives.nseindia.com/corporate/ixbrl/IT_20260521_222534_WEB.html
JARO,JARO INSTITUTE OF TECHNOLOGY MANAGEMENT AND RESEARCH LIMITED,Sanjay Namdeo Salunkhe,Promoter,6755,"3,501,783.00",53.80%,20-05-2026,20-05-2026,https://nsearchives.nseindia.com/corporate/ixbrl/IT_20260521_181348_WEB.html
PNGSREVA,PNGS Reva Diamond Jewellery Limited,Govind Vishwanath Gadgil,Promoter,160000,"58,524,800.00",23.33%,18-05-2026,18-05-2026,https://nsearchives.nseindia.com/corporate/ixbrl/IT_20260518_201422_WEB.html
JARO,JARO INSTITUTE OF TECHNOLOGY MANAGEMENT AND RESEARCH LIMITED,Sanjay Namdeo Salunkhe,Promoter,146745,"75,553,620.00",52.83%,14-05-2026,14-05-2026,https://nsearchives.nseindia.com/corporate/ixbrl/IT_20260516_152950_WEB.html
NCLIND,NCL INDUSTRIES LIMITED,Kalidindi Ravi,Promoter and Director,1698,"294,552.00",7.20%,13-08-2026,13-08-2026,https://nsearchives.nseindia.com/corporate/ixbrl/IT_2568_20260814_103410499_WEB.html
NCLIND,NCL INDUSTRIES LIMITED,Kalidindi Ravi,Promoter and Director,79419,"13,900,341.00",7.19%,10-08-2026,11-08-2026,https://nsearchives.nseindia.com/corporate/ixbrl/IT_2568_20260812_174931963_WEB.html
NCLIND,NCL INDUSTRIES LIMITED,Kakatiya Industries Pvt.Ltd,Promoter Group,7261,"1,268,058.00",1.40%,10-08-2026,11-08-2026,https://nsearchives.nseindia.com/corporate/ixbrl/IT_2568_20260812_174931963_WEB.html
NCLIND,NCL INDUSTRIES LIMITED,VIKRAM CHEMICALS PRIVATE LIMITED,Promoter Group,3800,"662,208.00",0.04%,10-08-2026,11-08-2026,https://nsearchives.nseindia.com/corporate/ixbrl/IT_2568_20260812_174931963_WEB.html
OBCL,OBCL LIMITED,OBCL INFRASTRUCTURE PRIVATE LIMITED,Promoter Group,7101,"379,842.00",9.84%,06-08-2026,10-08-2026,https://nsearchives.nseindia.com/corporate/ixbrl/IT_20443_20260811_155652381_WEB.html
THANGAMAYL,THANGAMAYIL JEWELLERY LIMITED,THANGAMAYIL GOLD AND DIAMOND PRIVATE LIMITED,Promoter Group,4250,"22,398,800.00",5.49%,07-08-2026,07-08-2026,https://nsearchives.nseindia.com/corporate/ixbrl/IT_3067_20260811_124929643_WEB.html
AVONMORE,AVONMORE CAPITAL & MANAGEMENT SERVICES LIMITED,INNOVATIVE MONEY MATTERS PRIVATE LIMITED,Promoter,300000,"3,386,121.00",33.24%,10-08-2026,10-08-2026,https://nsearchives.nseindia.com/corporate/ixbrl/IT_20397_20260811_103948643_WEB.html
TRUALT,TRUALT BIOENERGY LIMITED,NIRANI HOLDINGS PRIVATE LIMITED,Promoter Group,57801,"27,638,126.00",1.63%,10-08-2026,10-08-2026,https://nsearchives.nseindia.com/corporate/ixbrl/IT_24291_20260810_190720578_WEB.html
CHEMBONDCH,CHEMBOND CHEMICALS LIMITED,NIRMAL V SHAH,Promoter and Director,10000,"2,300,000.00",26.05%,06-08-2026,06-08-2026,https://nsearchives.nseindia.com/corporate/ixbrl/IT_26029_20260809_145046436_WEB.html
CHEMBONDCH,CHEMBOND CHEMICALS LIMITED,MAMTA N SHAH,Promoter Group,20500,"4,715,000.00",0.77%,06-08-2026,06-08-2026,https://nsearchives.nseindia.com/corporate/ixbrl/IT_26029_20260809_145046436_WEB.html
TRUALT,TRUALT BIOENERGY LIMITED,NIRANI HOLDINGS PRIVATE LIMITED,Promoter Group,21600,"10,000,363.00",1.45%,05-08-2026,05-08-2026,https://nsearchives.nseindia.com/corporate/ixbrl/IT_24291_20260807_153232932_WEB.html
BMWVENTLTD,BMW VENTURES LIMITED,SHIVANSH KISHOREPURIA,Promoter Group,85000,"5,107,928.00",0.10%,05-08-2026,05-08-2026,https://nsearchives.nseindia.com/corporate/ixbrl/IT_24065_20260806_155840243_WEB.html
SESHAPAPER,SESHASAYEE PAPER AND BOARDS LIMITED,DHANASHREE INVESTMENTS PRIVATE LIMITED,Promoter Group,20695,"4,850,664.00",4.98%,30-07-2026,30-07-2026,https://nsearchives.nseindia.com/corporate/ixbrl/IT_118_20260730_173712302_WEB.html
DBOL,Dhampur Bio Organics Limited,Sonitron Limited,Promoter Group,3719,"379,338.00",17.28%,24-07-2026,24-07-2026,https://nsearchives.nseindia.com/corporate/ixbrl/IT_20812_20260728_183358502_WEB.html
DBOL,Dhampur Bio Organics Limited,Sonitron Limited,Promoter Group,5549,"565,998.00",17.29%,27-07-2026,27-07-2026,https://nsearchives.nseindia.com/corporate/ixbrl/IT_20812_20260728_183358502_WEB.html
GANESHCP,GANESH CONSUMER PRODUCTS LIMITED,Manish Mimani,Promoter and Director,31100,"5,997,467.00",6.66%,30-06-2026,30-06-2026,https://nsearchives.nseindia.com/corporate/ixbrl/IT_25074_20260703_115102118_WEB.html
WCIL,WESTERN CARRIERS (INDIA) LIMITED,RAJENDRA SETHIA,Promoter and Director,1106,"110,379.00",72.82%,29-06-2026,29-06-2026,https://nsearchives.nseindia.com/corporate/ixbrl/IT_22116_20260630_202708536_WEB.html
WCIL,WESTERN CARRIERS (INDIA) LIMITED,RAJENDRA SETHIA,Promoter and Director,5000,"503,500.00",72.83%,30-06-2026,30-06-2026,https://nsearchives.nseindia.com/corporate/ixbrl/IT_22116_20260630_202708536_WEB.html
SESHAPAPER,SESHASAYEE PAPER AND BOARDS LIMITED,TIME SQUARE INVESTMENTS PRIVATE LIMITED,Promoter Group,3767,"848,764.00",10.22%,29-06-2026,29-06-2026,https://nsearchives.nseindia.com/corporate/ixbrl/IT_118_20260629_184332278_WEB.html
MANINFRA,MAN INFRACONSTRUCTION LIMITED,Parag K. Shah,Promoter and Director,250000,"26,297,500.00",29.72%,25-06-2026,25-06-2026,https://nsearchives.nseindia.com/corporate/ixbrl/IT_3094_20260629_091847271_WEB.html
LYKALABS,Lyka Labs Limited,Kunal Gandhi,Promoter,6533,"460,482.00",9.81%,25-06-2026,25-06-2026,https://nsearchives.nseindia.com/corporate/ixbrl/IT_1127_20260626_173630829_WEB.html
LYKALABS,Lyka Labs Limited,Nehal Gandhi,Promoter,33122,"2,341,493.00",3.35%,24-06-2026,25-06-2026,https://nsearchives.nseindia.com/corporate/ixbrl/IT_1127_20260626_173630829_WEB.html
LYKALABS,Lyka Labs Limited,Alisha Gandhi,Promoter Group,5000,"339,569.00",0.14%,24-06-2026,24-06-2026,https://nsearchives.nseindia.com/corporate/ixbrl/IT_1127_20260626_173630829_WEB.html
LYKALABS,Lyka Labs Limited,Enai Trading and Investment Pvt.,Promoter Group,11312,"805,323.00",2.83%,24-06-2026,24-06-2026,https://nsearchives.nseindia.com/corporate/ixbrl/IT_1127_20260626_173630829_WEB.html
NRL,NUPUR RECYCLERS LIMITED,NUPUR GUPTA,Promoter Group,50400,"4,186,225.00",0.52%,24-06-2026,24-06-2026,https://nsearchives.nseindia.com/corporate/ixbrl/IT_20108_20260626_155701561_WEB.html
NCLIND,NCL INDUSTRIES LIMITED,Kalidindi Ravi,Promoter and Director,1000,"193,000.00",7.00%,25-06-2026,25-06-2026,https://nsearchives.nseindia.com/corporate/ixbrl/IT_2568_20260626_152553487_WEB.html
NCLIND,NCL INDUSTRIES LIMITED,Kakatiya Industries Pvt.Ltd,Promoter Group,3000,"579,510.00",1.38%,25-06-2026,25-06-2026,https://nsearchives.nseindia.com/corporate/ixbrl/IT_2568_20260626_152553487_WEB.html
NCLIND,NCL INDUSTRIES LIMITED,VIKRAM CHEMICALS PRIVATE LIMITED,Promoter Group,3700,"714,618.00",0.01%,25-06-2026,25-06-2026,https://nsearchives.nseindia.com/corporate/ixbrl/IT_2568_20260626_152553487_WEB.html
SESHAPAPER,SESHASAYEE PAPER AND BOARDS LIMITED,ULTRA INVESTMENTS AND LEASING COMPANY PRIVATE LIMITED,Promoter Group,20000,"4,496,498.00",1.50%,25-06-2026,25-06-2026,https://nsearchives.nseindia.com/corporate/ixbrl/IT_118_20260626_143107377_WEB.html
GANESHCP,GANESH CONSUMER PRODUCTS LIMITED,Manish Mimani,Promoter and Director,50000,"10,000,475.00",6.58%,23-06-2026,23-06-2026,https://nsearchives.nseindia.com/corporate/ixbrl/IT_25074_20260626_120611461_WEB.html
STEL,STEL HOLDINGS LIMITED,SOFREAL MERCANTRADE PRIVATE LTD,Promoter Group,6061,"3,702,340.00",1.26%,24-06-2026,24-06-2026,https://nsearchives.nseindia.com/corporate/ixbrl/IT_4020_20260626_103402978_WEB.html
PNGSREVA,PNGS REVA DIAMOND JEWELLERY LIMITED,P. N. Gadgil & Sons Limited,Promoter,238,"91,630.00",13.92%,24-06-2026,24-06-2026,https://nsearchives.nseindia.com/corporate/ixbrl/IT_26347_20260625_174458869_WEB.html
MOTOGENFIN,THE MOTOR & GENERAL FINANCE LIMITED,RAM PRAKASH & CO.(P) LTD,Promoter Group,5916,"177,480.00",7.78%,25-06-2026,25-06-2026,https://nsearchives.nseindia.com/corporate/ixbrl/IT_279_20260625_172157616_WEB.html
PARADEEP,PARADEEP PHOSPHATES LIMITED,ZUARI MAROC PHOSPHATES PRIVATE LIMITED,Promoter,80273,"10,671,493.00",50.37%,18-06-2026,18-06-2026,https://nsearchives.nseindia.com/corporate/ixbrl/IT_19922_20260623_162430288_WEB.html
PARADEEP,PARADEEP PHOSPHATES LIMITED,ZUARI MAROC PHOSPHATES PRIVATE LIMITED,Promoter,65000,"8,871,850.00",50.37%,19-06-2026,19-06-2026,https://nsearchives.nseindia.com/corporate/ixbrl/IT_19922_20260623_162430288_WEB.html
AURUM,Aurum PropTech Limited,Aurum RealEstate Developers Limited,Promoter,30000,"6,235,185.00",47.91%,22-06-2026,22-06-2026,https://nsearchives.nseindia.com/corporate/ixbrl/IT_12987_20260623_104742804_WEB.html
MSPL,MSP STEEL & POWER LIMITED,Shree Vinay Finvest P Ltd.,Promoter Group,730000,"31,466,285.00",4.03%,16-06-2026,16-06-2026,https://nsearchives.nseindia.com/corporate/ixbrl/IT_2306_20260622_173123687_WEB.html
MSPL,MSP STEEL & POWER LIMITED,Ginny Traders Pvt Ltd,Promoter Group,530000,"22,755,497.00",2.16%,16-06-2026,16-06-2026,https://nsearchives.nseindia.com/corporate/ixbrl/IT_2306_20260622_173123687_WEB.html
MSPL,MSP STEEL & POWER LIMITED,Ginny Traders Pvt Ltd,Promoter Group,1250000,"52,696,485.00",2.38%,17-06-2026,18-06-2026,https://nsearchives.nseindia.com/corporate/ixbrl/IT_2306_20260622_173123687_WEB.html
MSPL,MSP STEEL & POWER LIMITED,Sampat Marketing Company Pvt Ltd,Promoter Group,890000,"38,831,857.00",2.46%,16-06-2026,16-06-2026,https://nsearchives.nseindia.com/corporate/ixbrl/IT_2306_20260622_173123687_WEB.html
MSPL,MSP STEEL & POWER LIMITED,Sampat Marketing Company Pvt Ltd,Promoter Group,1100000,"46,406,030.00",2.65%,17-06-2026,17-06-2026,https://nsearchives.nseindia.com/corporate/ixbrl/IT_2306_20260622_173123687_WEB.html
MSPL,MSP STEEL & POWER LIMITED,Ilex Private Limited,Promoter Group,1000000,"42,397,025.00",3.21%,17-06-2026,18-06-2026,https://nsearchives.nseindia.com/corporate/ixbrl/IT_2306_20260622_173123687_WEB.html
MSPL,MSP STEEL & POWER LIMITED,M A Hire Purchase Private Limited,Promoter Group,950000,"40,069,290.00",3.20%,18-06-2026,18-06-2026,https://nsearchives.nseindia.com/corporate/ixbrl/IT_2306_20260622_173123687_WEB.html
MOTOGENFIN,THE MOTOR & GENERAL FINANCE LIMITED,RAM PRAKASH & CO.(P) LTD,Promoter Group,7574,"227,205.00",7.71%,22-06-2026,22-06-2026,https://nsearchives.nseindia.com/corporate/ixbrl/IT_279_20260622_164814441_WEB.html
GANESHCP,GANESH CONSUMER PRODUCTS LIMITED,MANISH MIMANI,Promoter and Director,50000,"9,969,935.00",6.46%,19-06-2026,19-06-2026,https://nsearchives.nseindia.com/corporate/ixbrl/IT_25074_20260622_154914774_WEB.html
FIBERWEB,Fiberweb (India) Limited,Pravin V Sheth,Promoter and Director,17695,"524,254.00",5.88%,17-06-2026,19-06-2026,https://nsearchives.nseindia.com/corporate/ixbrl/IT_19088_20260622_142531509_WEB.html
FIBERWEB,Fiberweb (India) Limited,GAYATRI PIPES AND FITTINGS PRIVATE LIMITED,Promoter Group,7000,"207,781.00",12.46%,16-06-2026,16-06-2026,https://nsearchives.nseindia.com/corporate/ixbrl/IT_19088_20260622_142531509_WEB.html
NINSYS,Nintec Systems Limited,Niraj Chhaganraj Gemawat,Promoter and Director,1000,"700,662.00",18.31%,19-06-2026,19-06-2026,https://nsearchives.nseindia.com/corporate/ixbrl/IT_21310_20260620_132858206_WEB.html
NINSYS,Nintec Systems Limited,Niraj Chhaganraj Gemawat,Promoter and Director,1000,"710,907.00",18.31%,19-06-2026,19-06-2026,https://nsearchives.nseindia.com/corporate/ixbrl/IT_21310_20260620_132858206_WEB.html
NINSYS,Nintec Systems Limited,Niraj Chhaganraj Gemawat,Promoter and Director,500,"359,598.00",18.31%,19-06-2026,19-06-2026,https://nsearchives.nseindia.com/corporate/ixbrl/IT_21310_20260620_132858206_WEB.html
NINSYS,Nintec Systems Limited,Niraj Chhaganraj Gemawat,Promoter and Director,200,"144,000.00",18.31%,19-06-2026,19-06-2026,https://nsearchives.nseindia.com/corporate/ixbrl/IT_21310_20260620_132858206_WEB.html
NINSYS,Nintec Systems Limited,Niraj Chhaganraj Gemawat,Promoter and Director,1000,"720,000.00",18.32%,19-06-2026,19-06-2026,https://nsearchives.nseindia.com/corporate/ixbrl/IT_21310_20260620_132858206_WEB.html
NINSYS,Nintec Systems Limited,Niraj Chhaganraj Gemawat,Promoter and Director,300,"216,000.00",18.32%,19-06-2026,19-06-2026,https://nsearchives.nseindia.com/corporate/ixbrl/IT_21310_20260620_132858206_WEB.html
STEL,STEL HOLDINGS LIMITED,SOFREAL MERCANTRADE PRIVATE LTD,Promoter Group,1921,"1,113,057.00",1.12%,17-06-2026,17-06-2026,https://nsearchives.nseindia.com/corporate/ixbrl/IT_4020_20260619_230912585_WEB.html
STEL,STEL HOLDINGS LIMITED,SOFREAL MERCANTRADE PRIVATE LTD,Promoter Group,13544,"8,115,025.00",1.19%,18-06-2026,18-06-2026,https://nsearchives.nseindia.com/corporate/ixbrl/IT_4020_20260619_230912585_WEB.html
APLLTD,Alembic Pharmaceuticals Limited,Nirayu Private Limited,Promoter Group,3278,"2,437,173.00",35.78%,18-06-2026,18-06-2026,https://nsearchives.nseindia.com/corporate/ixbrl/IT_5232_20260619_190952608_WEB.html
MOTOGENFIN,THE MOTOR & GENERAL FINANCE LIMITED,RAM PRAKASH & CO.(P) LTD,Promoter Group,14959,"448,770.00",7.69%,19-06-2026,19-06-2026,https://nsearchives.nseindia.com/corporate/ixbrl/IT_279_20260619_155552507_WEB.html
MSPL,MSP STEEL & POWER LIMITED,M A Hire Purchase Private Limited,Promoter Group,2400000,"100,796,400.00",3.03%,12-06-2026,15-06-2026,https://nsearchives.nseindia.com/corporate/ixbrl/IT_2306_20260618_171756029_WEB.html
MSPL,MSP STEEL & POWER LIMITED,Shree Vinay Finvest P Ltd.,Promoter Group,400000,"16,587,600.00",3.91%,12-06-2026,12-06-2026,https://nsearchives.nseindia.com/corporate/ixbrl/IT_2306_20260618_171756029_WEB.html
MSPL,MSP STEEL & POWER LIMITED,Sampat Marketing Company Pvt Ltd,Promoter Group,1025000,"42,828,848.00",2.30%,12-06-2026,15-06-2026,https://nsearchives.nseindia.com/corporate/ixbrl/IT_2306_20260618_171756029_WEB.html
ARSSBL,Anand Rathi Share and Stock Brokers Limited,Asha Biyani,Promoter Group,20000,"10,900,691.00",0.03%,16-06-2026,16-06-2026,https://nsearchives.nseindia.com/corporate/ixbrl/IT_25015_20260618_151113771_WEB.html
STEL,STEL HOLDINGS LIMITED,SOFREAL MERCANTRADE PRIVATE LTD,Promoter Group,3619,"2,091,964.00",1.11%,15-06-2026,15-06-2026,https://nsearchives.nseindia.com/corporate/ixbrl/IT_4020_20260618_111516908_WEB.html
WCIL,WESTERN CARRIERS (INDIA) LIMITED,RAJENDRA SETHIA,Promoter and Director,20000,"1,993,600.00",72.80%,16-06-2026,16-06-2026,https://nsearchives.nseindia.com/corporate/ixbrl/IT_22116_20260617_182612844_WEB.html
GOKUL,GOKUL REFOILS AND SOLVENT LIMITED,Bhikhiben Balvantsinh Rajput,Promoter,1000,"40,972.00",22.99%,16-06-2026,16-06-2026,https://nsearchives.nseindia.com/corporate/ixbrl/IT_2754_20260617_173135777_WEB.html
GOKUL,GOKUL REFOILS AND SOLVENT LIMITED,Bhikhiben Balvantsinh Rajput,Promoter,1000,"40,972.00",22.99%,16-06-2026,16-06-2026,https://nsearchives.nseindia.com/corporate/ixbrl/IT_2754_20260617_173135777_WEB.html
VISAKAIND,Visaka Industries Limited,VIGILANCE SECURITY SERVICES PRIVATE LIMITED,Promoter Group,450,"34,403.00",4.98%,16-06-2026,16-06-2026,https://nsearchives.nseindia.com/corporate/ixbrl/IT_1388_20260617_125026635_WEB.html
MBEL,M & B Engineering Limited,Birva Chirag Patel,Promoter and Director,10000,"3,065,597.00",7.03%,16-06-2026,16-06-2026,https://nsearchives.nseindia.com/corporate/ixbrl/IT_24557_20260617_085547709_WEB.html
MBEL,M & B Engineering Limited,Umaben Girishbhai Patel,Promoter and Director,10000,"3,095,979.00",2.83%,16-06-2026,16-06-2026,https://nsearchives.nseindia.com/corporate/ixbrl/IT_24557_20260617_085547709_WEB.html
TIGERLOGS,Tiger Logistics (India) Limited,Brahma Suppliers Private Limited,Promoter Group,20000,"705,928.00",33.17%,15-06-2026,15-06-2026,https://nsearchives.nseindia.com/corporate/ixbrl/IT_26474_20260616_181040558_WEB.html
MOTOGENFIN,THE MOTOR & GENERAL FINANCE LIMITED,RAM PRAKASH & CO.(P) LTD,Promoter Group,22826,"659,216.00",7.53%,16-06-2026,16-06-2026,https://nsearchives.nseindia.com/corporate/ixbrl/IT_279_20260616_170436158_WEB.html
FIBERWEB,Fiberweb (India) Limited,GAYATRI PIPES AND FITTINGS PRIVATE LIMITED,Promoter Group,20000,"582,128.00",12.44%,15-06-2026,15-06-2026,https://nsearchives.nseindia.com/corporate/ixbrl/IT_19088_20260616_151142967_WEB.html
INDIQUBE,Indiqube Spaces Limited,MEGHNA AGARWAL,Promoter and Director,5500,"878,953.00",15.89%,09-06-2026,09-06-2026,https://nsearchives.nseindia.com/corporate/ixbrl/IT_25080_20260615_214647161_WEB.html
GOKUL,GOKUL REFOILS AND SOLVENT LIMITED,Bhikhiben Balvantsinh Rajput,Promoter,2673,"113,749.00",22.97%,12-06-2026,12-06-2026,https://nsearchives.nseindia.com/corporate/ixbrl/IT_2754_20260615_182837464_WEB.html
GOKUL,GOKUL REFOILS AND SOLVENT LIMITED,Bhikhiben Balvantsinh Rajput,Promoter,16327,"685,166.00",22.98%,12-06-2026,12-06-2026,https://nsearchives.nseindia.com/corporate/ixbrl/IT_2754_20260615_182837464_WEB.html
MSPL,MSP STEEL & POWER LIMITED,M A Hire Purchase Private Limited,Promoter Group,765000,"31,359,569.00",2.42%,09-06-2026,09-06-2026,https://nsearchives.nseindia.com/corporate/ixbrl/IT_2306_20260615_164920793_WEB.html
MSPL,MSP STEEL & POWER LIMITED,Shree Vinay Finvest P Ltd.,Promoter Group,2050000,"83,172,570.00",3.84%,10-06-2026,11-06-2026,https://nsearchives.nseindia.com/corporate/ixbrl/IT_2306_20260615_164920793_WEB.html
MSPL,MSP STEEL & POWER LIMITED,Ilex Private Limited,Promoter Group,1340000,"54,480,782.00",2.92%,09-06-2026,09-06-2026,https://nsearchives.nseindia.com/corporate/ixbrl/IT_2306_20260615_164920793_WEB.html
MSPL,MSP STEEL & POWER LIMITED,M A Hire Purchase Private Limited,Promoter Group,1050000,"42,950,775.00",2.61%,10-06-2026,10-06-2026,https://nsearchives.nseindia.com/corporate/ixbrl/IT_2306_20260615_164920793_WEB.html
MSPL,MSP STEEL & POWER LIMITED,Ginny Traders Pvt Ltd,Promoter Group,900000,"36,573,750.00",2.06%,11-06-2026,11-06-2026,https://nsearchives.nseindia.com/corporate/ixbrl/IT_2306_20260615_164920793_WEB.html
SBCL,SHIVALIK BIMETAL CONTROLS LIMITED,Sumer Ghumman,Promoter and Director,2200,"1,483,929.00",3.78%,11-06-2026,11-06-2026,https://nsearchives.nseindia.com/corporate/ixbrl/IT_20260613_143256854_WEB.html
STEL,STEL HOLDINGS LIMITED,LEBNITZE REAL ESTATES PVT LTD,Promoter Group,350,"189,105.00",2.93%,11-06-2026,11-06-2026,https://nsearchives.nseindia.com/corporate/ixbrl/IT_20260612_173801264_WEB.html
STEL,STEL HOLDINGS LIMITED,LEBNITZE REAL ESTATES PVT LTD,Promoter Group,8011,"4,328,405.00",2.98%,11-06-2026,11-06-2026,https://nsearchives.nseindia.com/corporate/ixbrl/IT_20260612_173801264_WEB.html
NCLIND,NCL INDUSTRIES LIMITED,Kalidindi Ravi,Promoter and Director,7000,"1,261,470.00",6.99%,11-06-2026,11-06-2026,https://nsearchives.nseindia.com/corporate/ixbrl/IT_20260612_161752503_WEB.html
NCLIND,NCL INDUSTRIES LIMITED,VIKRAM CHEMICALS PRIVATE LIMITED,Promoter Group,1000,"180,000.00",0.00%,11-06-2026,11-06-2026,https://nsearchives.nseindia.com/corporate/ixbrl/IT_20260612_161752503_WEB.html
SINCLAIR,SINCLAIRS HOTELS LIMITED,NAVIN CHAND SUCHANTI,Promoter,21896,"1,681,380.00",6.95%,10-06-2026,11-06-2026,https://nsearchives.nseindia.com/corporate/ixbrl/IT_20260612_131309081_WEB.html
EVEREADY,EVEREADY INDUSTRIES INDIA LIMITED,GYAN ENTERPRISES PRIVATE LIMITED,Promoter,52202,"17,369,986.00",2.02%,10-06-2026,10-06-2026,https://nsearchives.nseindia.com/corporate/ixbrl/IT_20260612_112125532_WEB.html
EVEREADY,EVEREADY INDUSTRIES INDIA LIMITED,GYAN ENTERPRISES PRIVATE LIMITED,Promoter,59000,"19,704,802.00",2.10%,11-06-2026,11-06-2026,https://nsearchives.nseindia.com/corporate/ixbrl/IT_20260612_112125532_WEB.html
THOMASCOOK,THOMAS COOK (INDIA) LIMITED,FAIRBRIDGE CAPITAL MAURITIUS LIMITED,Promoter,1360664,"141,178,551.00",64.12%,08-06-2026,08-06-2026,https://nsearchives.nseindia.com/corporate/ixbrl/IT_20260612_103456089_WEB.html
THOMASCOOK,THOMAS COOK (INDIA) LIMITED,FAIRBRIDGE CAPITAL MAURITIUS LIMITED,Promoter,1383156,"150,683,919.00",64.42%,09-06-2026,09-06-2026,https://nsearchives.nseindia.com/corporate/ixbrl/IT_20260612_103456089_WEB.html
AEROENTER,AEROFLEX ENTERPRISES LIMITED,A Flex Invest Private Limited,Promoter Group,150000,"15,862,500.00",7.13%,10-06-2026,11-06-2026,https://nsearchives.nseindia.com/corporate/ixbrl/IT_20260611_191659172_WEB.html
TIGERLOGS,Tiger Logistics (India) Limited,Brahma Suppliers Private Limited,Promoter Group,20000,"722,531.00",33.15%,10-06-2026,10-06-2026,https://nsearchives.nseindia.com/corporate/ixbrl/IT_20260611_181426523_WEB.html
GOKUL,GOKUL REFOILS AND SOLVENT LIMITED,Bhikhiben Balvantsinh Rajput,Promoter,1000,"41,123.00",22.95%,10-06-2026,10-06-2026,https://nsearchives.nseindia.com/corporate/ixbrl/IT_20260611_165805270_WEB.html
GOKUL,GOKUL REFOILS AND SOLVENT LIMITED,Bhikhiben Balvantsinh Rajput,Promoter,3000,"123,020.00",22.96%,10-06-2026,10-06-2026,https://nsearchives.nseindia.com/corporate/ixbrl/IT_20260611_165805270_WEB.html
RGL,Renaissance Global Limited,Sumit Shah,Promoter and Director,256091,"26,056,348.00",1.24%,11-06-2026,11-06-2026,https://nsearchives.nseindia.com/corporate/ixbrl/IT_20260611_160456555_WEB.html
MSPL,MSP STEEL & POWER LIMITED,Sampat Marketing Company Pvt Ltd,Promoter Group,700000,"28,963,830.00",2.12%,04-06-2026,04-06-2026,https://nsearchives.nseindia.com/corporate/ixbrl/IT_20260611_135107007_WEB.html
MSPL,MSP STEEL & POWER LIMITED,Shree Vinay Finvest P Ltd.,Promoter Group,2850000,"117,572,474.00",3.47%,04-06-2026,08-06-2026,https://nsearchives.nseindia.com/corporate/ixbrl/IT_20260611_135107007_WEB.html
MSPL,MSP STEEL & POWER LIMITED,Ilex Private Limited,Promoter Group,1660000,"68,971,086.00",2.68%,05-06-2026,08-06-2026,https://nsearchives.nseindia.com/corporate/ixbrl/IT_20260611_135107007_WEB.html
AURUM,Aurum PropTech Limited,Aurum RealEstate Developers Limited,Promoter,20000,"3,674,965.00",47.78%,10-06-2026,10-06-2026,https://nsearchives.nseindia.com/corporate/ixbrl/IT_20260611_104847654_WEB.html
VSTL,VIBHOR STEEL TUBES LIMITED,VIJAY KUMAR KAUSHIK,Promoter and Director,4000,"472,704.00",21.93%,09-06-2026,09-06-2026,https://nsearchives.nseindia.com/corporate/ixbrl/IT_20260610_165111932_WEB.html
MOTOGENFIN,THE MOTOR & GENERAL FINANCE LIMITED,RAM PRAKASH & CO.(P) LTD,Promoter Group,16820,"506,626.00",7.37%,10-06-2026,10-06-2026,https://nsearchives.nseindia.com/corporate/ixbrl/IT_20260610_154820896_WEB.html
MOTOGENFIN,THE MOTOR & GENERAL FINANCE LIMITED,RAM PRAKASH & CO.(P) LTD,Promoter Group,109612,"3,274,270.00",7.32%,09-06-2026,09-06-2026,https://nsearchives.nseindia.com/corporate/ixbrl/IT_20260609_160255219_WEB.html
STANLEY,STANLEY LIFESTYLES LIMITED,Sunil Suresh,Promoter and Director,101000,"14,688,935.00",28.47%,03-06-2026,03-06-2026,https://nsearchives.nseindia.com/corporate/ixbrl/IT_20260608_182449791_WEB.html
VISAKAIND,Visaka Industries Limited,VIGILANCE SECURITY SERVICES PRIVATE LIMITED,Promoter Group,7842,"562,086.00",4.83%,04-06-2026,04-06-2026,https://nsearchives.nseindia.com/corporate/ixbrl/IT_20260608_172148598_WEB.html
VISAKAIND,Visaka Industries Limited,VIGILANCE SECURITY SERVICES PRIVATE LIMITED,Promoter Group,7000,"508,985.00",4.84%,05-06-2026,05-06-2026,https://nsearchives.nseindia.com/corporate/ixbrl/IT_20260608_172148598_WEB.html
STEL,STEL HOLDINGS LIMITED,LEBNITZE REAL ESTATES PVT LTD,Promoter Group,3828,"1,900,105.00",2.85%,04-06-2026,04-06-2026,https://nsearchives.nseindia.com/corporate/ixbrl/IT_20260608_150548384_WEB.html
STEL,STEL HOLDINGS LIMITED,LEBNITZE REAL ESTATES PVT LTD,Promoter Group,702,"348,453.00",2.86%,04-06-2026,04-06-2026,https://nsearchives.nseindia.com/corporate/ixbrl/IT_20260608_150548384_WEB.html
STEL,STEL HOLDINGS LIMITED,LEBNITZE REAL ESTATES PVT LTD,Promoter Group,3509,"1,753,464.00",2.88%,05-06-2026,05-06-2026,https://nsearchives.nseindia.com/corporate/ixbrl/IT_20260608_150548384_WEB.html
STEL,STEL HOLDINGS LIMITED,LEBNITZE REAL ESTATES PVT LTD,Promoter Group,101,"50,470.00",2.88%,05-06-2026,05-06-2026,https://nsearchives.nseindia.com/corporate/ixbrl/IT_20260608_150548384_WEB.html
WCIL,WESTERN CARRIERS (INDIA) LIMITED,RAJENDRA SETHIA,Promoter and Director,16585,"1,583,204.00",72.78%,05-06-2026,05-06-2026,https://nsearchives.nseindia.com/corporate/ixbrl/IT_20260606_134908795_WEB.html
AEROENTER,AEROFLEX ENTERPRISES LIMITED,A Flex Invest Private Limited,Promoter Group,233500,"23,753,120.00",6.84%,04-06-2026,05-06-2026,https://nsearchives.nseindia.com/corporate/ixbrl/IT_20260605_202900601_WEB.html
AJMERA,AJMERA REALTY & INFRA INDIA LIMITED,Atul Chhotalal Ajmera,Promoter,107000,"12,436,470.00",0.05%,02-06-2026,04-06-2026,https://nsearchives.nseindia.com/corporate/ixbrl/IT_20260604_191649470_WEB.html
AJMERA,AJMERA REALTY & INFRA INDIA LIMITED,Sanjay Chhotalal Ajmera,Promoter,107000,"12,426,940.00",0.05%,02-06-2026,04-06-2026,https://nsearchives.nseindia.com/corporate/ixbrl/IT_20260604_191649470_WEB.html
AJMERA,AJMERA REALTY & INFRA INDIA LIMITED,Dhaval Rajnikant Ajmera,Promoter,257000,"29,716,630.00",0.13%,02-06-2026,04-06-2026,https://nsearchives.nseindia.com/corporate/ixbrl/IT_20260604_191649470_WEB.html
AJMERA,AJMERA REALTY & INFRA INDIA LIMITED,Manoj Ishwarlal Ajmera,Promoter,170000,"19,043,400.00",0.09%,02-06-2026,04-06-2026,https://nsearchives.nseindia.com/corporate/ixbrl/IT_20260604_191649470_WEB.html
MACPOWER,MACPOWER CNC MACHINES LIMITED,Rupeshkumar Jagdishchandra Mehta,Promoter and Director,500,"469,625.00",31.57%,04-06-2026,04-06-2026,https://nsearchives.nseindia.com/corporate/ixbrl/IT_20260604_180423375_WEB.html
SINCLAIR,SINCLAIRS HOTELS LIMITED,NAVIN CHAND SUCHANTI,Promoter,42614,"3,177,558.00",6.65%,02-06-2026,03-06-2026,https://nsearchives.nseindia.com/corporate/ixbrl/IT_20260604_151225139_WEB.html
GOCOLORS,GO FASHION (INDIA) LIMITED,MAHALAKSHMI ELECTRONICS PRIVATE LIMITED,Promoter Group,112000,"39,285,120.00",0.21%,27-05-2026,27-05-2026,https://nsearchives.nseindia.com/corporate/ixbrl/IT_20260603_182220531_WEB.html
GOCOLORS,GO FASHION (INDIA) LIMITED,MAHALAKSHMI ELECTRONICS PRIVATE LIMITED,Promoter Group,12600,"3,951,486.00",0.24%,29-05-2026,29-05-2026,https://nsearchives.nseindia.com/corporate/ixbrl/IT_20260603_182220531_WEB.html
GOCOLORS,GO FASHION (INDIA) LIMITED,MAHALAKSHMI ELECTRONICS PRIVATE LIMITED,Promoter Group,29659,"9,602,102.00",0.29%,01-06-2026,01-06-2026,https://nsearchives.nseindia.com/corporate/ixbrl/IT_20260603_182220531_WEB.html
GOCOLORS,GO FASHION (INDIA) LIMITED,MAHALAKSHMI ELECTRONICS PRIVATE LIMITED,Promoter Group,500000,"183,115,000.00",1.24%,03-06-2026,03-06-2026,https://nsearchives.nseindia.com/corporate/ixbrl/IT_20260603_182220531_WEB.html
NCLIND,NCL INDUSTRIES LIMITED,Kalidindi Ravi,Promoter and Director,2000,"363,000.00",6.84%,01-06-2026,01-06-2026,https://nsearchives.nseindia.com/corporate/ixbrl/IT_20260603_163241116_WEB.html
LANDMARK,Landmark Cars Limited,Aryaman Sanjay Thakker,Promoter Group,10000,"3,702,960.00",0.08%,02-06-2026,02-06-2026,https://nsearchives.nseindia.com/corporate/ixbrl/IT_20260602_182117193_WEB.html
LANDMARK,Landmark Cars Limited,Sanjay Karsandas Thakker,Promoter and Director,13600,"5,036,026.00",36.38%,29-05-2026,29-05-2026,https://nsearchives.nseindia.com/corporate/ixbrl/IT_20260602_003714089_WEB.html
MACPOWER,MACPOWER CNC MACHINES LIMITED,Rupeshkumar Jagdishchandra Mehta,Promoter and Director,4233,"3,887,164.00",31.56%,01-06-2026,01-06-2026,https://nsearchives.nseindia.com/corporate/ixbrl/IT_20260601_184917772_WEB.html
PARADEEP,PARADEEP PHOSPHATES LIMITED,ZUARI MAROC PHOSPHATES PRIVATE LIMITED,Promoter,80000,"10,168,800.00",50.36%,29-05-2026,29-05-2026,https://nsearchives.nseindia.com/corporate/ixbrl/IT_20260601_172643711_WEB.html
APLLTD,Alembic Pharmaceuticals Limited,Nirayu Private Limited,Promoter Group,78000,"59,478,310.00",35.72%,26-05-2026,27-05-2026,https://nsearchives.nseindia.com/corporate/ixbrl/IT_20260528_111908_WEB.html
APLLTD,Alembic Pharmaceuticals Limited,Nirayu Private Limited,Promoter Group,60000,"45,478,352.00",35.68%,22-05-2026,25-05-2026,https://nsearchives.nseindia.com/corporate/ixbrl/IT_20260525_195303_WEB.html
GREENPANEL,Greenpanel Industries Limited,Shobhan Mittal,Promoter and Director,164719,"30,280,183.00",13.72%,22-05-2026,22-05-2026,https://nsearchives.nseindia.com/corporate/ixbrl/IT_20260525_142730_WEB.html
JARO,JARO INSTITUTE OF TECHNOLOGY MANAGEMENT AND RESEARCH LIMITED,Sanjay Namdeo Salunkhe,Promoter,80769,"43,878,139.00",54.16%,21-05-2026,21-05-2026,https://nsearchives.nseindia.com/corporate/ixbrl/IT_20260522_133554_WEB.html
AURUM,AURUM PROPTECH LIMITED,Aurum RealEstate Developers Limited,Promoter,25000,"4,385,081.00",47.53%,19-05-2026,19-05-2026,https://nsearchives.nseindia.com/corporate/ixbrl/IT_20260519_194828_WEB.html
AURUM,AURUM PROPTECH LIMITED,Aurum RealEstate Developers Limited,Promoter,35000,"6,083,077.00",47.50%,18-05-2026,18-05-2026,https://nsearchives.nseindia.com/corporate/ixbrl/IT_20260518_194958_WEB.html
SUMEETINDS,SUMEET INDUSTRIES LIMITED,Eagle  Fibres Limited,Promoter Group,3700000,"54,834,000.00",4.13%,12-08-2026,12-08-2026,https://nsearchives.nseindia.com/corporate/ixbrl/IT_3809_20260813_115624406_WEB.html
SUMEETINDS,SUMEET INDUSTRIES LIMITED,JPB FIBRES,Promoter Group,3700000,"54,834,000.00",6.00%,12-08-2026,12-08-2026,https://nsearchives.nseindia.com/corporate/ixbrl/IT_3809_20260813_115624406_WEB.html
SUMEETINDS,SUMEET INDUSTRIES LIMITED,ROHAN D MODH,Promoter Group,3950000,"58,539,000.00",14.96%,12-08-2026,12-08-2026,https://nsearchives.nseindia.com/corporate/ixbrl/IT_3809_20260813_115624406_WEB.html
SUMEETINDS,SUMEET INDUSTRIES LIMITED,SUPREME( INDIA ) IMPEX LIMITED,Promoter Group,3550000,"52,611,000.00",1.84%,12-08-2026,12-08-2026,https://nsearchives.nseindia.com/corporate/ixbrl/IT_3809_20260813_115624406_WEB.html
TRUALT,TRUALT BIOENERGY LIMITED,NIRANI HOLDINGS PRIVATE LIMITED,Promoter Group,57801,"27,638,126.00",1.63%,10-08-2026,10-08-2026,https://nsearchives.nseindia.com/corporate/ixbrl/IT_24291_20260810_190347981_WEB.html
TRUALT,TRUALT BIOENERGY LIMITED,NIRANI HOLDINGS PRIVATE LIMITED,Promoter Group,91705,"43,664,418.00",1.56%,07-08-2026,07-08-2026,https://nsearchives.nseindia.com/corporate/ixbrl/IT_24291_20260807_203449321_WEB.html
DBOL,Dhampur Bio Organics Limited,Sonitron Limited,Promoter Group,25000,"2,815,225.00",17.33%,05-08-2026,05-08-2026,https://nsearchives.nseindia.com/corporate/ixbrl/IT_20812_20260807_190839670_WEB.html
DBOL,Dhampur Bio Organics Limited,Sonitron Limited,Promoter Group,15000,"1,664,845.00",17.35%,06-08-2026,06-08-2026,https://nsearchives.nseindia.com/corporate/ixbrl/IT_20812_20260807_190839670_WEB.html
OBCL,OBCL LIMITED,OBCL INFRASTRUCTURE PRIVATE LIMITED,Promoter Group,232,"12,412.00",9.49%,03-08-2026,05-08-2026,https://nsearchives.nseindia.com/corporate/ixbrl/IT_20443_20260806_171948390_WEB.html
OBCL,OBCL LIMITED,OBCL INFRASTRUCTURE PRIVATE LIMITED,Promoter Group,66849,"3,546,892.00",9.80%,03-08-2026,05-08-2026,https://nsearchives.nseindia.com/corporate/ixbrl/IT_20443_20260806_171948390_WEB.html
SENCO,SENCO GOLD LIMITED,Jai Hanuman Shri Siddhivinayak Trust (Trustee- Mr. Suvankar Sen & Mrs. Joita Sen),Promoter,8920,"2,987,130.00",41.49%,30-06-2026,30-06-2026,https://nsearchives.nseindia.com/corporate/ixbrl/IT_20714_20260703_194833980_WEB.html
SHYAMCENT,SHYAM CENTURY FERROUS LIMITED,Sumangal International Private Limited,Promoter Group,328159,"1,922,713.00",3.59%,29-06-2026,30-06-2026,https://nsearchives.nseindia.com/corporate/ixbrl/IT_12915_20260703_115026510_WEB.html
NCLIND,NCL INDUSTRIES LIMITED,Kalidindi Ravi,Promoter and Director,6189,"1,194,381.00",7.01%,29-06-2026,30-06-2026,https://nsearchives.nseindia.com/corporate/ixbrl/IT_2568_20260701_202152620_WEB.html
NCLIND,NCL INDUSTRIES LIMITED,Kakatiya Industries Pvt.Ltd,Promoter Group,4270,"826,750.00",1.39%,29-06-2026,30-06-2026,https://nsearchives.nseindia.com/corporate/ixbrl/IT_2568_20260701_202152620_WEB.html
NCLIND,NCL INDUSTRIES LIMITED,VIKRAM CHEMICALS PRIVATE LIMITED,Promoter Group,8911,"1,724,554.00",0.03%,29-06-2026,30-06-2026,https://nsearchives.nseindia.com/corporate/ixbrl/IT_2568_20260701_202152620_WEB.html
ASAHIINDIA,ASAHI INDIA GLASS LIMITED,LANS Business LLP,Promoter Group,5000,"4,251,250.00",0.03%,29-06-2026,29-06-2026,https://nsearchives.nseindia.com/corporate/ixbrl/IT_1672_20260701_165835158_WEB.html
NINSYS,Nintec Systems Limited,Niraj Chhaganraj Gemawat,Promoter and Director,2700,"2,182,282.00",18.42%,29-06-2026,29-06-2026,https://nsearchives.nseindia.com/corporate/ixbrl/IT_21310_20260701_134133946_WEB.html
NINSYS,Nintec Systems Limited,Niraj Chhaganraj Gemawat,Promoter and Director,300,"242,700.00",18.42%,29-06-2026,29-06-2026,https://nsearchives.nseindia.com/corporate/ixbrl/IT_21310_20260701_134133946_WEB.html
NINSYS,Nintec Systems Limited,Niraj Chhaganraj Gemawat,Promoter and Director,500,"411,910.00",18.42%,30-06-2026,30-06-2026,https://nsearchives.nseindia.com/corporate/ixbrl/IT_21310_20260701_134133946_WEB.html
NINSYS,Nintec Systems Limited,Niraj Chhaganraj Gemawat,Promoter and Director,3000,"2,482,834.00",18.44%,30-06-2026,30-06-2026,https://nsearchives.nseindia.com/corporate/ixbrl/IT_21310_20260701_134133946_WEB.html
VIVIANA,VIVIANA POWER TECH LIMITED,Priyanka Richi Choksi,Promoter and Director,4379,"3,623,803.00",2.09%,25-06-2026,29-06-2026,https://nsearchives.nseindia.com/corporate/ixbrl/IT_20783_20260630_105827892_WEB.html
SHYAMCENT,SHYAM CENTURY FERROUS LIMITED,Sri Ram Vanijya Private Limited,Promoter Group,292374,"1,571,736.00",3.95%,23-06-2026,24-06-2026,https://nsearchives.nseindia.com/corporate/ixbrl/IT_12915_20260629_185954917_WEB.html
GRMOVER,GRM OVERSEAS LIMITED,Mamta Garg,Promoter and Director,150000,"13,682,958.00",20.27%,24-06-2026,24-06-2026,https://nsearchives.nseindia.com/corporate/ixbrl/IT_20861_20260629_184232799_WEB.html
INDIQUBE,Indiqube Spaces Limited,MEGHNA AGARWAL,Promoter and Director,5000,"843,343.00",15.89%,23-06-2026,24-06-2026,https://nsearchives.nseindia.com/corporate/ixbrl/IT_25080_20260627_183354662_WEB.html
LYKALABS,Lyka Labs Limited,Kunal Gandhi,Promoter,6533,"460,482.00",9.81%,25-06-2026,25-06-2026,https://nsearchives.nseindia.com/corporate/ixbrl/IT_1127_20260626_172116631_WEB.html
LYKALABS,Lyka Labs Limited,Nehal Gandhi,Promoter,33122,"2,341,493.00",3.35%,24-06-2026,25-06-2026,https://nsearchives.nseindia.com/corporate/ixbrl/IT_1127_20260626_172116631_WEB.html
LYKALABS,Lyka Labs Limited,Alisha Gandhi,Promoter Group,5000,"339,569.00",0.14%,24-06-2026,24-06-2026,https://nsearchives.nseindia.com/corporate/ixbrl/IT_1127_20260626_172116631_WEB.html
LYKALABS,Lyka Labs Limited,Enai Trading and Investment Pvt.,Promoter Group,11312,"805,323.00",2.83%,24-06-2026,24-06-2026,https://nsearchives.nseindia.com/corporate/ixbrl/IT_1127_20260626_172116631_WEB.html
SESHAPAPER,SESHASAYEE PAPER AND BOARDS LIMITED,DHANASHREE INVESTMENTS PRIVATE LIMITED,Promoter Group,78202,"17,557,664.00",4.94%,25-06-2026,25-06-2026,https://nsearchives.nseindia.com/corporate/ixbrl/IT_118_20260626_142720058_WEB.html
STEL,INE577L01016,SOFREAL MERCANTRADE PRIVATE LTD,Promoter Group,2750,"1,673,700.00",1.23%,23-06-2026,23-06-2026,https://nsearchives.nseindia.com/corporate/ixbrl/IT_4020_20260626_103357905_WEB.html
WCIL,WESTERN CARRIERS (INDIA) LIMITED,RAJENDRA SETHIA,Promoter and Director,20000,"2,099,200.00",72.82%,24-06-2026,24-06-2026,https://nsearchives.nseindia.com/corporate/ixbrl/IT_22116_20260625_204706001_WEB.html
SESHAPAPER,SESHASAYEE PAPER AND BOARDS LIMITED,ULTRA INVESTMENTS AND LEASING COMPANY PRIVATE LIMITED,Promoter Group,20000,"4,496,498.00",1.50%,25-06-2026,25-06-2026,https://nsearchives.nseindia.com/corporate/ixbrl/IT_118_20260625_184330441_WEB.html
SESHAPAPER,SESHASAYEE PAPER AND BOARDS LIMITED,ULTRA INVESTMENTS AND LEASING COMPANY PRIVATE LIMITED,Promoter Group,20000,"4,496,498.00",1.50%,25-06-2026,25-06-2026,https://nsearchives.nseindia.com/corporate/ixbrl/IT_118_20260625_180046529_WEB.html
TIGERLOGS,Tiger Logistics (India) Limited,Brahma Suppliers Private Limited,Promoter Group,19000,"727,320.00",33.21%,24-06-2026,24-06-2026,https://nsearchives.nseindia.com/corporate/ixbrl/IT_26474_20260625_175439702_WEB.html
MSPL,MSP STEEL & POWER LTD,Ginny Traders Private Limited,Promoter Group,730000,"32,224,828.00",2.51%,19-06-2026,19-06-2026,https://nsearchives.nseindia.com/corporate/ixbrl/IT_2306_20260625_174439623_WEB.html
MSPL,MSP STEEL & POWER LTD,Sampat Marketing Company Pvt Ltd,Promoter Group,1204000,"53,872,193.00",2.86%,19-06-2026,22-06-2026,https://nsearchives.nseindia.com/corporate/ixbrl/IT_2306_20260625_174439623_WEB.html
MSPL,MSP STEEL & POWER LTD,Ilex Private Limited,Promoter Group,166849,"7,461,287.00",3.24%,22-06-2026,22-06-2026,https://nsearchives.nseindia.com/corporate/ixbrl/IT_2306_20260625_174439623_WEB.html
AURUM,Aurum PropTech Limited,Aurum RealEstate Developers Limited,Promoter,10000,"2,114,070.00",47.92%,24-06-2026,24-06-2026,https://nsearchives.nseindia.com/corporate/ixbrl/IT_12987_20260625_104232056_WEB.html
TIGERLOGS,Tiger Logistics (India) Limited,Brahma Suppliers Private Limited,Promoter Group,20000,"774,000.00",33.19%,23-06-2026,23-06-2026,https://nsearchives.nseindia.com/corporate/ixbrl/IT_26474_20260624_183822530_WEB.html
MOTOGENFIN,THE MOTOR & GENERAL FINANCE LIMITED,RAM PRAKASH & CO.(P) LTD,Promoter Group,19550,"588,027.00",7.76%,24-06-2026,24-06-2026,https://nsearchives.nseindia.com/corporate/ixbrl/IT_279_20260624_173445009_WEB.html
NINSYS,Nintec Systems Limited,Niraj Chhaganraj Gemawat,Promoter and Director,2000,"1,443,534.00",18.33%,22-06-2026,22-06-2026,https://nsearchives.nseindia.com/corporate/ixbrl/IT_21310_20260623_193135071_WEB.html
NINSYS,Nintec Systems Limited,Niraj Chhaganraj Gemawat,Promoter and Director,1000,"724,494.00",18.34%,22-06-2026,22-06-2026,https://nsearchives.nseindia.com/corporate/ixbrl/IT_21310_20260623_193135071_WEB.html
NINSYS,Nintec Systems Limited,Niraj Chhaganraj Gemawat,Promoter and Director,2000,"1,508,906.00",18.35%,22-06-2026,22-06-2026,https://nsearchives.nseindia.com/corporate/ixbrl/IT_21310_20260623_193135071_WEB.html
NINSYS,Nintec Systems Limited,Niraj Chhaganraj Gemawat,Promoter and Director,2500,"1,945,278.00",18.36%,23-06-2026,23-06-2026,https://nsearchives.nseindia.com/corporate/ixbrl/IT_21310_20260623_193135071_WEB.html
NINSYS,Nintec Systems Limited,Niraj Chhaganraj Gemawat,Promoter and Director,2500,"1,937,917.00",18.38%,23-06-2026,23-06-2026,https://nsearchives.nseindia.com/corporate/ixbrl/IT_21310_20260623_193135071_WEB.html
FIBERWEB,Fiberweb (India) Limited,Pravin V Sheth,Promoter and Director,17695,"524,254.00",5.88%,17-06-2026,19-06-2026,https://nsearchives.nseindia.com/corporate/ixbrl/IT_19088_20260622_142226782_WEB.html
FIBERWEB,Fiberweb (India) Limited,GAYATRI PIPES AND FITTINGS PRIVATE LIMITED,Promoter Group,7000,"207,781.00",12.46%,16-06-2026,16-06-2026,https://nsearchives.nseindia.com/corporate/ixbrl/IT_19088_20260622_142226782_WEB.html
AURUM,Aurum PropTech Limited,Aurum RealEstate Developers Limited,Promoter,25000,"5,097,745.00",47.87%,19-06-2026,19-06-2026,https://nsearchives.nseindia.com/corporate/ixbrl/IT_12987_20260622_105804505_WEB.html
GRMOVER,GRM OVERSEAS LIMITED,Mamta Garg,Promoter and Director,99546,"9,288,336.00",20.20%,17-06-2026,17-06-2026,https://nsearchives.nseindia.com/corporate/ixbrl/IT_20861_20260620_185302006_WEB.html
MAZDA,MAZDA LIMITED,SHANAYA MODY KHATUA,Promoter and Director,7000,"1,686,886.00",31.56%,18-06-2026,18-06-2026,https://nsearchives.nseindia.com/corporate/ixbrl/IT_14337_20260620_144829220_WEB.html
MSPL,MSP STEEL & POWER LIMITED,Ilex Private Limited,Promoter Group,645000,"27,250,992.00",3.03%,15-06-2026,15-06-2026,https://nsearchives.nseindia.com/corporate/ixbrl/IT_2306_20260620_142925421_WEB.html
MAZDA,MAZDA LIMITED,SHANAYA MODY KHATUA,Promoter and Director,7000,"1,686,886.00",31.56%,18-06-2026,18-06-2026,https://nsearchives.nseindia.com/corporate/ixbrl/IT_14337_20260620_125451119_WEB.html
GOKUL,GOKUL REFOILS AND SOLVENT LIMITED,Bhikhiben Balvantsinh Rajput,Promoter,1500,"63,415.00",22.99%,17-06-2026,17-06-2026,https://nsearchives.nseindia.com/corporate/ixbrl/IT_2754_20260618_174458839_WEB.html
GOKUL,GOKUL REFOILS AND SOLVENT LIMITED,Bhikhiben Balvantsinh Rajput,Promoter,17000,"720,494.00",23.01%,17-06-2026,17-06-2026,https://nsearchives.nseindia.com/corporate/ixbrl/IT_2754_20260618_174458839_WEB.html
MOTOGENFIN,THE MOTOR & GENERAL FINANCE LIMITED,RAM PRAKASH & CO.(P) LTD,Promoter Group,8161,"244,278.00",7.65%,18-06-2026,18-06-2026,https://nsearchives.nseindia.com/corporate/ixbrl/IT_279_20260618_170422280_WEB.html
ARSSBL,Anand Rathi Share and Stock Brokers Limited,Asha Biyani,Promoter Group,20000,"10,900,691.00",0.03%,16-06-2026,16-06-2026,https://nsearchives.nseindia.com/corporate/ixbrl/IT_25015_20260618_150624573_WEB.html
SHAKTIPUMP,SHAKTI PUMPS (INDIA) LIMITED,SHAKTI SONS TRUST,Promoter,9000,"4,945,348.00",18.36%,16-06-2026,16-06-2026,https://nsearchives.nseindia.com/corporate/ixbrl/IT_5329_20260617_122353623_WEB.html
AEROENTER,AEROFLEX ENTERPRISES LIMITED,A Flex Invest Private Limited,Promoter Group,190000,"20,824,000.00",7.29%,15-06-2026,16-06-2026,https://nsearchives.nseindia.com/corporate/ixbrl/IT_21141_20260616_191239194_WEB.html
HCLTECH,HCL Technologies Limited,Vama Sundari Investments (Delhi) Private Limited,Promoter,47261,"52,192,113.00",44.23%,11-06-2026,12-06-2026,https://nsearchives.nseindia.com/corporate/ixbrl/IT_1828_20260616_183738581_WEB.html
FIBERWEB,Fiberweb (India) Limited,GAYATRI PIPES AND FITTINGS PRIVATE LIMITED,Promoter Group,20000,"582,128.00",12.44%,15-06-2026,15-06-2026,https://nsearchives.nseindia.com/corporate/ixbrl/IT_19088_20260616_150659158_WEB.html
VISAKAIND,Visaka Industries Limited,VIGILANCE SECURITY SERVICES PRIVATE LIMITED,Promoter Group,38400,"2,945,151.00",4.98%,15-06-2026,15-06-2026,https://nsearchives.nseindia.com/corporate/ixbrl/IT_1388_20260616_114814658_WEB.html
EVEREADY,EVEREADY INDUSTRIES INDIA LIMITED,GYAN ENTERPRISES PRIVATE LIMITED,Promoter,50249,"17,253,507.00",2.17%,12-06-2026,12-06-2026,https://nsearchives.nseindia.com/corporate/ixbrl/IT_2275_20260616_112640817_WEB.html
EVEREADY,EVEREADY INDUSTRIES INDIA LIMITED,GYAN ENTERPRISES PRIVATE LIMITED,Promoter,121237,"42,173,188.00",2.34%,15-06-2026,15-06-2026,https://nsearchives.nseindia.com/corporate/ixbrl/IT_2275_20260616_112640817_WEB.html
SBCL,SHIVALIK BIMETAL CONTROLS LIMITED,Sumer Ghumman,Promoter and Director,2200,"1,483,929.00",3.78%,11-06-2026,11-06-2026,https://nsearchives.nseindia.com/corporate/ixbrl/IT_20260613_143223853_WEB.html
EVEREADY,EVEREADY INDUSTRIES INDIA LIMITED,GYAN ENTERPRISES PRIVATE LIMITED,Promoter,52202,"17,369,986.00",2.02%,10-06-2026,10-06-2026,https://nsearchives.nseindia.com/corporate/ixbrl/IT_20260612_111830801_WEB.html
EVEREADY,EVEREADY INDUSTRIES INDIA LIMITED,GYAN ENTERPRISES PRIVATE LIMITED,Promoter,59000,"19,704,802.00",2.10%,11-06-2026,11-06-2026,https://nsearchives.nseindia.com/corporate/ixbrl/IT_20260612_111830801_WEB.html
MBEL,M & B Engineering Limited,Chirag Hasmukhbhai Patel,Promoter and Director,12000,"3,396,671.00",24.74%,11-06-2026,11-06-2026,https://nsearchives.nseindia.com/corporate/ixbrl/IT_20260612_085704163_WEB.html
MBEL,M & B Engineering Limited,Girishbhai Manibhai Patel,Promoter and Director,12000,"3,302,122.00",27.16%,11-06-2026,11-06-2026,https://nsearchives.nseindia.com/corporate/ixbrl/IT_20260612_085704163_WEB.html
GRMOVER,GRM OVERSEAS LIMITED,Atul Garg,Promoter and Director,150000,"18,299,025.00",20.58%,08-06-2026,08-06-2026,https://nsearchives.nseindia.com/corporate/ixbrl/IT_20260611_170804250_WEB.html
ALICON,ALICON CASTALLOY LIMITED,UC Rai Holding Private Limited,Promoter Group,1650,"1,077,573.00",2.06%,09-06-2026,10-06-2026,https://nsearchives.nseindia.com/corporate/ixbrl/IT_20260611_163259924_WEB.html
MOTOGENFIN,THE MOTOR & GENERAL FINANCE LIMITED,RAM PRAKASH & CO.(P) LTD,Promoter Group,14241,"416,549.00",7.40%,11-06-2026,11-06-2026,https://nsearchives.nseindia.com/corporate/ixbrl/IT_20260611_160301674_WEB.html
GANDHAR,Gandhar Oil Refinery (India) Limited,Ramesh Babulal Parekh,Promoter and Director,50000,"7,876,602.00",28.67%,08-06-2026,08-06-2026,https://nsearchives.nseindia.com/corporate/ixbrl/IT_20260610_151810681_WEB.html
VISAKAIND,Visaka Industries Limited,VIGILANCE SECURITY SERVICES PRIVATE LIMITED,Promoter Group,43214,"3,177,597.00",4.94%,09-06-2026,09-06-2026,https://nsearchives.nseindia.com/corporate/ixbrl/IT_20260610_125554538_WEB.html
MSPL,MSP STEEL & POWER LIMITED,Ginny Traders Private Limited,Promoter Group,2350000,"99,400,300.00",1.90%,02-06-2026,02-06-2026,https://nsearchives.nseindia.com/corporate/ixbrl/IT_20260609_175210558_WEB.html
MSPL,MSP STEEL & POWER LIMITED,Sampat Marketing Company Pvt Ltd,Promoter Group,1105000,"45,640,581.00",1.99%,02-06-2026,03-06-2026,https://nsearchives.nseindia.com/corporate/ixbrl/IT_20260609_175210558_WEB.html
LAOPALA,LA OPALA RG LIMITED,GENESIS EXPORTS PRIVATE LIMITED,Promoter,45000,"7,874,393.00",47.07%,05-06-2026,08-06-2026,https://nsearchives.nseindia.com/corporate/ixbrl/IT_20260609_172204552_WEB.html
ALICON,ALICON CASTALLOY LIMITED,Ishaan Rai,Promoter and Director,1850,"1,188,833.00",0.01%,08-06-2026,08-06-2026,https://nsearchives.nseindia.com/corporate/ixbrl/IT_20260609_131406681_WEB.html
AURUM,Aurum PropTech Limited,Aurum RealEstate Developers Limited,Promoter,25000,"4,663,589.00",47.74%,08-06-2026,08-06-2026,https://nsearchives.nseindia.com/corporate/ixbrl/IT_20260609_104201082_WEB.html
STEL,STEL HOLDINGS LIMITED,LEBNITZE REAL ESTATES PVT LTD,Promoter Group,3828,"1,900,105.00",2.85%,04-06-2026,04-06-2026,https://nsearchives.nseindia.com/corporate/ixbrl/IT_20260608_150301514_WEB.html
STEL,STEL HOLDINGS LIMITED,LEBNITZE REAL ESTATES PVT LTD,Promoter Group,702,"348,453.00",2.86%,04-06-2026,04-06-2026,https://nsearchives.nseindia.com/corporate/ixbrl/IT_20260608_150301514_WEB.html
STEL,STEL HOLDINGS LIMITED,LEBNITZE REAL ESTATES PVT LTD,Promoter Group,3509,"1,753,464.00",2.88%,05-06-2026,05-06-2026,https://nsearchives.nseindia.com/corporate/ixbrl/IT_20260608_150301514_WEB.html
STEL,STEL HOLDINGS LIMITED,LEBNITZE REAL ESTATES PVT LTD,Promoter Group,101,"50,470.00",2.88%,05-06-2026,05-06-2026,https://nsearchives.nseindia.com/corporate/ixbrl/IT_20260608_150301514_WEB.html
MOTOGENFIN,THE MOTOR & GENERAL FINANCE LIMITED,RAM PRAKASH & CO.(P) LTD,Promoter Group,62790,"1,840,948.00",6.99%,05-06-2026,05-06-2026,https://nsearchives.nseindia.com/corporate/ixbrl/IT_20260605_160321467_WEB.html
GANESHCP,Ganesh Consumer Products Limited,Manish Mimani,Promoter and Director,132367,"27,001,630.00",6.07%,01-06-2026,01-06-2026,https://nsearchives.nseindia.com/corporate/ixbrl/IT_20260604_113306991_WEB.html
GANESHCP,Ganesh Consumer Products Limited,Manish Mimani,Promoter and Director,107533,"22,764,484.00",6.34%,02-06-2026,02-06-2026,https://nsearchives.nseindia.com/corporate/ixbrl/IT_20260604_113306991_WEB.html
NIITMTS,NIIT Learning Systems Limited,Pawar Family Trust (Through its Trustee Rajendra Singh Pawar),Promoter Group,100000,"22,295,000.00",16.38%,01-06-2026,01-06-2026,https://nsearchives.nseindia.com/corporate/ixbrl/IT_20260603_164308580_WEB.html
NIITMTS,NIIT Learning Systems Limited,Thadani Family Trust (Through its Trustee Vijay Kumar Thadani),Promoter Group,100000,"22,291,000.00",16.77%,01-06-2026,01-06-2026,https://nsearchives.nseindia.com/corporate/ixbrl/IT_20260603_164308580_WEB.html
NIITLTD,NIIT Limited,Pawar Family Trust,Promoter Group,1093500,"89,824,885.00",18.54%,01-06-2026,02-06-2026,https://nsearchives.nseindia.com/corporate/ixbrl/IT_20260603_162954726_WEB.html
NIITLTD,NIIT Limited,Thadani Family Trust,Promoter Group,1093500,"89,831,690.00",18.94%,01-06-2026,02-06-2026,https://nsearchives.nseindia.com/corporate/ixbrl/IT_20260603_162954726_WEB.html
AURUM,Aurum PropTech Limited,Aurum RealEstate Developers Limited,Promoter,25000,"4,513,474.00",47.61%,02-06-2026,02-06-2026,https://nsearchives.nseindia.com/corporate/ixbrl/IT_20260603_102534548_WEB.html
JARO,JARO INSTITUTE OF TECHNOLOGY MANAGEMENT AND RESEARCH LIMITED,Sanjay Namdeo Salunkhe,Promoter,23245,"13,304,569.00",54.59%,01-06-2026,01-06-2026,https://nsearchives.nseindia.com/corporate/ixbrl/IT_20260602_144114751_WEB.html
LANDMARK,Landmark Cars Limited,Sanjay Karsandas Thakker,Promoter and Director,10000,"3,763,008.00",36.40%,01-06-2026,01-06-2026,https://nsearchives.nseindia.com/corporate/ixbrl/IT_20260602_002703298_WEB.html
LANDMARK,Landmark Cars Limited,Aryaman Sanjay Thakker,Promoter Group,10000,"3,702,960.00",0.06%,01-06-2026,01-06-2026,https://nsearchives.nseindia.com/corporate/ixbrl/IT_20260602_002703298_WEB.html
EUROPRATIK,Euro Pratik Sales Limited,Jai Gunvantraj Singhvi,Promoter and Director,63815,"16,441,764.00",5.67%,29-05-2026,29-05-2026,https://nsearchives.nseindia.com/corporate/ixbrl/IT_20260602_002532931_WEB.html
EUROPRATIK,Euro Pratik Sales Limited,Jai Gunwantraj Singhvi,Promoter,76467,"19,934,947.00",22.91%,26-05-2026,26-05-2026,https://nsearchives.nseindia.com/corporate/ixbrl/IT_20260527_105827_WEB.html
EUROPRATIK,Euro Pratik Sales Limited,Pratik Gunvantraj Singhvi,Promoter and Director,545130,"141,090,547.00",5.56%,26-05-2026,26-05-2026,https://nsearchives.nseindia.com/corporate/ixbrl/IT_20260527_105827_WEB.html
EUROPRATIK,Euro Pratik Sales Limited,Jai Gunvantraj Singhvi,Promoter and Director,434276,"113,020,329.00",5.60%,26-05-2026,26-05-2026,https://nsearchives.nseindia.com/corporate/ixbrl/IT_20260527_105827_WEB.html
AURUM,AURUM PROPTECH LIMITED,Aurum RealEstate Developers Limited,Promoter,20000,"3,570,642.00",47.56%,25-05-2026,25-05-2026,https://nsearchives.nseindia.com/corporate/ixbrl/IT_20260525_202919_WEB.html
APLLTD,Alembic Pharmaceuticals Limited,Nirayu Private Limited,Promoter Group,60000,"45,478,352.00",35.68%,22-05-2026,25-05-2026,https://nsearchives.nseindia.com/corporate/ixbrl/IT_20260525_194950_WEB.html
SBCL,SHIVALIK BIMETAL CONTROLS LIMITED,KABIR GHUMMAN,Promoter and Director,10000,"6,826,578.00",3.79%,22-05-2026,22-05-2026,https://nsearchives.nseindia.com/corporate/ixbrl/IT_20260525_173312_WEB.html
SBCL,SHIVALIK BIMETAL CONTROLS LIMITED,SUMER GHUMMAN,Promoter and Director,1470,"996,363.00",3.77%,22-05-2026,22-05-2026,https://nsearchives.nseindia.com/corporate/ixbrl/IT_20260525_173312_WEB.html
FIBERWEB,Fiberweb (India) Limited,Pravin V Sheth,Promoter and Director,10000,"291,869.00",5.81%,21-05-2026,21-05-2026,https://nsearchives.nseindia.com/corporate/ixbrl/IT_20260525_130504_WEB.html
FIBERWEB,Fiberweb (India) Limited,GAYATRI PIPES AND FITTINGS PRIVATE LIMITED,Promoter Group,13002,"383,506.00",12.37%,21-05-2026,21-05-2026,https://nsearchives.nseindia.com/corporate/ixbrl/IT_20260525_130504_WEB.html
EUROPRATIK,Euro Pratik Sales Limited,Jai Gunvantraj Singhvi,Promoter and Director,98988,"26,045,723.00",5.18%,22-05-2026,22-05-2026,https://nsearchives.nseindia.com/corporate/ixbrl/IT_20260525_111946_WEB.html
JARO,JARO INSTITUTE OF TECHNOLOGY MANAGEMENT AND RESEARCH LIMITED,Sanjay Namdeo Salunkhe,Promoter,209189,"105,910,284.00",53.77%,19-05-2026,19-05-2026,https://nsearchives.nseindia.com/corporate/ixbrl/IT_20260520_211824_WEB.html
STYLAMIND,STYLAM INDUSTRIES LIMITED,"Aica Kogyo Company, Limited",Promoter,466116,"1,048,761,000.00",29.87%,22-04-2026,06-05-2026,https://nsearchives.nseindia.com/corporate/ixbrl/IT_20260518_170920_WEB.html
