Date,Symbol,PromoterWeightedAvgBuyPrice
2026-07-16,ALEMBICLTD,
2026-07-17,ALEMBICLTD,
2026-07-20,ALEMBICLTD,
2026-07-21,ALEMBICLTD,
2026-07-22,ALEMBICLTD,
2026-07-23,ALEMBICLTD,
2026-07-24,ALEMBICLTD,
2026-07-27,ALEMBICLTD,
2026-07-28,ALEMBICLTD,
2026-07-29,ALEMBICLTD,
2026-07-30,ALEMBICLTD,
2026-07-31,ALEMBICLTD,
2026-08-03,ALEMBICLTD,
2026-08-04,ALEMBICLTD,
2026-08-05,ALEMBICLTD,
2026-08-06,ALEMBICLTD,
2026-08-07,ALEMBICLTD,
2026-08-10,ALEMBICLTD,
2026-08-11,ALEMBICLTD,
2026-08-12,ALEMBICLTD,
2026-08-13,ALEMBICLTD,
2026-08-14,ALEMBICLTD,
2026-08-17,ALEMBICLTD,87.7467
2026-08-18,ALEMBICLTD,87.7467
2026-08-19,ALEMBICLTD,88.068
2026-08-20,ALEMBICLTD,88.068
2026-08-21,ALEMBICLTD,88.068
2026-08-24,ALEMBICLTD,88.068
2026-08-25,ALEMBICLTD,89.3396
2026-08-26,ALEMBICLTD,89.3396
2026-08-28,ALEMBICLTD,89.3396
2026-08-31,ALEMBICLTD,89.3396
2026-09-01,ALEMBICLTD,91.6224
2026-09-02,ALEMBICLTD,91.774
2026-09-03,ALEMBICLTD,91.774
2026-09-04,ALEMBICLTD,91.774
2026-09-07,ALEMBICLTD,91.774
2026-09-08,ALEMBICLTD,91.774
2026-09-09,ALEMBICLTD,91.774
2026-09-10,ALEMBICLTD,91.774
2026-09-11,ALEMBICLTD,91.774
2026-09-15,ALEMBICLTD,91.774
2026-09-16,ALEMBICLTD,92.8259
2026-09-17,ALEMBICLTD,92.8259
2026-09-18,ALEMBICLTD,92.8259
2026-07-16,AMANTA,
2026-07-17,AMANTA,
2026-07-20,AMANTA,
2026-07-21,AMANTA,
2026-07-22,AMANTA,
2026-07-23,AMANTA,
2026-07-24,AMANTA,
2026-07-27,AMANTA,
2026-07-28,AMANTA,
2026-07-29,AMANTA,
2026-07-30,AMANTA,
2026-07-31,AMANTA,
2026-08-03,AMANTA,
2026-08-04,AMANTA,
2026-08-05,AMANTA,
2026-08-06,AMANTA,
2026-08-07,AMANTA,
2026-08-10,AMANTA,
2026-08-11,AMANTA,
2026-08-12,AMANTA,
2026-08-13,AMANTA,
2026-08-14,AMANTA,
2026-08-17,AMANTA,
2026-08-18,AMANTA,
2026-08-19,AMANTA,
2026-08-20,AMANTA,
2026-08-21,AMANTA,
2026-08-24,AMANTA,
2026-08-25,AMANTA,
2026-08-26,AMANTA,
2026-08-28,AMANTA,
2026-08-31,AMANTA,
2026-09-01,AMANTA,
2026-09-02,AMANTA,
2026-09-03,AMANTA,
2026-09-04,AMANTA,
2026-09-07,AMANTA,
2026-09-08,AMANTA,
2026-09-09,AMANTA,
2026-09-10,AMANTA,
2026-09-11,AMANTA,
2026-09-15,AMANTA,
2026-09-16,AMANTA,
2026-09-17,AMANTA,
2026-09-18,AMANTA,
2026-07-16,APLLTD,
2026-07-17,APLLTD,
2026-07-20,APLLTD,
2026-07-21,APLLTD,
2026-07-22,APLLTD,
2026-07-23,APLLTD,
2026-07-24,APLLTD,
2026-07-27,APLLTD,
2026-07-28,APLLTD,
2026-07-29,APLLTD,
2026-07-30,APLLTD,
2026-07-31,APLLTD,
2026-08-03,APLLTD,
2026-08-04,APLLTD,
2026-08-05,APLLTD,
2026-08-06,APLLTD,
2026-08-07,APLLTD,
2026-08-10,APLLTD,
2026-08-11,APLLTD,
2026-08-12,APLLTD,
2026-08-13,APLLTD,
2026-08-14,APLLTD,
2026-08-17,APLLTD,
2026-08-18,APLLTD,
2026-08-19,APLLTD,
2026-08-20,APLLTD,
2026-08-21,APLLTD,
2026-08-24,APLLTD,
2026-08-25,APLLTD,
2026-08-26,APLLTD,
2026-08-28,APLLTD,
2026-08-31,APLLTD,
2026-09-01,APLLTD,
2026-09-02,APLLTD,
2026-09-03,APLLTD,
2026-09-04,APLLTD,
2026-09-07,APLLTD,
2026-09-08,APLLTD,
2026-09-09,APLLTD,
2026-09-10,APLLTD,
2026-09-11,APLLTD,
2026-09-15,APLLTD,
2026-09-16,APLLTD,
2026-09-17,APLLTD,
2026-09-18,APLLTD,
2026-07-16,ASAHISONG,
2026-07-17,ASAHISONG,
2026-07-20,ASAHISONG,
2026-07-21,ASAHISONG,
2026-07-22,ASAHISONG,
2026-07-23,ASAHISONG,
2026-07-24,ASAHISONG,
2026-07-27,ASAHISONG,
2026-07-28,ASAHISONG,
2026-07-29,ASAHISONG,
2026-07-30,ASAHISONG,
2026-07-31,ASAHISONG,
2026-08-03,ASAHISONG,
2026-08-04,ASAHISONG,
2026-08-05,ASAHISONG,
2026-08-06,ASAHISONG,
2026-08-07,ASAHISONG,
2026-08-10,ASAHISONG,
2026-08-11,ASAHISONG,338.1
2026-08-12,ASAHISONG,338.1
2026-08-13,ASAHISONG,338.1
2026-08-14,ASAHISONG,338.1
2026-08-17,ASAHISONG,338.1
2026-08-18,ASAHISONG,338.1
2026-08-19,ASAHISONG,338.1
2026-08-20,ASAHISONG,338.1
2026-08-21,ASAHISONG,338.1
2026-08-24,ASAHISONG,338.1
2026-08-25,ASAHISONG,338.1
2026-08-26,ASAHISONG,338.1
2026-08-28,ASAHISONG,338.1
2026-08-31,ASAHISONG,338.1
2026-09-01,ASAHISONG,338.1
2026-09-02,ASAHISONG,338.1
2026-09-03,ASAHISONG,338.1
2026-09-04,ASAHISONG,338.1
2026-09-07,ASAHISONG,338.1
2026-09-08,ASAHISONG,338.1
2026-09-09,ASAHISONG,338.1
2026-09-10,ASAHISONG,338.1
2026-09-11,ASAHISONG,338.1
2026-09-15,ASAHISONG,338.1
2026-09-16,ASAHISONG,338.1
2026-09-17,ASAHISONG,338.1
2026-09-18,ASAHISONG,338.1
2026-07-16,AVONMORE,
2026-07-17,AVONMORE,
2026-07-20,AVONMORE,
2026-07-21,AVONMORE,
2026-07-22,AVONMORE,
2026-07-23,AVONMORE,
2026-07-24,AVONMORE,
2026-07-27,AVONMORE,
2026-07-28,AVONMORE,
2026-07-29,AVONMORE,
2026-07-30,AVONMORE,
2026-07-31,AVONMORE,
2026-08-03,AVONMORE,
2026-08-04,AVONMORE,
2026-08-05,AVONMORE,
2026-08-06,AVONMORE,
2026-08-07,AVONMORE,
2026-08-10,AVONMORE,11.2871
2026-08-11,AVONMORE,11.3387
2026-08-12,AVONMORE,11.3491
2026-08-13,AVONMORE,11.3491
2026-08-14,AVONMORE,11.3491
2026-08-17,AVONMORE,11.3491
2026-08-18,AVONMORE,11.6103
2026-08-19,AVONMORE,11.736
2026-08-20,AVONMORE,11.844
2026-08-21,AVONMORE,11.9436
2026-08-24,AVONMORE,12.0491
2026-08-25,AVONMORE,12.096
2026-08-26,AVONMORE,12.2412
2026-08-28,AVONMORE,12.2702
2026-08-31,AVONMORE,12.3367
2026-09-01,AVONMORE,12.3448
2026-09-02,AVONMORE,12.3448
2026-09-03,AVONMORE,12.3762
2026-09-04,AVONMORE,12.4139
2026-09-07,AVONMORE,12.4578
2026-09-08,AVONMORE,12.5188
2026-09-09,AVONMORE,12.5556
2026-09-10,AVONMORE,12.6294
2026-09-11,AVONMORE,12.7365
2026-09-15,AVONMORE,12.8135
2026-09-16,AVONMORE,12.8193
2026-09-17,AVONMORE,12.8067
2026-09-18,AVONMORE,12.8067
2026-07-16,BERGEPAINT,
2026-07-17,BERGEPAINT,
2026-07-20,BERGEPAINT,
2026-07-21,BERGEPAINT,
2026-07-22,BERGEPAINT,
2026-07-23,BERGEPAINT,
2026-07-24,BERGEPAINT,
2026-07-27,BERGEPAINT,
2026-07-28,BERGEPAINT,
2026-07-29,BERGEPAINT,
2026-07-30,BERGEPAINT,
2026-07-31,BERGEPAINT,
2026-08-03,BERGEPAINT,
2026-08-04,BERGEPAINT,
2026-08-05,BERGEPAINT,
2026-08-06,BERGEPAINT,
2026-08-07,BERGEPAINT,
2026-08-10,BERGEPAINT,
2026-08-11,BERGEPAINT,
2026-08-12,BERGEPAINT,
2026-08-13,BERGEPAINT,
2026-08-14,BERGEPAINT,
2026-08-17,BERGEPAINT,
2026-08-18,BERGEPAINT,
2026-08-19,BERGEPAINT,
2026-08-20,BERGEPAINT,
2026-08-21,BERGEPAINT,
2026-08-24,BERGEPAINT,
2026-08-25,BERGEPAINT,
2026-08-26,BERGEPAINT,
2026-08-28,BERGEPAINT,
2026-08-31,BERGEPAINT,
2026-09-01,BERGEPAINT,
2026-09-02,BERGEPAINT,
2026-09-03,BERGEPAINT,
2026-09-04,BERGEPAINT,
2026-09-07,BERGEPAINT,489.5623
2026-09-08,BERGEPAINT,489.5623
2026-09-09,BERGEPAINT,489.5623
2026-09-10,BERGEPAINT,489.5623
2026-09-11,BERGEPAINT,489.5623
2026-09-15,BERGEPAINT,489.5623
2026-09-16,BERGEPAINT,489.5623
2026-09-17,BERGEPAINT,489.5623
2026-09-18,BERGEPAINT,489.5623
2026-07-16,BHAGERIA,
2026-07-17,BHAGERIA,
2026-07-20,BHAGERIA,
2026-07-21,BHAGERIA,
2026-07-22,BHAGERIA,
2026-07-23,BHAGERIA,
2026-07-24,BHAGERIA,
2026-07-27,BHAGERIA,
2026-07-28,BHAGERIA,
2026-07-29,BHAGERIA,
2026-07-30,BHAGERIA,
2026-07-31,BHAGERIA,
2026-08-03,BHAGERIA,
2026-08-04,BHAGERIA,
2026-08-05,BHAGERIA,
2026-08-06,BHAGERIA,
2026-08-07,BHAGERIA,
2026-08-10,BHAGERIA,
2026-08-11,BHAGERIA,
2026-08-12,BHAGERIA,
2026-08-13,BHAGERIA,
2026-08-14,BHAGERIA,
2026-08-17,BHAGERIA,
2026-08-18,BHAGERIA,
2026-08-19,BHAGERIA,
2026-08-20,BHAGERIA,204.6433
2026-08-21,BHAGERIA,205.3266
2026-08-24,BHAGERIA,209.0115
2026-08-25,BHAGERIA,213.9264
2026-08-26,BHAGERIA,215.9639
2026-08-28,BHAGERIA,215.9639
2026-08-31,BHAGERIA,215.9639
2026-09-01,BHAGERIA,215.9639
2026-09-02,BHAGERIA,215.9639
2026-09-03,BHAGERIA,215.9639
2026-09-04,BHAGERIA,215.9639
2026-09-07,BHAGERIA,215.9639
2026-09-08,BHAGERIA,215.9639
2026-09-09,BHAGERIA,215.9639
2026-09-10,BHAGERIA,215.9639
2026-09-11,BHAGERIA,215.9639
2026-09-15,BHAGERIA,215.9639
2026-09-16,BHAGERIA,215.9639
2026-09-17,BHAGERIA,215.9639
2026-09-18,BHAGERIA,215.9639
2026-07-16,BMWVENTLTD,
2026-07-17,BMWVENTLTD,
2026-07-20,BMWVENTLTD,
2026-07-21,BMWVENTLTD,
2026-07-22,BMWVENTLTD,
2026-07-23,BMWVENTLTD,
2026-07-24,BMWVENTLTD,
2026-07-27,BMWVENTLTD,
2026-07-28,BMWVENTLTD,
2026-07-29,BMWVENTLTD,
2026-07-30,BMWVENTLTD,
2026-07-31,BMWVENTLTD,
2026-08-03,BMWVENTLTD,
2026-08-04,BMWVENTLTD,
2026-08-05,BMWVENTLTD,60.0933
2026-08-06,BMWVENTLTD,60.1322
2026-08-07,BMWVENTLTD,60.1322
2026-08-10,BMWVENTLTD,60.1322
2026-08-11,BMWVENTLTD,60.1322
2026-08-12,BMWVENTLTD,60.1322
2026-08-13,BMWVENTLTD,60.1322
2026-08-14,BMWVENTLTD,60.1322
2026-08-17,BMWVENTLTD,60.1322
2026-08-18,BMWVENTLTD,60.1322
2026-08-19,BMWVENTLTD,60.1322
2026-08-20,BMWVENTLTD,60.1322
2026-08-21,BMWVENTLTD,60.1322
2026-08-24,BMWVENTLTD,60.1322
2026-08-25,BMWVENTLTD,60.1322
2026-08-26,BMWVENTLTD,60.1322
2026-08-28,BMWVENTLTD,60.1322
2026-08-31,BMWVENTLTD,60.1322
2026-09-01,BMWVENTLTD,60.1322
2026-09-02,BMWVENTLTD,60.1322
2026-09-03,BMWVENTLTD,60.1322
2026-09-04,BMWVENTLTD,60.1322
2026-09-07,BMWVENTLTD,60.1322
2026-09-08,BMWVENTLTD,60.1322
2026-09-09,BMWVENTLTD,60.1322
2026-09-10,BMWVENTLTD,60.1322
2026-09-11,BMWVENTLTD,60.1322
2026-09-15,BMWVENTLTD,60.1322
2026-09-16,BMWVENTLTD,60.1322
2026-09-17,BMWVENTLTD,60.1322
2026-09-18,BMWVENTLTD,60.1322
2026-07-16,CHEMBOND,
2026-07-17,CHEMBOND,
2026-07-20,CHEMBOND,
2026-07-21,CHEMBOND,
2026-07-22,CHEMBOND,
2026-07-23,CHEMBOND,
2026-07-24,CHEMBOND,
2026-07-27,CHEMBOND,
2026-07-28,CHEMBOND,
2026-07-29,CHEMBOND,
2026-07-30,CHEMBOND,
2026-07-31,CHEMBOND,
2026-08-03,CHEMBOND,
2026-08-04,CHEMBOND,
2026-08-05,CHEMBOND,
2026-08-06,CHEMBOND,
2026-08-07,CHEMBOND,
2026-08-10,CHEMBOND,
2026-08-11,CHEMBOND,
2026-08-12,CHEMBOND,
2026-08-13,CHEMBOND,
2026-08-14,CHEMBOND,
2026-08-17,CHEMBOND,
2026-08-18,CHEMBOND,
2026-08-19,CHEMBOND,
2026-08-20,CHEMBOND,
2026-08-21,CHEMBOND,
2026-08-24,CHEMBOND,
2026-08-25,CHEMBOND,
2026-08-26,CHEMBOND,
2026-08-28,CHEMBOND,
2026-08-31,CHEMBOND,
2026-09-01,CHEMBOND,
2026-09-02,CHEMBOND,
2026-09-03,CHEMBOND,170.4519
2026-09-04,CHEMBOND,170.4519
2026-09-07,CHEMBOND,170.4519
2026-09-08,CHEMBOND,170.4519
2026-09-09,CHEMBOND,170.4519
2026-09-10,CHEMBOND,170.4519
2026-09-11,CHEMBOND,170.4519
2026-09-15,CHEMBOND,170.4519
2026-09-16,CHEMBOND,170.4519
2026-09-17,CHEMBOND,170.4519
2026-09-18,CHEMBOND,170.4519
2026-07-16,CHEMBONDCH,
2026-07-17,CHEMBONDCH,
2026-07-20,CHEMBONDCH,
2026-07-21,CHEMBONDCH,
2026-07-22,CHEMBONDCH,
2026-07-23,CHEMBONDCH,
2026-07-24,CHEMBONDCH,
2026-07-27,CHEMBONDCH,
2026-07-28,CHEMBONDCH,
2026-07-29,CHEMBONDCH,
2026-07-30,CHEMBONDCH,
2026-07-31,CHEMBONDCH,
2026-08-03,CHEMBONDCH,
2026-08-04,CHEMBONDCH,
2026-08-05,CHEMBONDCH,
2026-08-06,CHEMBONDCH,230.0
2026-08-07,CHEMBONDCH,230.0
2026-08-10,CHEMBONDCH,230.0
2026-08-11,CHEMBONDCH,230.0
2026-08-12,CHEMBONDCH,230.0
2026-08-13,CHEMBONDCH,230.0
2026-08-14,CHEMBONDCH,230.0
2026-08-17,CHEMBONDCH,230.0
2026-08-18,CHEMBONDCH,230.0
2026-08-19,CHEMBONDCH,230.0
2026-08-20,CHEMBONDCH,230.0
2026-08-21,CHEMBONDCH,230.0
2026-08-24,CHEMBONDCH,230.0
2026-08-25,CHEMBONDCH,238.0921
2026-08-26,CHEMBONDCH,238.0921
2026-08-28,CHEMBONDCH,238.0921
2026-08-31,CHEMBONDCH,238.0921
2026-09-01,CHEMBONDCH,238.0921
2026-09-02,CHEMBONDCH,238.0921
2026-09-03,CHEMBONDCH,238.0921
2026-09-04,CHEMBONDCH,238.0921
2026-09-07,CHEMBONDCH,238.0921
2026-09-08,CHEMBONDCH,238.0921
2026-09-09,CHEMBONDCH,238.0921
2026-09-10,CHEMBONDCH,238.0921
2026-09-11,CHEMBONDCH,238.0921
2026-09-15,CHEMBONDCH,238.0921
2026-09-16,CHEMBONDCH,238.0921
2026-09-17,CHEMBONDCH,238.0921
2026-09-18,CHEMBONDCH,238.0921
2026-07-16,CONFIPET,
2026-07-17,CONFIPET,
2026-07-20,CONFIPET,
2026-07-21,CONFIPET,
2026-07-22,CONFIPET,
2026-07-23,CONFIPET,
2026-07-24,CONFIPET,
2026-07-27,CONFIPET,
2026-07-28,CONFIPET,
2026-07-29,CONFIPET,
2026-07-30,CONFIPET,
2026-07-31,CONFIPET,
2026-08-03,CONFIPET,
2026-08-04,CONFIPET,
2026-08-05,CONFIPET,
2026-08-06,CONFIPET,
2026-08-07,CONFIPET,
2026-08-10,CONFIPET,
2026-08-11,CONFIPET,
2026-08-12,CONFIPET,
2026-08-13,CONFIPET,
2026-08-14,CONFIPET,
2026-08-17,CONFIPET,
2026-08-18,CONFIPET,
2026-08-19,CONFIPET,
2026-08-20,CONFIPET,
2026-08-21,CONFIPET,73.1267
2026-08-24,CONFIPET,73.0608
2026-08-25,CONFIPET,73.0608
2026-08-26,CONFIPET,73.9145
2026-08-28,CONFIPET,73.9145
2026-08-31,CONFIPET,73.9145
2026-09-01,CONFIPET,73.9145
2026-09-02,CONFIPET,73.9145
2026-09-03,CONFIPET,73.9145
2026-09-04,CONFIPET,73.9145
2026-09-07,CONFIPET,73.9145
2026-09-08,CONFIPET,73.9145
2026-09-09,CONFIPET,76.7059
2026-09-10,CONFIPET,76.7059
2026-09-11,CONFIPET,76.7059
2026-09-15,CONFIPET,76.7059
2026-09-16,CONFIPET,76.7059
2026-09-17,CONFIPET,76.7059
2026-09-18,CONFIPET,76.7059
2026-07-16,DIAMONDYD,
2026-07-17,DIAMONDYD,
2026-07-20,DIAMONDYD,
2026-07-21,DIAMONDYD,
2026-07-22,DIAMONDYD,
2026-07-23,DIAMONDYD,
2026-07-24,DIAMONDYD,
2026-07-27,DIAMONDYD,
2026-07-28,DIAMONDYD,
2026-07-29,DIAMONDYD,
2026-07-30,DIAMONDYD,
2026-07-31,DIAMONDYD,
2026-08-03,DIAMONDYD,
2026-08-04,DIAMONDYD,
2026-08-05,DIAMONDYD,1169.99
2026-08-06,DIAMONDYD,1169.8164
2026-08-07,DIAMONDYD,1175.3262
2026-08-10,DIAMONDYD,1175.3262
2026-08-11,DIAMONDYD,1175.3262
2026-08-12,DIAMONDYD,1175.3262
2026-08-13,DIAMONDYD,1175.3262
2026-08-14,DIAMONDYD,1175.3262
2026-08-17,DIAMONDYD,1175.3262
2026-08-18,DIAMONDYD,1175.3262
2026-08-19,DIAMONDYD,1175.3262
2026-08-20,DIAMONDYD,1175.3262
2026-08-21,DIAMONDYD,1175.3262
2026-08-24,DIAMONDYD,1175.3262
2026-08-25,DIAMONDYD,1175.3262
2026-08-26,DIAMONDYD,1175.3262
2026-08-28,DIAMONDYD,1175.3262
2026-08-31,DIAMONDYD,1175.3262
2026-09-01,DIAMONDYD,1175.3262
2026-09-02,DIAMONDYD,1175.3262
2026-09-03,DIAMONDYD,1175.3262
2026-09-04,DIAMONDYD,1175.3262
2026-09-07,DIAMONDYD,1175.3262
2026-09-08,DIAMONDYD,1175.3262
2026-09-09,DIAMONDYD,1175.3262
2026-09-10,DIAMONDYD,1175.3262
2026-09-11,DIAMONDYD,1175.3262
2026-09-15,DIAMONDYD,1175.3262
2026-09-16,DIAMONDYD,1175.3262
2026-09-17,DIAMONDYD,1175.3262
2026-09-18,DIAMONDYD,1175.3262
2026-07-16,DOLLAR,
2026-07-17,DOLLAR,
2026-07-20,DOLLAR,
2026-07-21,DOLLAR,
2026-07-22,DOLLAR,
2026-07-23,DOLLAR,
2026-07-24,DOLLAR,
2026-07-27,DOLLAR,
2026-07-28,DOLLAR,
2026-07-29,DOLLAR,
2026-07-30,DOLLAR,
2026-07-31,DOLLAR,
2026-08-03,DOLLAR,
2026-08-04,DOLLAR,
2026-08-05,DOLLAR,
2026-08-06,DOLLAR,
2026-08-07,DOLLAR,
2026-08-10,DOLLAR,
2026-08-11,DOLLAR,
2026-08-12,DOLLAR,
2026-08-13,DOLLAR,
2026-08-14,DOLLAR,
2026-08-17,DOLLAR,
2026-08-18,DOLLAR,
2026-08-19,DOLLAR,
2026-08-20,DOLLAR,
2026-08-21,DOLLAR,
2026-08-24,DOLLAR,
2026-08-25,DOLLAR,
2026-08-26,DOLLAR,
2026-08-28,DOLLAR,
2026-08-31,DOLLAR,
2026-09-01,DOLLAR,
2026-09-02,DOLLAR,
2026-09-03,DOLLAR,
2026-09-04,DOLLAR,
2026-09-07,DOLLAR,
2026-09-08,DOLLAR,
2026-09-09,DOLLAR,
2026-09-10,DOLLAR,
2026-09-11,DOLLAR,
2026-09-15,DOLLAR,
2026-09-16,DOLLAR,
2026-09-17,DOLLAR,
2026-09-18,DOLLAR,
2026-07-16,EIEL,
2026-07-17,EIEL,
2026-07-20,EIEL,
2026-07-21,EIEL,
2026-07-22,EIEL,
2026-07-23,EIEL,
2026-07-24,EIEL,
2026-07-27,EIEL,
2026-07-28,EIEL,
2026-07-29,EIEL,
2026-07-30,EIEL,
2026-07-31,EIEL,
2026-08-03,EIEL,
2026-08-04,EIEL,
2026-08-05,EIEL,
2026-08-06,EIEL,
2026-08-07,EIEL,
2026-08-10,EIEL,
2026-08-11,EIEL,
2026-08-12,EIEL,
2026-08-13,EIEL,
2026-08-14,EIEL,
2026-08-17,EIEL,
2026-08-18,EIEL,
2026-08-19,EIEL,
2026-08-20,EIEL,
2026-08-21,EIEL,
2026-08-24,EIEL,
2026-08-25,EIEL,
2026-08-26,EIEL,
2026-08-28,EIEL,
2026-08-31,EIEL,196.0
2026-09-01,EIEL,192.8739
2026-09-02,EIEL,191.8685
2026-09-03,EIEL,191.8685
2026-09-04,EIEL,191.8685
2026-09-07,EIEL,191.8685
2026-09-08,EIEL,191.8685
2026-09-09,EIEL,191.8685
2026-09-10,EIEL,191.8685
2026-09-11,EIEL,191.8685
2026-09-15,EIEL,191.8685
2026-09-16,EIEL,191.8685
2026-09-17,EIEL,191.8685
2026-09-18,EIEL,191.8685
2026-07-16,GANDHAR,
2026-07-17,GANDHAR,
2026-07-20,GANDHAR,
2026-07-21,GANDHAR,
2026-07-22,GANDHAR,
2026-07-23,GANDHAR,
2026-07-24,GANDHAR,
2026-07-27,GANDHAR,
2026-07-28,GANDHAR,
2026-07-29,GANDHAR,
2026-07-30,GANDHAR,
2026-07-31,GANDHAR,
2026-08-03,GANDHAR,
2026-08-04,GANDHAR,
2026-08-05,GANDHAR,
2026-08-06,GANDHAR,
2026-08-07,GANDHAR,
2026-08-10,GANDHAR,
2026-08-11,GANDHAR,
2026-08-12,GANDHAR,
2026-08-13,GANDHAR,
2026-08-14,GANDHAR,
2026-08-17,GANDHAR,
2026-08-18,GANDHAR,
2026-08-19,GANDHAR,
2026-08-20,GANDHAR,
2026-08-21,GANDHAR,
2026-08-24,GANDHAR,
2026-08-25,GANDHAR,
2026-08-26,GANDHAR,
2026-08-28,GANDHAR,
2026-08-31,GANDHAR,
2026-09-01,GANDHAR,
2026-09-02,GANDHAR,
2026-09-03,GANDHAR,
2026-09-04,GANDHAR,
2026-09-07,GANDHAR,267.3211
2026-09-08,GANDHAR,265.5601
2026-09-09,GANDHAR,265.5601
2026-09-10,GANDHAR,265.5601
2026-09-11,GANDHAR,265.5601
2026-09-15,GANDHAR,265.5601
2026-09-16,GANDHAR,265.5601
2026-09-17,GANDHAR,265.5601
2026-09-18,GANDHAR,265.5601
2026-07-16,GANESHCP,
2026-07-17,GANESHCP,
2026-07-20,GANESHCP,
2026-07-21,GANESHCP,
2026-07-22,GANESHCP,
2026-07-23,GANESHCP,
2026-07-24,GANESHCP,
2026-07-27,GANESHCP,
2026-07-28,GANESHCP,
2026-07-29,GANESHCP,
2026-07-30,GANESHCP,
2026-07-31,GANESHCP,
2026-08-03,GANESHCP,
2026-08-04,GANESHCP,
2026-08-05,GANESHCP,
2026-08-06,GANESHCP,
2026-08-07,GANESHCP,
2026-08-10,GANESHCP,
2026-08-11,GANESHCP,
2026-08-12,GANESHCP,
2026-08-13,GANESHCP,
2026-08-14,GANESHCP,
2026-08-17,GANESHCP,
2026-08-18,GANESHCP,
2026-08-19,GANESHCP,
2026-08-20,GANESHCP,
2026-08-21,GANESHCP,
2026-08-24,GANESHCP,
2026-08-25,GANESHCP,165.2664
2026-08-26,GANESHCP,165.2664
2026-08-28,GANESHCP,165.2664
2026-08-31,GANESHCP,165.2664
2026-09-01,GANESHCP,165.2664
2026-09-02,GANESHCP,165.996
2026-09-03,GANESHCP,165.996
2026-09-04,GANESHCP,165.996
2026-09-07,GANESHCP,165.996
2026-09-08,GANESHCP,165.996
2026-09-09,GANESHCP,165.996
2026-09-10,GANESHCP,165.996
2026-09-11,GANESHCP,165.996
2026-09-15,GANESHCP,165.996
2026-09-16,GANESHCP,165.996
2026-09-17,GANESHCP,165.996
2026-09-18,GANESHCP,165.996
2026-07-16,GOKUL,
2026-07-17,GOKUL,
2026-07-20,GOKUL,
2026-07-21,GOKUL,
2026-07-22,GOKUL,
2026-07-23,GOKUL,
2026-07-24,GOKUL,
2026-07-27,GOKUL,
2026-07-28,GOKUL,
2026-07-29,GOKUL,
2026-07-30,GOKUL,
2026-07-31,GOKUL,
2026-08-03,GOKUL,
2026-08-04,GOKUL,
2026-08-05,GOKUL,
2026-08-06,GOKUL,
2026-08-07,GOKUL,
2026-08-10,GOKUL,
2026-08-11,GOKUL,
2026-08-12,GOKUL,
2026-08-13,GOKUL,
2026-08-14,GOKUL,
2026-08-17,GOKUL,
2026-08-18,GOKUL,
2026-08-19,GOKUL,
2026-08-20,GOKUL,40.5378
2026-08-21,GOKUL,42.0279
2026-08-24,GOKUL,43.4694
2026-08-25,GOKUL,43.4721
2026-08-26,GOKUL,43.4955
2026-08-28,GOKUL,43.4955
2026-08-31,GOKUL,43.4955
2026-09-01,GOKUL,42.8439
2026-09-02,GOKUL,42.0869
2026-09-03,GOKUL,42.0869
2026-09-04,GOKUL,42.0869
2026-09-07,GOKUL,42.0869
2026-09-08,GOKUL,42.0869
2026-09-09,GOKUL,42.0869
2026-09-10,GOKUL,42.0869
2026-09-11,GOKUL,42.0869
2026-09-15,GOKUL,42.0869
2026-09-16,GOKUL,42.0869
2026-09-17,GOKUL,42.0869
2026-09-18,GOKUL,42.0869
2026-07-16,GRMOVER,
2026-07-17,GRMOVER,
2026-07-20,GRMOVER,
2026-07-21,GRMOVER,
2026-07-22,GRMOVER,
2026-07-23,GRMOVER,
2026-07-24,GRMOVER,
2026-07-27,GRMOVER,
2026-07-28,GRMOVER,
2026-07-29,GRMOVER,
2026-07-30,GRMOVER,
2026-07-31,GRMOVER,
2026-08-03,GRMOVER,
2026-08-04,GRMOVER,
2026-08-05,GRMOVER,
2026-08-06,GRMOVER,
2026-08-07,GRMOVER,
2026-08-10,GRMOVER,
2026-08-11,GRMOVER,
2026-08-12,GRMOVER,
2026-08-13,GRMOVER,
2026-08-14,GRMOVER,
2026-08-17,GRMOVER,
2026-08-18,GRMOVER,
2026-08-19,GRMOVER,
2026-08-20,GRMOVER,
2026-08-21,GRMOVER,
2026-08-24,GRMOVER,
2026-08-25,GRMOVER,
2026-08-26,GRMOVER,
2026-08-28,GRMOVER,
2026-08-31,GRMOVER,
2026-09-01,GRMOVER,
2026-09-02,GRMOVER,
2026-09-03,GRMOVER,
2026-09-04,GRMOVER,
2026-09-07,GRMOVER,
2026-09-08,GRMOVER,
2026-09-09,GRMOVER,
2026-09-10,GRMOVER,
2026-09-11,GRMOVER,
2026-09-15,GRMOVER,
2026-09-16,GRMOVER,
2026-09-17,GRMOVER,
2026-09-18,GRMOVER,
2026-07-16,HEXAGON,
2026-07-17,HEXAGON,
2026-07-20,HEXAGON,
2026-07-21,HEXAGON,
2026-07-22,HEXAGON,
2026-07-23,HEXAGON,
2026-07-24,HEXAGON,
2026-07-27,HEXAGON,
2026-07-28,HEXAGON,
2026-07-29,HEXAGON,
2026-07-30,HEXAGON,
2026-07-31,HEXAGON,
2026-08-03,HEXAGON,
2026-08-04,HEXAGON,
2026-08-05,HEXAGON,
2026-08-06,HEXAGON,
2026-08-07,HEXAGON,
2026-08-10,HEXAGON,
2026-08-11,HEXAGON,
2026-08-12,HEXAGON,
2026-08-13,HEXAGON,
2026-08-14,HEXAGON,
2026-08-17,HEXAGON,64.0444
2026-08-18,HEXAGON,64.0444
2026-08-19,HEXAGON,64.0444
2026-08-20,HEXAGON,64.0444
2026-08-21,HEXAGON,64.0444
2026-08-24,HEXAGON,64.0444
2026-08-25,HEXAGON,64.0444
2026-08-26,HEXAGON,64.0444
2026-08-28,HEXAGON,64.0444
2026-08-31,HEXAGON,64.0444
2026-09-01,HEXAGON,64.0444
2026-09-02,HEXAGON,64.0444
2026-09-03,HEXAGON,64.0444
2026-09-04,HEXAGON,64.0444
2026-09-07,HEXAGON,64.0444
2026-09-08,HEXAGON,64.0444
2026-09-09,HEXAGON,64.0444
2026-09-10,HEXAGON,64.0444
2026-09-11,HEXAGON,64.0444
2026-09-15,HEXAGON,64.0444
2026-09-16,HEXAGON,64.0444
2026-09-17,HEXAGON,64.0444
2026-09-18,HEXAGON,64.0444
2026-07-16,INDORAMA,
2026-07-17,INDORAMA,
2026-07-20,INDORAMA,
2026-07-21,INDORAMA,
2026-07-22,INDORAMA,
2026-07-23,INDORAMA,
2026-07-24,INDORAMA,
2026-07-27,INDORAMA,
2026-07-28,INDORAMA,
2026-07-29,INDORAMA,
2026-07-30,INDORAMA,
2026-07-31,INDORAMA,
2026-08-03,INDORAMA,
2026-08-04,INDORAMA,
2026-08-05,INDORAMA,
2026-08-06,INDORAMA,
2026-08-07,INDORAMA,
2026-08-10,INDORAMA,
2026-08-11,INDORAMA,
2026-08-12,INDORAMA,
2026-08-13,INDORAMA,
2026-08-14,INDORAMA,
2026-08-17,INDORAMA,
2026-08-18,INDORAMA,
2026-08-19,INDORAMA,
2026-08-20,INDORAMA,
2026-08-21,INDORAMA,
2026-08-24,INDORAMA,
2026-08-25,INDORAMA,
2026-08-26,INDORAMA,
2026-08-28,INDORAMA,
2026-08-31,INDORAMA,
2026-09-01,INDORAMA,
2026-09-02,INDORAMA,
2026-09-03,INDORAMA,
2026-09-04,INDORAMA,
2026-09-07,INDORAMA,
2026-09-08,INDORAMA,74.1302
2026-09-09,INDORAMA,75.6844
2026-09-10,INDORAMA,75.6844
2026-09-11,INDORAMA,75.6844
2026-09-15,INDORAMA,75.6844
2026-09-16,INDORAMA,75.6844
2026-09-17,INDORAMA,75.6844
2026-09-18,INDORAMA,75.6844
2026-07-16,JINDALSTEL,
2026-07-17,JINDALSTEL,
2026-07-20,JINDALSTEL,
2026-07-21,JINDALSTEL,
2026-07-22,JINDALSTEL,
2026-07-23,JINDALSTEL,
2026-07-24,JINDALSTEL,
2026-07-27,JINDALSTEL,
2026-07-28,JINDALSTEL,
2026-07-29,JINDALSTEL,
2026-07-30,JINDALSTEL,
2026-07-31,JINDALSTEL,
2026-08-03,JINDALSTEL,
2026-08-04,JINDALSTEL,
2026-08-05,JINDALSTEL,
2026-08-06,JINDALSTEL,
2026-08-07,JINDALSTEL,
2026-08-10,JINDALSTEL,
2026-08-11,JINDALSTEL,
2026-08-12,JINDALSTEL,
2026-08-13,JINDALSTEL,
2026-08-14,JINDALSTEL,
2026-08-17,JINDALSTEL,
2026-08-18,JINDALSTEL,
2026-08-19,JINDALSTEL,
2026-08-20,JINDALSTEL,
2026-08-21,JINDALSTEL,
2026-08-24,JINDALSTEL,
2026-08-25,JINDALSTEL,
2026-08-26,JINDALSTEL,
2026-08-28,JINDALSTEL,
2026-08-31,JINDALSTEL,
2026-09-01,JINDALSTEL,
2026-09-02,JINDALSTEL,
2026-09-03,JINDALSTEL,1157.1775
2026-09-04,JINDALSTEL,1157.1775
2026-09-07,JINDALSTEL,1157.1775
2026-09-08,JINDALSTEL,1157.1775
2026-09-09,JINDALSTEL,1157.1775
2026-09-10,JINDALSTEL,1157.1775
2026-09-11,JINDALSTEL,1157.1775
2026-09-15,JINDALSTEL,1157.1775
2026-09-16,JINDALSTEL,1157.1775
2026-09-17,JINDALSTEL,1157.1775
2026-09-18,JINDALSTEL,1157.1775
2026-07-16,KABRAEXTRU,
2026-07-17,KABRAEXTRU,
2026-07-20,KABRAEXTRU,
2026-07-21,KABRAEXTRU,
2026-07-22,KABRAEXTRU,
2026-07-23,KABRAEXTRU,
2026-07-24,KABRAEXTRU,
2026-07-27,KABRAEXTRU,
2026-07-28,KABRAEXTRU,
2026-07-29,KABRAEXTRU,
2026-07-30,KABRAEXTRU,
2026-07-31,KABRAEXTRU,
2026-08-03,KABRAEXTRU,
2026-08-04,KABRAEXTRU,
2026-08-05,KABRAEXTRU,
2026-08-06,KABRAEXTRU,
2026-08-07,KABRAEXTRU,
2026-08-10,KABRAEXTRU,
2026-08-11,KABRAEXTRU,
2026-08-12,KABRAEXTRU,
2026-08-13,KABRAEXTRU,
2026-08-14,KABRAEXTRU,
2026-08-17,KABRAEXTRU,
2026-08-18,KABRAEXTRU,
2026-08-19,KABRAEXTRU,
2026-08-20,KABRAEXTRU,
2026-08-21,KABRAEXTRU,
2026-08-24,KABRAEXTRU,
2026-08-25,KABRAEXTRU,
2026-08-26,KABRAEXTRU,
2026-08-28,KABRAEXTRU,
2026-08-31,KABRAEXTRU,
2026-09-01,KABRAEXTRU,
2026-09-02,KABRAEXTRU,
2026-09-03,KABRAEXTRU,
2026-09-04,KABRAEXTRU,
2026-09-07,KABRAEXTRU,
2026-09-08,KABRAEXTRU,
2026-09-09,KABRAEXTRU,
2026-09-10,KABRAEXTRU,
2026-09-11,KABRAEXTRU,
2026-09-15,KABRAEXTRU,
2026-09-16,KABRAEXTRU,
2026-09-17,KABRAEXTRU,
2026-09-18,KABRAEXTRU,
2026-07-16,LAOPALA,
2026-07-17,LAOPALA,
2026-07-20,LAOPALA,
2026-07-21,LAOPALA,
2026-07-22,LAOPALA,
2026-07-23,LAOPALA,
2026-07-24,LAOPALA,
2026-07-27,LAOPALA,
2026-07-28,LAOPALA,
2026-07-29,LAOPALA,
2026-07-30,LAOPALA,
2026-07-31,LAOPALA,
2026-08-03,LAOPALA,
2026-08-04,LAOPALA,
2026-08-05,LAOPALA,
2026-08-06,LAOPALA,
2026-08-07,LAOPALA,
2026-08-10,LAOPALA,
2026-08-11,LAOPALA,
2026-08-12,LAOPALA,
2026-08-13,LAOPALA,
2026-08-14,LAOPALA,
2026-08-17,LAOPALA,
2026-08-18,LAOPALA,
2026-08-19,LAOPALA,
2026-08-20,LAOPALA,
2026-08-21,LAOPALA,
2026-08-24,LAOPALA,
2026-08-25,LAOPALA,
2026-08-26,LAOPALA,
2026-08-28,LAOPALA,
2026-08-31,LAOPALA,
2026-09-01,LAOPALA,
2026-09-02,LAOPALA,
2026-09-03,LAOPALA,
2026-09-04,LAOPALA,
2026-09-07,LAOPALA,
2026-09-08,LAOPALA,
2026-09-09,LAOPALA,
2026-09-10,LAOPALA,
2026-09-11,LAOPALA,
2026-09-15,LAOPALA,
2026-09-16,LAOPALA,160.3581
2026-09-17,LAOPALA,159.6242
2026-09-18,LAOPALA,159.6242
2026-07-16,MAHSEAMLES,
2026-07-17,MAHSEAMLES,
2026-07-20,MAHSEAMLES,
2026-07-21,MAHSEAMLES,
2026-07-22,MAHSEAMLES,
2026-07-23,MAHSEAMLES,
2026-07-24,MAHSEAMLES,
2026-07-27,MAHSEAMLES,
2026-07-28,MAHSEAMLES,
2026-07-29,MAHSEAMLES,
2026-07-30,MAHSEAMLES,
2026-07-31,MAHSEAMLES,
2026-08-03,MAHSEAMLES,
2026-08-04,MAHSEAMLES,
2026-08-05,MAHSEAMLES,
2026-08-06,MAHSEAMLES,
2026-08-07,MAHSEAMLES,
2026-08-10,MAHSEAMLES,
2026-08-11,MAHSEAMLES,
2026-08-12,MAHSEAMLES,
2026-08-13,MAHSEAMLES,
2026-08-14,MAHSEAMLES,
2026-08-17,MAHSEAMLES,
2026-08-18,MAHSEAMLES,
2026-08-19,MAHSEAMLES,
2026-08-20,MAHSEAMLES,
2026-08-21,MAHSEAMLES,
2026-08-24,MAHSEAMLES,
2026-08-25,MAHSEAMLES,
2026-08-26,MAHSEAMLES,
2026-08-28,MAHSEAMLES,
2026-08-31,MAHSEAMLES,
2026-09-01,MAHSEAMLES,
2026-09-02,MAHSEAMLES,
2026-09-03,MAHSEAMLES,
2026-09-04,MAHSEAMLES,
2026-09-07,MAHSEAMLES,
2026-09-08,MAHSEAMLES,
2026-09-09,MAHSEAMLES,
2026-09-10,MAHSEAMLES,
2026-09-11,MAHSEAMLES,
2026-09-15,MAHSEAMLES,
2026-09-16,MAHSEAMLES,
2026-09-17,MAHSEAMLES,
2026-09-18,MAHSEAMLES,
2026-07-16,MANINFRA,
2026-07-17,MANINFRA,
2026-07-20,MANINFRA,
2026-07-21,MANINFRA,
2026-07-22,MANINFRA,
2026-07-23,MANINFRA,
2026-07-24,MANINFRA,
2026-07-27,MANINFRA,
2026-07-28,MANINFRA,
2026-07-29,MANINFRA,
2026-07-30,MANINFRA,
2026-07-31,MANINFRA,
2026-08-03,MANINFRA,
2026-08-04,MANINFRA,
2026-08-05,MANINFRA,
2026-08-06,MANINFRA,
2026-08-07,MANINFRA,
2026-08-10,MANINFRA,
2026-08-11,MANINFRA,
2026-08-12,MANINFRA,
2026-08-13,MANINFRA,
2026-08-14,MANINFRA,
2026-08-17,MANINFRA,
2026-08-18,MANINFRA,
2026-08-19,MANINFRA,
2026-08-20,MANINFRA,
2026-08-21,MANINFRA,
2026-08-24,MANINFRA,
2026-08-25,MANINFRA,
2026-08-26,MANINFRA,
2026-08-28,MANINFRA,
2026-08-31,MANINFRA,
2026-09-01,MANINFRA,
2026-09-02,MANINFRA,
2026-09-03,MANINFRA,
2026-09-04,MANINFRA,
2026-09-07,MANINFRA,
2026-09-08,MANINFRA,
2026-09-09,MANINFRA,
2026-09-10,MANINFRA,
2026-09-11,MANINFRA,
2026-09-15,MANINFRA,
2026-09-16,MANINFRA,
2026-09-17,MANINFRA,
2026-09-18,MANINFRA,
2026-07-16,NPST,
2026-07-17,NPST,
2026-07-20,NPST,
2026-07-21,NPST,
2026-07-22,NPST,
2026-07-23,NPST,
2026-07-24,NPST,
2026-07-27,NPST,
2026-07-28,NPST,
2026-07-29,NPST,
2026-07-30,NPST,
2026-07-31,NPST,
2026-08-03,NPST,
2026-08-04,NPST,
2026-08-05,NPST,
2026-08-06,NPST,
2026-08-07,NPST,
2026-08-10,NPST,
2026-08-11,NPST,
2026-08-12,NPST,
2026-08-13,NPST,
2026-08-14,NPST,
2026-08-17,NPST,
2026-08-18,NPST,
2026-08-19,NPST,
2026-08-20,NPST,
2026-08-21,NPST,
2026-08-24,NPST,
2026-08-25,NPST,
2026-08-26,NPST,
2026-08-28,NPST,
2026-08-31,NPST,
2026-09-01,NPST,
2026-09-02,NPST,
2026-09-03,NPST,
2026-09-04,NPST,
2026-09-07,NPST,
2026-09-08,NPST,
2026-09-09,NPST,
2026-09-10,NPST,
2026-09-11,NPST,
2026-09-15,NPST,
2026-09-16,NPST,
2026-09-17,NPST,
2026-09-18,NPST,
2026-07-16,NRL,
2026-07-17,NRL,
2026-07-20,NRL,
2026-07-21,NRL,
2026-07-22,NRL,
2026-07-23,NRL,
2026-07-24,NRL,
2026-07-27,NRL,
2026-07-28,NRL,
2026-07-29,NRL,
2026-07-30,NRL,
2026-07-31,NRL,
2026-08-03,NRL,
2026-08-04,NRL,
2026-08-05,NRL,
2026-08-06,NRL,
2026-08-07,NRL,
2026-08-10,NRL,
2026-08-11,NRL,
2026-08-12,NRL,
2026-08-13,NRL,
2026-08-14,NRL,
2026-08-17,NRL,
2026-08-18,NRL,
2026-08-19,NRL,
2026-08-20,NRL,
2026-08-21,NRL,
2026-08-24,NRL,
2026-08-25,NRL,
2026-08-26,NRL,
2026-08-28,NRL,
2026-08-31,NRL,
2026-09-01,NRL,
2026-09-02,NRL,
2026-09-03,NRL,
2026-09-04,NRL,
2026-09-07,NRL,
2026-09-08,NRL,
2026-09-09,NRL,
2026-09-10,NRL,
2026-09-11,NRL,
2026-09-15,NRL,
2026-09-16,NRL,
2026-09-17,NRL,
2026-09-18,NRL,
2026-07-16,NURECA,
2026-07-17,NURECA,
2026-07-20,NURECA,
2026-07-21,NURECA,
2026-07-22,NURECA,
2026-07-23,NURECA,
2026-07-24,NURECA,301.0555
2026-07-27,NURECA,308.4266
2026-07-28,NURECA,308.8196
2026-07-29,NURECA,310.9254
2026-07-30,NURECA,310.9254
2026-07-31,NURECA,311.6924
2026-08-03,NURECA,311.6924
2026-08-04,NURECA,311.6924
2026-08-05,NURECA,311.6924
2026-08-06,NURECA,311.6924
2026-08-07,NURECA,311.6924
2026-08-10,NURECA,311.6924
2026-08-11,NURECA,311.6924
2026-08-12,NURECA,311.6924
2026-08-13,NURECA,311.6924
2026-08-14,NURECA,311.6924
2026-08-17,NURECA,311.6924
2026-08-18,NURECA,311.6924
2026-08-19,NURECA,311.6924
2026-08-20,NURECA,311.6924
2026-08-21,NURECA,311.6924
2026-08-24,NURECA,311.6924
2026-08-25,NURECA,311.6924
2026-08-26,NURECA,311.2969
2026-08-28,NURECA,316.5821
2026-08-31,NURECA,316.5821
2026-09-01,NURECA,316.5821
2026-09-02,NURECA,316.5821
2026-09-03,NURECA,316.5821
2026-09-04,NURECA,316.5821
2026-09-07,NURECA,316.5821
2026-09-08,NURECA,316.6518
2026-09-09,NURECA,316.9229
2026-09-10,NURECA,316.9229
2026-09-11,NURECA,316.9229
2026-09-15,NURECA,316.9229
2026-09-16,NURECA,316.9229
2026-09-17,NURECA,316.9229
2026-09-18,NURECA,316.9229
2026-07-16,OBCL,
2026-07-17,OBCL,
2026-07-20,OBCL,
2026-07-21,OBCL,
2026-07-22,OBCL,
2026-07-23,OBCL,
2026-07-24,OBCL,
2026-07-27,OBCL,
2026-07-28,OBCL,
2026-07-29,OBCL,
2026-07-30,OBCL,
2026-07-31,OBCL,
2026-08-03,OBCL,
2026-08-04,OBCL,
2026-08-05,OBCL,53.0598
2026-08-06,OBCL,53.0598
2026-08-07,OBCL,53.0598
2026-08-10,OBCL,53.1011
2026-08-11,OBCL,53.1011
2026-08-12,OBCL,53.1011
2026-08-13,OBCL,52.9444
2026-08-14,OBCL,52.9444
2026-08-17,OBCL,52.9444
2026-08-18,OBCL,53.0231
2026-08-19,OBCL,53.0231
2026-08-20,OBCL,53.0231
2026-08-21,OBCL,53.1663
2026-08-24,OBCL,53.1663
2026-08-25,OBCL,53.2372
2026-08-26,OBCL,53.2372
2026-08-28,OBCL,53.2372
2026-08-31,OBCL,53.2372
2026-09-01,OBCL,53.2372
2026-09-02,OBCL,53.2703
2026-09-03,OBCL,53.2703
2026-09-04,OBCL,53.2703
2026-09-07,OBCL,53.3012
2026-09-08,OBCL,53.3012
2026-09-09,OBCL,53.3012
2026-09-10,OBCL,53.3321
2026-09-11,OBCL,53.3321
2026-09-15,OBCL,53.4474
2026-09-16,OBCL,53.4474
2026-09-17,OBCL,53.4474
2026-09-18,OBCL,53.4474
2026-07-16,OMPOWER,
2026-07-17,OMPOWER,
2026-07-20,OMPOWER,
2026-07-21,OMPOWER,
2026-07-22,OMPOWER,
2026-07-23,OMPOWER,
2026-07-24,OMPOWER,
2026-07-27,OMPOWER,
2026-07-28,OMPOWER,
2026-07-29,OMPOWER,
2026-07-30,OMPOWER,
2026-07-31,OMPOWER,
2026-08-03,OMPOWER,
2026-08-04,OMPOWER,
2026-08-05,OMPOWER,
2026-08-06,OMPOWER,
2026-08-07,OMPOWER,
2026-08-10,OMPOWER,
2026-08-11,OMPOWER,
2026-08-12,OMPOWER,
2026-08-13,OMPOWER,
2026-08-14,OMPOWER,
2026-08-17,OMPOWER,
2026-08-18,OMPOWER,
2026-08-19,OMPOWER,
2026-08-20,OMPOWER,
2026-08-21,OMPOWER,
2026-08-24,OMPOWER,
2026-08-25,OMPOWER,
2026-08-26,OMPOWER,
2026-08-28,OMPOWER,
2026-08-31,OMPOWER,
2026-09-01,OMPOWER,
2026-09-02,OMPOWER,
2026-09-03,OMPOWER,
2026-09-04,OMPOWER,
2026-09-07,OMPOWER,
2026-09-08,OMPOWER,
2026-09-09,OMPOWER,
2026-09-10,OMPOWER,
2026-09-11,OMPOWER,
2026-09-15,OMPOWER,
2026-09-16,OMPOWER,
2026-09-17,OMPOWER,
2026-09-18,OMPOWER,
2026-07-16,PGHH,
2026-07-17,PGHH,
2026-07-20,PGHH,
2026-07-21,PGHH,
2026-07-22,PGHH,
2026-07-23,PGHH,
2026-07-24,PGHH,
2026-07-27,PGHH,
2026-07-28,PGHH,
2026-07-29,PGHH,
2026-07-30,PGHH,
2026-07-31,PGHH,
2026-08-03,PGHH,
2026-08-04,PGHH,
2026-08-05,PGHH,
2026-08-06,PGHH,
2026-08-07,PGHH,
2026-08-10,PGHH,
2026-08-11,PGHH,
2026-08-12,PGHH,
2026-08-13,PGHH,
2026-08-14,PGHH,
2026-08-17,PGHH,
2026-08-18,PGHH,
2026-08-19,PGHH,
2026-08-20,PGHH,
2026-08-21,PGHH,
2026-08-24,PGHH,
2026-08-25,PGHH,
2026-08-26,PGHH,
2026-08-28,PGHH,
2026-08-31,PGHH,
2026-09-01,PGHH,
2026-09-02,PGHH,
2026-09-03,PGHH,
2026-09-04,PGHH,
2026-09-07,PGHH,
2026-09-08,PGHH,
2026-09-09,PGHH,
2026-09-10,PGHH,
2026-09-11,PGHH,
2026-09-15,PGHH,
2026-09-16,PGHH,
2026-09-17,PGHH,
2026-09-18,PGHH,
2026-07-16,PKTEA,
2026-07-17,PKTEA,
2026-07-20,PKTEA,
2026-07-21,PKTEA,
2026-07-22,PKTEA,
2026-07-24,PKTEA,
2026-07-27,PKTEA,
2026-07-28,PKTEA,
2026-07-29,PKTEA,
2026-07-30,PKTEA,
2026-07-31,PKTEA,
2026-08-03,PKTEA,
2026-08-04,PKTEA,
2026-08-05,PKTEA,
2026-08-07,PKTEA,
2026-08-10,PKTEA,
2026-08-11,PKTEA,
2026-08-12,PKTEA,
2026-08-13,PKTEA,
2026-08-14,PKTEA,
2026-08-17,PKTEA,702.5035
2026-08-18,PKTEA,702.5035
2026-08-19,PKTEA,711.5192
2026-08-20,PKTEA,712.9228
2026-08-21,PKTEA,712.9228
2026-08-24,PKTEA,712.9228
2026-08-25,PKTEA,712.9228
2026-08-26,PKTEA,712.9228
2026-08-28,PKTEA,712.9228
2026-08-31,PKTEA,712.9228
2026-09-01,PKTEA,712.9228
2026-09-02,PKTEA,712.9228
2026-09-03,PKTEA,712.9228
2026-09-04,PKTEA,725.7771
2026-09-07,PKTEA,725.7771
2026-09-08,PKTEA,725.7771
2026-09-09,PKTEA,725.7771
2026-09-10,PKTEA,725.7771
2026-09-11,PKTEA,725.7771
2026-09-15,PKTEA,725.7771
2026-09-16,PKTEA,725.7771
2026-09-17,PKTEA,725.7771
2026-09-18,PKTEA,725.7771
2026-07-16,PLASTIBLEN,
2026-07-17,PLASTIBLEN,
2026-07-20,PLASTIBLEN,
2026-07-21,PLASTIBLEN,
2026-07-22,PLASTIBLEN,
2026-07-23,PLASTIBLEN,
2026-07-24,PLASTIBLEN,
2026-07-27,PLASTIBLEN,
2026-07-28,PLASTIBLEN,
2026-07-29,PLASTIBLEN,
2026-07-30,PLASTIBLEN,
2026-07-31,PLASTIBLEN,
2026-08-03,PLASTIBLEN,
2026-08-04,PLASTIBLEN,
2026-08-05,PLASTIBLEN,
2026-08-06,PLASTIBLEN,
2026-08-07,PLASTIBLEN,
2026-08-10,PLASTIBLEN,
2026-08-11,PLASTIBLEN,
2026-08-12,PLASTIBLEN,
2026-08-13,PLASTIBLEN,
2026-08-14,PLASTIBLEN,
2026-08-17,PLASTIBLEN,
2026-08-18,PLASTIBLEN,
2026-08-19,PLASTIBLEN,
2026-08-20,PLASTIBLEN,
2026-08-21,PLASTIBLEN,
2026-08-24,PLASTIBLEN,
2026-08-25,PLASTIBLEN,
2026-08-26,PLASTIBLEN,
2026-08-28,PLASTIBLEN,
2026-08-31,PLASTIBLEN,
2026-09-01,PLASTIBLEN,
2026-09-02,PLASTIBLEN,
2026-09-03,PLASTIBLEN,
2026-09-04,PLASTIBLEN,
2026-09-07,PLASTIBLEN,
2026-09-08,PLASTIBLEN,
2026-09-09,PLASTIBLEN,
2026-09-10,PLASTIBLEN,
2026-09-11,PLASTIBLEN,
2026-09-15,PLASTIBLEN,
2026-09-16,PLASTIBLEN,
2026-09-17,PLASTIBLEN,
2026-09-18,PLASTIBLEN,
2026-07-16,SANDUMA,
2026-07-17,SANDUMA,
2026-07-20,SANDUMA,
2026-07-21,SANDUMA,
2026-07-22,SANDUMA,
2026-07-23,SANDUMA,
2026-07-24,SANDUMA,
2026-07-27,SANDUMA,
2026-07-28,SANDUMA,
2026-07-29,SANDUMA,
2026-07-30,SANDUMA,
2026-07-31,SANDUMA,
2026-08-03,SANDUMA,
2026-08-04,SANDUMA,
2026-08-05,SANDUMA,
2026-08-06,SANDUMA,
2026-08-07,SANDUMA,
2026-08-10,SANDUMA,
2026-08-11,SANDUMA,
2026-08-12,SANDUMA,
2026-08-13,SANDUMA,
2026-08-14,SANDUMA,
2026-08-17,SANDUMA,
2026-08-18,SANDUMA,
2026-08-19,SANDUMA,
2026-08-20,SANDUMA,
2026-08-21,SANDUMA,
2026-08-24,SANDUMA,
2026-08-25,SANDUMA,
2026-08-26,SANDUMA,
2026-08-28,SANDUMA,
2026-08-31,SANDUMA,
2026-09-01,SANDUMA,
2026-09-02,SANDUMA,
2026-09-03,SANDUMA,
2026-09-04,SANDUMA,
2026-09-07,SANDUMA,
2026-09-08,SANDUMA,
2026-09-09,SANDUMA,
2026-09-10,SANDUMA,
2026-09-11,SANDUMA,
2026-09-15,SANDUMA,
2026-09-16,SANDUMA,
2026-09-17,SANDUMA,
2026-09-18,SANDUMA,
2026-07-16,SENCO,
2026-07-17,SENCO,
2026-07-20,SENCO,
2026-07-21,SENCO,
2026-07-22,SENCO,
2026-07-23,SENCO,
2026-07-24,SENCO,
2026-07-27,SENCO,
2026-07-28,SENCO,
2026-07-29,SENCO,
2026-07-30,SENCO,
2026-07-31,SENCO,
2026-08-03,SENCO,
2026-08-04,SENCO,
2026-08-05,SENCO,
2026-08-06,SENCO,
2026-08-07,SENCO,
2026-08-10,SENCO,
2026-08-11,SENCO,
2026-08-12,SENCO,
2026-08-13,SENCO,
2026-08-14,SENCO,
2026-08-17,SENCO,
2026-08-18,SENCO,336.8702
2026-08-19,SENCO,336.8702
2026-08-20,SENCO,336.8702
2026-08-21,SENCO,336.8702
2026-08-24,SENCO,336.8702
2026-08-25,SENCO,336.8702
2026-08-26,SENCO,336.8702
2026-08-28,SENCO,336.8702
2026-08-31,SENCO,336.8702
2026-09-01,SENCO,336.8702
2026-09-02,SENCO,336.8702
2026-09-03,SENCO,336.8702
2026-09-04,SENCO,336.8702
2026-09-07,SENCO,336.8702
2026-09-08,SENCO,336.8702
2026-09-09,SENCO,336.8702
2026-09-10,SENCO,336.8702
2026-09-11,SENCO,336.8702
2026-09-15,SENCO,336.8702
2026-09-16,SENCO,336.8702
2026-09-17,SENCO,336.8702
2026-09-18,SENCO,336.8702
2026-07-16,SGIL,
2026-07-17,SGIL,
2026-07-20,SGIL,
2026-07-21,SGIL,
2026-07-22,SGIL,
2026-07-23,SGIL,
2026-07-24,SGIL,
2026-07-27,SGIL,
2026-07-28,SGIL,
2026-07-29,SGIL,
2026-07-30,SGIL,
2026-07-31,SGIL,
2026-08-03,SGIL,
2026-08-04,SGIL,
2026-08-05,SGIL,
2026-08-06,SGIL,
2026-08-07,SGIL,
2026-08-10,SGIL,
2026-08-11,SGIL,
2026-08-12,SGIL,
2026-08-13,SGIL,
2026-08-14,SGIL,
2026-08-17,SGIL,
2026-08-18,SGIL,
2026-08-19,SGIL,
2026-08-20,SGIL,
2026-08-21,SGIL,
2026-08-24,SGIL,
2026-08-25,SGIL,
2026-08-26,SGIL,
2026-08-28,SGIL,585.0
2026-08-31,SGIL,585.0
2026-09-01,SGIL,585.0
2026-09-02,SGIL,585.0
2026-09-03,SGIL,585.0
2026-09-04,SGIL,585.0
2026-09-07,SGIL,593.3867
2026-09-08,SGIL,593.3867
2026-09-09,SGIL,593.3867
2026-09-10,SGIL,593.3867
2026-09-11,SGIL,593.6235
2026-09-15,SGIL,593.6235
2026-09-16,SGIL,593.6235
2026-09-17,SGIL,593.6235
2026-09-18,SGIL,593.6235
2026-07-16,SIGIND,
2026-07-17,SIGIND,
2026-07-20,SIGIND,
2026-07-21,SIGIND,
2026-07-22,SIGIND,
2026-07-23,SIGIND,
2026-07-24,SIGIND,
2026-07-27,SIGIND,
2026-07-28,SIGIND,
2026-07-29,SIGIND,
2026-07-30,SIGIND,
2026-07-31,SIGIND,
2026-08-03,SIGIND,
2026-08-04,SIGIND,
2026-08-05,SIGIND,
2026-08-06,SIGIND,
2026-08-07,SIGIND,
2026-08-10,SIGIND,
2026-08-11,SIGIND,
2026-08-12,SIGIND,
2026-08-13,SIGIND,
2026-08-14,SIGIND,
2026-08-17,SIGIND,68.8034
2026-08-18,SIGIND,68.124
2026-08-19,SIGIND,68.8548
2026-08-20,SIGIND,70.217
2026-08-21,SIGIND,70.2704
2026-08-24,SIGIND,70.2704
2026-08-25,SIGIND,70.0836
2026-08-26,SIGIND,70.0836
2026-08-28,SIGIND,70.2894
2026-08-31,SIGIND,70.2894
2026-09-01,SIGIND,70.2894
2026-09-02,SIGIND,70.2894
2026-09-03,SIGIND,70.2894
2026-09-04,SIGIND,70.3282
2026-09-07,SIGIND,70.4542
2026-09-08,SIGIND,70.3682
2026-09-09,SIGIND,70.3522
2026-09-10,SIGIND,70.2417
2026-09-11,SIGIND,74.8152
2026-09-15,SIGIND,74.8152
2026-09-16,SIGIND,74.8152
2026-09-17,SIGIND,74.8152
2026-09-18,SIGIND,74.8152
2026-07-16,SILVERTUC,
2026-07-17,SILVERTUC,
2026-07-20,SILVERTUC,
2026-07-21,SILVERTUC,
2026-07-22,SILVERTUC,
2026-07-23,SILVERTUC,
2026-07-24,SILVERTUC,
2026-07-27,SILVERTUC,
2026-07-28,SILVERTUC,
2026-07-29,SILVERTUC,
2026-07-30,SILVERTUC,
2026-07-31,SILVERTUC,
2026-08-03,SILVERTUC,
2026-08-04,SILVERTUC,
2026-08-05,SILVERTUC,
2026-08-06,SILVERTUC,
2026-08-07,SILVERTUC,
2026-08-10,SILVERTUC,
2026-08-11,SILVERTUC,
2026-08-12,SILVERTUC,
2026-08-13,SILVERTUC,
2026-08-14,SILVERTUC,
2026-08-17,SILVERTUC,
2026-08-18,SILVERTUC,
2026-08-19,SILVERTUC,
2026-08-20,SILVERTUC,
2026-08-21,SILVERTUC,
2026-08-24,SILVERTUC,
2026-08-25,SILVERTUC,180.9768
2026-08-26,SILVERTUC,180.9768
2026-08-28,SILVERTUC,180.9768
2026-08-31,SILVERTUC,175.7448
2026-09-01,SILVERTUC,175.7448
2026-09-02,SILVERTUC,175.7448
2026-09-03,SILVERTUC,170.9314
2026-09-04,SILVERTUC,170.9314
2026-09-07,SILVERTUC,170.9314
2026-09-08,SILVERTUC,170.9314
2026-09-09,SILVERTUC,170.7901
2026-09-10,SILVERTUC,170.7901
2026-09-11,SILVERTUC,170.7901
2026-09-15,SILVERTUC,170.7901
2026-09-16,SILVERTUC,170.7901
2026-09-17,SILVERTUC,170.7901
2026-09-18,SILVERTUC,170.7901
2026-07-16,SINCLAIR,
2026-07-17,SINCLAIR,
2026-07-20,SINCLAIR,
2026-07-21,SINCLAIR,
2026-07-22,SINCLAIR,
2026-07-23,SINCLAIR,
2026-07-24,SINCLAIR,
2026-07-27,SINCLAIR,
2026-07-28,SINCLAIR,
2026-07-29,SINCLAIR,
2026-07-30,SINCLAIR,
2026-07-31,SINCLAIR,
2026-08-03,SINCLAIR,
2026-08-04,SINCLAIR,
2026-08-05,SINCLAIR,
2026-08-06,SINCLAIR,
2026-08-07,SINCLAIR,
2026-08-10,SINCLAIR,
2026-08-11,SINCLAIR,
2026-08-12,SINCLAIR,
2026-08-13,SINCLAIR,
2026-08-14,SINCLAIR,
2026-08-17,SINCLAIR,
2026-08-18,SINCLAIR,
2026-08-19,SINCLAIR,
2026-08-20,SINCLAIR,
2026-08-21,SINCLAIR,
2026-08-24,SINCLAIR,
2026-08-25,SINCLAIR,
2026-08-26,SINCLAIR,
2026-08-28,SINCLAIR,79.7763
2026-08-31,SINCLAIR,79.7763
2026-09-01,SINCLAIR,80.1283
2026-09-02,SINCLAIR,80.1283
2026-09-03,SINCLAIR,80.5433
2026-09-04,SINCLAIR,80.6621
2026-09-07,SINCLAIR,80.6621
2026-09-08,SINCLAIR,81.1286
2026-09-09,SINCLAIR,81.1971
2026-09-10,SINCLAIR,81.1971
2026-09-11,SINCLAIR,81.1971
2026-09-15,SINCLAIR,81.112
2026-09-16,SINCLAIR,81.112
2026-09-17,SINCLAIR,81.112
2026-09-18,SINCLAIR,81.112
2026-07-16,SRGHFL,
2026-07-17,SRGHFL,
2026-07-20,SRGHFL,
2026-07-21,SRGHFL,
2026-07-22,SRGHFL,
2026-07-23,SRGHFL,
2026-07-24,SRGHFL,
2026-07-27,SRGHFL,
2026-07-28,SRGHFL,
2026-07-29,SRGHFL,
2026-07-30,SRGHFL,
2026-07-31,SRGHFL,
2026-08-03,SRGHFL,
2026-08-04,SRGHFL,
2026-08-05,SRGHFL,
2026-08-06,SRGHFL,
2026-08-07,SRGHFL,
2026-08-10,SRGHFL,
2026-08-11,SRGHFL,
2026-08-12,SRGHFL,
2026-08-13,SRGHFL,
2026-08-14,SRGHFL,
2026-08-17,SRGHFL,
2026-08-18,SRGHFL,
2026-08-19,SRGHFL,
2026-08-20,SRGHFL,
2026-08-21,SRGHFL,
2026-08-24,SRGHFL,
2026-08-25,SRGHFL,
2026-08-26,SRGHFL,
2026-08-28,SRGHFL,
2026-08-31,SRGHFL,
2026-09-01,SRGHFL,
2026-09-02,SRGHFL,
2026-09-03,SRGHFL,
2026-09-04,SRGHFL,
2026-09-07,SRGHFL,
2026-09-08,SRGHFL,
2026-09-09,SRGHFL,
2026-09-10,SRGHFL,
2026-09-11,SRGHFL,
2026-09-15,SRGHFL,139.681
2026-09-16,SRGHFL,132.2027
2026-09-17,SRGHFL,132.2027
2026-09-18,SRGHFL,132.2027
2026-07-16,SRHHYPOLTD,
2026-07-17,SRHHYPOLTD,
2026-07-20,SRHHYPOLTD,
2026-07-21,SRHHYPOLTD,
2026-07-22,SRHHYPOLTD,
2026-07-23,SRHHYPOLTD,
2026-07-24,SRHHYPOLTD,
2026-07-27,SRHHYPOLTD,
2026-07-28,SRHHYPOLTD,
2026-07-29,SRHHYPOLTD,
2026-07-30,SRHHYPOLTD,
2026-07-31,SRHHYPOLTD,
2026-08-03,SRHHYPOLTD,
2026-08-04,SRHHYPOLTD,
2026-08-05,SRHHYPOLTD,
2026-08-06,SRHHYPOLTD,
2026-08-07,SRHHYPOLTD,
2026-08-10,SRHHYPOLTD,
2026-08-11,SRHHYPOLTD,
2026-08-12,SRHHYPOLTD,
2026-08-13,SRHHYPOLTD,
2026-08-14,SRHHYPOLTD,
2026-08-17,SRHHYPOLTD,
2026-08-18,SRHHYPOLTD,
2026-08-19,SRHHYPOLTD,
2026-08-20,SRHHYPOLTD,
2026-08-21,SRHHYPOLTD,
2026-08-24,SRHHYPOLTD,
2026-08-25,SRHHYPOLTD,
2026-08-26,SRHHYPOLTD,473.208
2026-08-28,SRHHYPOLTD,472.7706
2026-08-31,SRHHYPOLTD,481.6753
2026-09-01,SRHHYPOLTD,485.3246
2026-09-02,SRHHYPOLTD,487.8673
2026-09-03,SRHHYPOLTD,488.0074
2026-09-04,SRHHYPOLTD,488.0074
2026-09-07,SRHHYPOLTD,493.4416
2026-09-08,SRHHYPOLTD,503.4012
2026-09-09,SRHHYPOLTD,507.3311
2026-09-10,SRHHYPOLTD,510.6377
2026-09-11,SRHHYPOLTD,512.0131
2026-09-15,SRHHYPOLTD,512.8871
2026-09-16,SRHHYPOLTD,512.2416
2026-09-17,SRHHYPOLTD,512.7193
2026-09-18,SRHHYPOLTD,513.8018
2026-07-16,STEL,
2026-07-17,STEL,
2026-07-20,STEL,
2026-07-21,STEL,
2026-07-22,STEL,
2026-07-23,STEL,
2026-07-24,STEL,
2026-07-27,STEL,
2026-07-28,STEL,
2026-07-29,STEL,
2026-07-30,STEL,
2026-07-31,STEL,
2026-08-03,STEL,
2026-08-04,STEL,
2026-08-05,STEL,
2026-08-06,STEL,
2026-08-07,STEL,
2026-08-10,STEL,
2026-08-11,STEL,
2026-08-12,STEL,
2026-08-13,STEL,
2026-08-14,STEL,574.8168
2026-08-17,STEL,578.5138
2026-08-18,STEL,579.9088
2026-08-19,STEL,580.0678
2026-08-20,STEL,580.8946
2026-08-21,STEL,585.304
2026-08-24,STEL,603.2105
2026-08-25,STEL,603.4835
2026-08-26,STEL,604.4641
2026-08-28,STEL,604.8533
2026-08-31,STEL,611.4699
2026-09-01,STEL,611.4699
2026-09-02,STEL,611.4445
2026-09-03,STEL,611.4445
2026-09-04,STEL,611.4445
2026-09-07,STEL,611.4445
2026-09-08,STEL,611.4445
2026-09-09,STEL,610.8796
2026-09-10,STEL,609.7014
2026-09-11,STEL,609.2894
2026-09-15,STEL,608.925
2026-09-16,STEL,608.1606
2026-09-17,STEL,608.1606
2026-09-18,STEL,608.1606
2026-07-16,STUDDS,
2026-07-17,STUDDS,
2026-07-20,STUDDS,
2026-07-21,STUDDS,
2026-07-22,STUDDS,
2026-07-23,STUDDS,
2026-07-24,STUDDS,
2026-07-27,STUDDS,
2026-07-28,STUDDS,
2026-07-29,STUDDS,
2026-07-30,STUDDS,
2026-07-31,STUDDS,
2026-08-03,STUDDS,
2026-08-04,STUDDS,
2026-08-05,STUDDS,
2026-08-06,STUDDS,
2026-08-07,STUDDS,
2026-08-10,STUDDS,
2026-08-11,STUDDS,
2026-08-12,STUDDS,
2026-08-13,STUDDS,
2026-08-14,STUDDS,
2026-08-17,STUDDS,
2026-08-18,STUDDS,
2026-08-19,STUDDS,
2026-08-20,STUDDS,
2026-08-21,STUDDS,
2026-08-24,STUDDS,
2026-08-25,STUDDS,
2026-08-26,STUDDS,
2026-08-28,STUDDS,
2026-08-31,STUDDS,
2026-09-01,STUDDS,
2026-09-02,STUDDS,
2026-09-03,STUDDS,
2026-09-04,STUDDS,
2026-09-07,STUDDS,
2026-09-08,STUDDS,
2026-09-09,STUDDS,
2026-09-10,STUDDS,
2026-09-11,STUDDS,417.3422
2026-09-15,STUDDS,417.3422
2026-09-16,STUDDS,417.3422
2026-09-17,STUDDS,417.3422
2026-09-18,STUDDS,417.3422
2026-07-16,TAINWALCHM,
2026-07-17,TAINWALCHM,
2026-07-20,TAINWALCHM,
2026-07-21,TAINWALCHM,
2026-07-22,TAINWALCHM,
2026-07-23,TAINWALCHM,
2026-07-24,TAINWALCHM,
2026-07-27,TAINWALCHM,
2026-07-28,TAINWALCHM,
2026-07-29,TAINWALCHM,
2026-07-30,TAINWALCHM,
2026-07-31,TAINWALCHM,
2026-08-03,TAINWALCHM,
2026-08-04,TAINWALCHM,
2026-08-05,TAINWALCHM,
2026-08-06,TAINWALCHM,
2026-08-07,TAINWALCHM,
2026-08-10,TAINWALCHM,
2026-08-11,TAINWALCHM,
2026-08-12,TAINWALCHM,
2026-08-13,TAINWALCHM,
2026-08-14,TAINWALCHM,
2026-08-17,TAINWALCHM,
2026-08-18,TAINWALCHM,207.7046
2026-08-19,TAINWALCHM,208.3057
2026-08-20,TAINWALCHM,208.3057
2026-08-21,TAINWALCHM,208.3057
2026-08-24,TAINWALCHM,208.3057
2026-08-25,TAINWALCHM,209.3784
2026-08-26,TAINWALCHM,209.9818
2026-08-28,TAINWALCHM,209.9818
2026-08-31,TAINWALCHM,209.9818
2026-09-01,TAINWALCHM,209.9426
2026-09-02,TAINWALCHM,209.9426
2026-09-03,TAINWALCHM,209.9426
2026-09-04,TAINWALCHM,209.9426
2026-09-07,TAINWALCHM,210.1931
2026-09-08,TAINWALCHM,210.1931
2026-09-09,TAINWALCHM,210.7218
2026-09-10,TAINWALCHM,210.6252
2026-09-11,TAINWALCHM,210.6252
2026-09-15,TAINWALCHM,209.8393
2026-09-16,TAINWALCHM,209.8095
2026-09-17,TAINWALCHM,209.8095
2026-09-18,TAINWALCHM,209.8095
2026-07-16,THANGAMAYL,
2026-07-17,THANGAMAYL,
2026-07-20,THANGAMAYL,
2026-07-21,THANGAMAYL,
2026-07-22,THANGAMAYL,
2026-07-23,THANGAMAYL,
2026-07-24,THANGAMAYL,
2026-07-27,THANGAMAYL,
2026-07-28,THANGAMAYL,
2026-07-29,THANGAMAYL,
2026-07-30,THANGAMAYL,
2026-07-31,THANGAMAYL,
2026-08-03,THANGAMAYL,
2026-08-04,THANGAMAYL,4810.6375
2026-08-05,THANGAMAYL,4810.6375
2026-08-06,THANGAMAYL,4870.6335
2026-08-07,THANGAMAYL,5085.3563
2026-08-10,THANGAMAYL,5085.3563
2026-08-11,THANGAMAYL,5085.3563
2026-08-12,THANGAMAYL,5085.3563
2026-08-13,THANGAMAYL,5085.3563
2026-08-14,THANGAMAYL,5085.3563
2026-08-17,THANGAMAYL,5085.3563
2026-08-18,THANGAMAYL,5085.3563
2026-08-19,THANGAMAYL,5085.3563
2026-08-20,THANGAMAYL,5085.3563
2026-08-21,THANGAMAYL,5085.3563
2026-08-24,THANGAMAYL,5187.2939
2026-08-25,THANGAMAYL,5187.2939
2026-08-26,THANGAMAYL,5187.2939
2026-08-28,THANGAMAYL,5187.2939
2026-08-31,THANGAMAYL,5198.756
2026-09-01,THANGAMAYL,5198.756
2026-09-02,THANGAMAYL,5198.756
2026-09-03,THANGAMAYL,5198.756
2026-09-04,THANGAMAYL,5198.756
2026-09-07,THANGAMAYL,5198.756
2026-09-08,THANGAMAYL,5198.756
2026-09-09,THANGAMAYL,5198.756
2026-09-10,THANGAMAYL,5198.756
2026-09-11,THANGAMAYL,5198.756
2026-09-15,THANGAMAYL,5198.756
2026-09-16,THANGAMAYL,5198.756
2026-09-17,THANGAMAYL,5198.756
2026-09-18,THANGAMAYL,5198.756
2026-07-16,TIGERLOGS,
2026-07-17,TIGERLOGS,
2026-07-20,TIGERLOGS,
2026-07-21,TIGERLOGS,
2026-07-22,TIGERLOGS,
2026-07-23,TIGERLOGS,
2026-07-24,TIGERLOGS,
2026-07-27,TIGERLOGS,
2026-07-28,TIGERLOGS,
2026-07-29,TIGERLOGS,
2026-07-30,TIGERLOGS,
2026-07-31,TIGERLOGS,
2026-08-03,TIGERLOGS,
2026-08-04,TIGERLOGS,
2026-08-05,TIGERLOGS,
2026-08-06,TIGERLOGS,
2026-08-07,TIGERLOGS,
2026-08-10,TIGERLOGS,
2026-08-11,TIGERLOGS,
2026-08-12,TIGERLOGS,
2026-08-13,TIGERLOGS,
2026-08-14,TIGERLOGS,
2026-08-17,TIGERLOGS,
2026-08-18,TIGERLOGS,
2026-08-19,TIGERLOGS,29.12
2026-08-20,TIGERLOGS,29.18
2026-08-21,TIGERLOGS,29.18
2026-08-24,TIGERLOGS,29.37
2026-08-25,TIGERLOGS,29.37
2026-08-26,TIGERLOGS,29.37
2026-08-28,TIGERLOGS,29.37
2026-08-31,TIGERLOGS,29.37
2026-09-01,TIGERLOGS,29.37
2026-09-02,TIGERLOGS,29.37
2026-09-03,TIGERLOGS,29.37
2026-09-04,TIGERLOGS,29.37
2026-09-07,TIGERLOGS,29.37
2026-09-08,TIGERLOGS,29.37
2026-09-09,TIGERLOGS,29.37
2026-09-10,TIGERLOGS,29.37
2026-09-11,TIGERLOGS,29.37
2026-09-15,TIGERLOGS,29.37
2026-09-16,TIGERLOGS,28.9375
2026-09-17,TIGERLOGS,28.9375
2026-09-18,TIGERLOGS,28.9375
2026-07-16,TRUALT,
2026-07-17,TRUALT,
2026-07-20,TRUALT,
2026-07-21,TRUALT,
2026-07-22,TRUALT,
2026-07-23,TRUALT,
2026-07-24,TRUALT,
2026-07-27,TRUALT,
2026-07-28,TRUALT,
2026-07-29,TRUALT,
2026-07-30,TRUALT,
2026-07-31,TRUALT,
2026-08-03,TRUALT,
2026-08-04,TRUALT,
2026-08-05,TRUALT,462.9798
2026-08-06,TRUALT,462.9798
2026-08-07,TRUALT,473.6312
2026-08-10,TRUALT,475.1611
2026-08-11,TRUALT,475.3737
2026-08-12,TRUALT,474.9692
2026-08-13,TRUALT,474.9692
2026-08-14,TRUALT,474.9692
2026-08-17,TRUALT,474.9692
2026-08-18,TRUALT,474.9692
2026-08-19,TRUALT,474.9692
2026-08-20,TRUALT,474.9692
2026-08-21,TRUALT,474.9692
2026-08-24,TRUALT,474.9692
2026-08-25,TRUALT,474.9692
2026-08-26,TRUALT,474.9692
2026-08-28,TRUALT,474.9692
2026-08-31,TRUALT,474.9692
2026-09-01,TRUALT,474.9692
2026-09-02,TRUALT,474.9692
2026-09-03,TRUALT,474.9692
2026-09-04,TRUALT,474.9692
2026-09-07,TRUALT,474.9692
2026-09-08,TRUALT,474.9692
2026-09-09,TRUALT,474.9692
2026-09-10,TRUALT,474.9692
2026-09-11,TRUALT,474.9692
2026-09-15,TRUALT,461.9236
2026-09-16,TRUALT,456.9498
2026-09-17,TRUALT,454.2782
2026-09-18,TRUALT,454.2782
2026-07-16,UYFINCORP,
2026-07-17,UYFINCORP,
2026-07-20,UYFINCORP,
2026-07-21,UYFINCORP,
2026-07-22,UYFINCORP,
2026-07-23,UYFINCORP,
2026-07-24,UYFINCORP,
2026-07-27,UYFINCORP,
2026-07-28,UYFINCORP,
2026-07-29,UYFINCORP,
2026-07-30,UYFINCORP,
2026-07-31,UYFINCORP,
2026-08-03,UYFINCORP,
2026-08-04,UYFINCORP,
2026-08-05,UYFINCORP,
2026-08-06,UYFINCORP,
2026-08-07,UYFINCORP,
2026-08-10,UYFINCORP,
2026-08-11,UYFINCORP,
2026-08-12,UYFINCORP,
2026-08-13,UYFINCORP,
2026-08-14,UYFINCORP,
2026-08-17,UYFINCORP,21.2728
2026-08-18,UYFINCORP,21.2728
2026-08-19,UYFINCORP,21.0074
2026-08-20,UYFINCORP,21.0074
2026-08-21,UYFINCORP,21.0074
2026-08-24,UYFINCORP,21.0074
2026-08-25,UYFINCORP,21.0074
2026-08-26,UYFINCORP,21.0074
2026-08-28,UYFINCORP,21.0074
2026-08-31,UYFINCORP,21.0074
2026-09-01,UYFINCORP,21.0074
2026-09-02,UYFINCORP,21.0074
2026-09-03,UYFINCORP,21.0074
2026-09-04,UYFINCORP,21.0074
2026-09-07,UYFINCORP,21.0074
2026-09-08,UYFINCORP,21.0074
2026-09-09,UYFINCORP,21.0074
2026-09-10,UYFINCORP,21.0074
2026-09-11,UYFINCORP,21.0074
2026-09-15,UYFINCORP,21.0074
2026-09-16,UYFINCORP,21.0074
2026-09-17,UYFINCORP,21.0074
2026-09-18,UYFINCORP,21.0074
2026-07-16,VIVIANA,
2026-07-17,VIVIANA,
2026-07-20,VIVIANA,
2026-07-21,VIVIANA,
2026-07-22,VIVIANA,
2026-07-23,VIVIANA,
2026-07-24,VIVIANA,
2026-07-27,VIVIANA,
2026-07-28,VIVIANA,
2026-07-29,VIVIANA,
2026-07-30,VIVIANA,
2026-07-31,VIVIANA,
2026-08-03,VIVIANA,
2026-08-04,VIVIANA,
2026-08-05,VIVIANA,
2026-08-06,VIVIANA,
2026-08-07,VIVIANA,
2026-08-10,VIVIANA,
2026-08-11,VIVIANA,
2026-08-12,VIVIANA,
2026-08-13,VIVIANA,
2026-08-14,VIVIANA,
2026-08-17,VIVIANA,
2026-08-18,VIVIANA,
2026-08-19,VIVIANA,
2026-08-20,VIVIANA,
2026-08-21,VIVIANA,
2026-08-24,VIVIANA,
2026-08-25,VIVIANA,
2026-08-26,VIVIANA,
2026-08-28,VIVIANA,
2026-08-31,VIVIANA,
2026-09-01,VIVIANA,
2026-09-02,VIVIANA,
2026-09-03,VIVIANA,
2026-09-04,VIVIANA,
2026-09-07,VIVIANA,
2026-09-08,VIVIANA,
2026-09-09,VIVIANA,
2026-09-10,VIVIANA,
2026-09-11,VIVIANA,
2026-09-15,VIVIANA,
2026-09-16,VIVIANA,
2026-09-17,VIVIANA,
2026-09-18,VIVIANA,
2026-07-16,VSTL,
2026-07-17,VSTL,
2026-07-20,VSTL,
2026-07-21,VSTL,
2026-07-22,VSTL,
2026-07-23,VSTL,
2026-07-24,VSTL,
2026-07-27,VSTL,
2026-07-28,VSTL,
2026-07-29,VSTL,
2026-07-30,VSTL,
2026-07-31,VSTL,
2026-08-03,VSTL,
2026-08-04,VSTL,
2026-08-05,VSTL,
2026-08-06,VSTL,
2026-08-07,VSTL,
2026-08-10,VSTL,
2026-08-11,VSTL,
2026-08-12,VSTL,
2026-08-13,VSTL,
2026-08-14,VSTL,
2026-08-17,VSTL,106.9592
2026-08-18,VSTL,106.9197
2026-08-19,VSTL,106.9733
2026-08-20,VSTL,106.9733
2026-08-21,VSTL,106.9733
2026-08-24,VSTL,108.5202
2026-08-25,VSTL,108.5202
2026-08-26,VSTL,108.5202
2026-08-28,VSTL,108.5202
2026-08-31,VSTL,110.085
2026-09-01,VSTL,110.4517
2026-09-02,VSTL,110.8166
2026-09-03,VSTL,111.3432
2026-09-04,VSTL,111.3432
2026-09-07,VSTL,111.3432
2026-09-08,VSTL,111.3432
2026-09-09,VSTL,111.3432
2026-09-10,VSTL,111.3432
2026-09-11,VSTL,111.3432
2026-09-15,VSTL,111.3432
2026-09-16,VSTL,111.3432
2026-09-17,VSTL,111.3432
2026-09-18,VSTL,111.3432
2026-07-16,WCIL,
2026-07-17,WCIL,
2026-07-20,WCIL,
2026-07-21,WCIL,
2026-07-22,WCIL,
2026-07-23,WCIL,
2026-07-24,WCIL,
2026-07-27,WCIL,
2026-07-28,WCIL,
2026-07-29,WCIL,
2026-07-30,WCIL,
2026-07-31,WCIL,
2026-08-03,WCIL,
2026-08-04,WCIL,
2026-08-05,WCIL,
2026-08-06,WCIL,
2026-08-07,WCIL,
2026-08-10,WCIL,
2026-08-11,WCIL,
2026-08-12,WCIL,
2026-08-13,WCIL,
2026-08-14,WCIL,
2026-08-17,WCIL,
2026-08-18,WCIL,
2026-08-19,WCIL,
2026-08-20,WCIL,
2026-08-21,WCIL,
2026-08-24,WCIL,
2026-08-25,WCIL,
2026-08-26,WCIL,
2026-08-28,WCIL,
2026-08-31,WCIL,
2026-09-01,WCIL,
2026-09-02,WCIL,
2026-09-03,WCIL,
2026-09-04,WCIL,
2026-09-07,WCIL,
2026-09-08,WCIL,
2026-09-09,WCIL,
2026-09-10,WCIL,
2026-09-11,WCIL,
2026-09-15,WCIL,
2026-09-16,WCIL,
2026-09-17,WCIL,
2026-09-18,WCIL,
