Symbol,CompanyName,ValuePurchased,ReportedBuyQty,ReportedBuyTxn,acqtoDt,TotalQty,NumBuyTxn,PricedValuePurchased,AvgPrice,MissingValueQty,MissingValueTxn,ValueCr,MarketBuyValue,MarketSellValue,NetBuyValue,SellBuyRatioPct,HasMarketSell,SellBuyExclusion,HasPledging,LastPrice,PromoHolding,DMA50,DMA200,SixMonthReturn,PriceDiffPct,AbsDiffPct,FirstBuyDate,LastBuyDate,FirstBuyPrice,LastBuyPrice,WeightedAvgBuyPrice,AccumulationDays,DaysSinceFirstBuy,DaysSinceLastBuy,BuyTxn7D,BuyTxn15D,BuyTxn30D,BuyTxn60D,BuyTxn90D,BuyValue7D,BuyValue15D,BuyValue30D,BuyValue60D,BuyValue90D,NetBuyValue7D,NetBuyValue30D,UniquePromotersBuying,UniquePromotersSelling,BuyAcceleration,Freshness,AccumulationStage,PromoterAvgPrice,CMPvsPromoterAvgPct,SignalStage,MarketCapCr,PE,RevGrowthPct,EBITDAGrowthPct,PATGrowthPct,EPSGrowthPct,ROCEPct,DE_Ratio,OCFPositive,OPMPct,PromoConvictionPct,ScorePromo,ScoreFund,ScoreTech,ScoreRisk,Score,Category
ASTERDM,Aster DM Quality Care Limited,3795783565.0,4996797.0,3,02-09-2026,4996797.0,3,3795783565.0,759.64,0.0,0,379.58,3795783565.0,0.0,3795783565.0,0.0,False,False,False,790.35,41.88,801.41,700.37,20.6,4.0,4.0,31-08-2026,02-09-2026,752.1587952705815,760.0,759.6433405239396,2,8,6,1,3,3,3,3,3503448000.0,3795783565.0,3795783565.0,3795783565.0,3795783565.0,3503448000.0,3795783565.0,1,0,0.923,Fresh,Early Accumulation,759.6433405239396,4.0,Early Accumulation,68927.0,223.0,15.0,147.0,-4.0,-0.28,10.9,0.34,True,20.0,0.551,20,14,20,-3,51,Buy on Breakout
MSPL,MSP STEEL & POWER LIMITED,1164730334.0,27790849.0,24,22-06-2026,27790849.0,24,1164730334.0,41.91,0.0,0,116.47,1164730334.0,0.0,1164730334.0,0.0,False,False,False,34.95,41.61,36.42,35.69,11.3,-16.6,16.6,02-06-2026,22-06-2026,42.298,44.71879963320128,41.995486999151915,20,98,78,0,0,0,0,31,0.0,0.0,0.0,0.0,1258286546.0,0.0,0.0,6,0,0.0,Stale,Stale Accumulation,41.995486999151915,-16.8,Late — Poor Entry,1986.0,14.2,4.0,53.0,890.0,0.39,9.71,0.31,True,6.0,5.865,20,21,10,0,51,Buy on Breakout
IRB,IRB INFRASTRUCTURE DEVELOPERS LIMITED,864971904.0,44391600.0,4,03-09-2026,44391600.0,4,864971904.0,19.49,0.0,0,86.5,864971904.0,0.0,864971904.0,0.0,False,False,False,19.25,34.39,19.75,30.08,-52.3,-1.2,1.2,31-08-2026,03-09-2026,19.436620666666666,19.82350724502777,19.4850355472657,3,8,5,2,4,4,4,4,458484866.0,864971904.0,864971904.0,864971904.0,864971904.0,458484866.0,864971904.0,1,0,0.5301,Fresh,Early Accumulation,19.4850355472657,-1.2,Early Accumulation,23250.0,20.5,-11.0,452.0,30.0,0.22,7.28,0.74,False,37.0,0.372,20,12,0,0,32,Fundamental Watch
CONFIPET,CONFIDENCE PETROLEUM INDIA LIMITED,823889900.0,11320110.0,9,26-08-2026,11320110.0,9,823889900.0,72.78,0.0,0,82.39,823889900.0,0.0,823889900.0,0.0,False,False,False,82.49,61.32,77.05,53.43,182.7,13.3,13.3,19-06-2026,26-08-2026,70.67,80.74,72.54271810256775,68,81,13,0,1,4,4,12,0.0,60232040.0,495980620.0,495980620.0,1205171980.0,0.0,495980620.0,2,0,0.0,Active,Confirmed Accumulation,72.54271810256775,13.7,Mature — Wait for Pullback,2741.0,21.5,75.0,136.0,54.0,1.83,10.9,0.4,True,6.0,3.006,20,26,30,0,76,Strong Buy Setup
DIAMONDYD,Prataap Snacks Limited,595794044.0,507506.0,4,07-08-2026,507506.0,4,595794044.0,1173.96,0.0,0,59.58,595794044.0,0.0,595794044.0,0.0,False,False,False,1129.3,69.75,1167.95,1087.19,11.8,-3.8,3.8,25-06-2026,07-08-2026,1090.0,1179.860001898032,1173.9645324390253,43,75,32,0,0,0,3,4,0.0,0.0,0.0,586966134.0,595794044.0,0.0,0.0,1,0,0.0,Aging,Mature Accumulation,1173.9645324390253,-3.8,Mature — Wait for Pullback,2704.0,212.0,6.0,19.05,194.0,1.03,3.17,0.06,True,3.87,2.203,25,21,15,-5,56,Buy on Breakout
THOMASCOOK,THOMAS COOK (INDIA) LIMITED,483974535.0,4427617.0,4,11-06-2026,4427617.0,4,483974535.0,109.31,0.0,0,48.4,483974535.0,0.0,483974535.0,0.0,False,False,False,109.91,72.34,105.21,112.68,16.6,0.5,0.5,08-06-2026,11-06-2026,103.75710020989752,107.94740176620421,109.30813008442239,3,92,89,0,0,0,0,1,0.0,0.0,0.0,0.0,8348760.0,0.0,0.0,1,0,0.0,Stale,Stale Accumulation,109.30813008442239,0.6,Late — Poor Entry,5173.0,41.5,0.0,42.0,8.0,1.25,9.71,0.06,True,5.0,0.936,25,14,15,0,54,Buy on Breakout
NIITLTD,NIIT Limited,285079344.0,2893000.0,12,31-08-2026,2893000.0,12,285079344.0,98.54,0.0,0,28.51,285079344.0,0.0,285079344.0,0.0,False,False,False,95.34,34.81,97.91,83.73,44.2,-3.2,3.2,08-06-2026,31-08-2026,93.30641025641026,106.77,98.54107984790875,84,92,8,0,6,8,8,8,0.0,134010499.0,142851469.0,142851469.0,142851469.0,0.0,142851469.0,2,0,0.0,Active,Confirmed Accumulation,98.54107984790875,-3.2,Confirmed Accumulation,1307.0,157.0,34.0,-2.0,-78.0,0.79,-0.32,0.0,False,-2.2,2.181,20,8,15,-5,38,Fundamental Watch
SUMEETINDS,SUMEET INDUSTRIES LIMITED,235458000.0,15900000.0,5,14-08-2026,15900000.0,5,235458000.0,14.81,0.0,0,23.55,235458000.0,0.0,235458000.0,0.0,False,False,False,11.39,21.07,21.6,26.94,-60.2,-23.1,23.1,12-08-2026,14-08-2026,14.82,14.64,14.808679245283018,2,27,25,0,0,5,5,5,0.0,0.0,235458000.0,235458000.0,235458000.0,0.0,235458000.0,4,0,0.0,Active,Confirmed Accumulation,14.808679245283018,-23.1,Confirmed Accumulation,791.0,32.0,9.0,8.47,128.0,0.02,14.4,0.76,False,3.11,2.977,20,7,0,-2,25,Avoid
JAYSREETEA,JAY SHREE TEA & INDUSTRIES LTD,111816242.0,1263712.0,3,18-08-2026,1263712.0,3,111816242.0,88.48,0.0,0,11.18,111816242.0,0.0,111816242.0,0.0,False,False,False,94.41,50.68,89.18,86.65,24.5,6.7,6.7,17-08-2026,18-08-2026,88.49123585958849,88.23788546255507,88.48237731381833,1,22,21,0,0,3,3,3,0.0,0.0,111816242.0,111816242.0,111816242.0,0.0,111816242.0,1,0,0.0,Active,Confirmed Accumulation,88.48237731381833,6.7,Confirmed Accumulation,277.0,,6.0,5.54,-147.0,-2.14,0.93,1.09,False,2.73,4.036,20,0,30,-2,48,Watchlist
GRMOVER,GRM OVERSEAS LIMITED,108709329.0,1137827.0,6,24-06-2026,1137827.0,6,108709329.0,95.54,0.0,0,10.87,108709329.0,0.0,108709329.0,0.0,False,False,False,88.17,71.72,90.79,178.83,-45.9,-7.7,7.7,08-06-2026,24-06-2026,121.9935,91.21972,100.13076802447621,16,92,76,0,0,0,0,6,0.0,0.0,0.0,0.0,104093262.0,0.0,0.0,2,0,0.0,Stale,Stale Accumulation,100.13076802447621,-11.9,Late — Poor Entry,1829.0,33.0,39.0,31.0,8.0,0.9,11.3,0.67,False,9.0,0.594,25,10,0,0,35,Fundamental Watch
TRUALT,TRUALT BIOENERGY LIMITED,102230903.0,215306.0,5,12-08-2026,215306.0,5,102230903.0,474.82,0.0,0,10.22,102230903.0,0.0,102230903.0,0.0,False,False,False,415.7,70.55,444.28,432.99,10.8,-12.5,12.5,05-08-2026,12-08-2026,462.97976851851854,467.56,474.96922973406623,7,34,27,0,0,4,8,8,0.0,0.0,76204248.0,183533810.0,183533810.0,0.0,76204248.0,1,0,0.0,Active,Confirmed Accumulation,474.96922973406623,-12.5,Confirmed Accumulation,3563.0,24.9,2.0,127.0,-14.0,6.41,9.89,1.05,False,21.0,0.287,25,5,10,0,40,Watchlist
PONNIERODE,PONNI SUGARS (ERODE) LIMITED,101498680.0,290000.0,1,17-08-2026,290000.0,1,101498680.0,350.0,0.0,0,10.15,101498680.0,0.0,101498680.0,0.0,False,False,False,378.55,42.36,345.03,299.95,36.2,8.2,8.2,17-08-2026,17-08-2026,349.9954482758621,349.9954482758621,349.9954482758621,0,22,22,0,0,1,1,1,0.0,0.0,101498680.0,101498680.0,101498680.0,0.0,101498680.0,1,0,0.0,Active,Mature Accumulation,349.9954482758621,8.2,Confirmed Accumulation,324.0,10.8,22.0,-1.78,175.0,-1.43,7.27,-0.0,True,-1.94,3.133,17,21,25,-2,61,Buy on Breakout
ALEMBICLTD,Alembic Limited,84885276.0,925695.0,5,02-09-2026,925695.0,5,84885276.0,91.7,0.0,0,8.49,84885276.0,0.0,84885276.0,0.0,False,False,False,109.73,70.88,92.23,92.17,23.5,19.7,19.7,17-08-2026,02-09-2026,87.74665695371235,99.08657187993681,91.7739742726077,16,22,6,2,4,6,6,6,1881654.0,35618957.0,85826103.0,85826103.0,85826103.0,1881654.0,85826103.0,1,0,0.0219,Fresh,Confirmed Accumulation,91.7739742726077,19.6,Mature — Wait for Pullback,2816.0,23.1,8.0,14.0,-14.0,0.57,16.9,0.01,True,30.0,0.301,25,13,30,0,68,Strong Buy Setup
APLLTD,Alembic Pharmaceuticals Limited,76922116.0,103110.0,3,18-06-2026,103110.0,3,76922116.0,746.02,0.0,0,7.69,76922116.0,0.0,76922116.0,0.0,False,False,False,808.5,69.61,821.57,788.71,14.3,8.4,8.4,11-06-2026,18-06-2026,746.0249866666667,743.493898718731,746.0199398700418,7,89,82,0,0,0,0,3,0.0,0.0,0.0,0.0,76922116.0,0.0,0.0,1,0,0.0,Stale,Stale Accumulation,746.0199398700418,8.4,Late — Poor Entry,15891.0,20.1,16.0,346.0,88.0,10.02,12.3,0.21,True,19.0,0.048,20,26,25,0,71,Strong Buy Setup
THANGAMAYL,THANGAMAYIL JEWELLERY LIMITED,72054758.0,13860.0,6,31-08-2026,13860.0,6,72054758.0,5198.76,0.0,0,7.21,72054758.0,0.0,72054758.0,0.0,False,False,False,5366.5,67.16,5837.81,4346.69,47.7,3.2,3.2,04-08-2026,31-08-2026,4810.6375,5359.038918918919,5198.755988455989,27,35,8,0,1,2,6,6,0.0,4957111.0,19879002.0,72054758.0,72054758.0,0.0,19879002.0,3,0,0.0,Active,Confirmed Accumulation,5198.755988455989,3.2,Confirmed Accumulation,16675.0,42.5,83.0,145.0,264.0,27.38,25.5,0.64,True,5.0,0.043,20,32,20,0,72,Strong Buy Setup
AEROENTER,AEROFLEX ENTERPRISES LIMITED,65841060.0,614000.0,4,17-06-2026,614000.0,4,65841060.0,107.23,0.0,0,6.58,65841060.0,0.0,65841060.0,0.0,False,False,False,152.65,51.59,130.0,98.8,100.1,42.4,42.4,09-06-2026,17-06-2026,102.44,113.3,107.232996742671,8,91,83,0,0,0,0,3,0.0,0.0,0.0,0.0,48016500.0,0.0,0.0,1,0,0.0,Stale,Stale Accumulation,107.232996742671,42.4,Late — Poor Entry,1728.0,17.2,152.0,-23.0,955.0,8.07,3.05,0.0,False,-831.0,0.381,20,15,30,-2,63,Buy on Breakout
STEL,STEL HOLDINGS LIMITED,56228173.0,95366.0,40,31-08-2026,95366.0,40,56228173.0,589.6,0.0,0,5.62,56228173.0,0.0,56228173.0,0.0,False,False,False,601.4,64.68,575.04,510.78,14.2,2.0,2.0,04-06-2026,31-08-2026,496.3701671891327,650.8548387096774,578.7647399321921,88,96,8,0,9,21,21,32,0.0,6154897.0,19212594.0,19212594.0,47177030.0,0.0,19212594.0,2,0,0.0,Active,Confirmed Accumulation,578.7647399321921,3.9,Confirmed Accumulation,1107.0,56.4,21.0,-0.11,23.0,-0.07,1.58,0.0,False,-110.0,0.508,20,15,25,-2,58,Buy on Breakout
NAVA,NAVA LIMITED,55527014.0,98000.0,3,03-09-2026,98000.0,3,55527014.0,566.6,0.0,0,5.55,55527014.0,0.0,55527014.0,0.0,False,False,False,554.55,48.85,575.78,583.58,-3.3,-2.1,2.1,25-08-2026,03-09-2026,563.6042619047619,560.5844,566.6021836734694,9,14,5,1,3,3,3,3,5605844.0,55527014.0,55527014.0,55527014.0,55527014.0,5605844.0,55527014.0,3,0,0.101,Fresh,Early Accumulation,566.6021836734694,-2.1,Early Accumulation,15700.0,22.4,18.0,152.0,61.0,9.39,16.5,0.01,True,29.0,0.035,15,30,0,0,45,Watchlist
HCLTECH,HCL Technologies Limited,52192113.0,47261.0,1,12-06-2026,47261.0,1,52192113.0,1104.34,0.0,0,5.22,52192113.0,0.0,52192113.0,0.0,False,False,False,1277.0,60.82,1274.2,1387.01,-5.7,15.6,15.6,12-06-2026,12-06-2026,1104.337889591841,1104.337889591841,1104.337889591841,0,88,88,0,0,0,0,1,0.0,0.0,0.0,0.0,52192113.0,0.0,0.0,1,0,0.0,Stale,Stale Accumulation,1104.337889591841,15.6,Late — Poor Entry,346751.0,19.1,7.0,4158.0,44.0,25.89,53.4,0.04,True,29.0,0.002,12,30,10,0,52,Buy on Breakout
JARO,JARO INSTITUTE OF TECHNOLOGY MANAGEMENT AND RESEARCH LIMITED,50036685.0,99795.0,8,26-08-2026,99795.0,8,50036685.0,501.39,0.0,0,5.0,50036685.0,0.0,50036685.0,0.0,False,False,False,441.4,57.33,472.69,490.05,4.6,-12.0,12.0,10-06-2026,26-08-2026,540.2861685214626,462.1643520831252,501.39470915376523,77,90,13,0,1,5,5,7,0.0,9251606.0,23291553.0,23291553.0,45278925.0,0.0,23291553.0,2,0,0.0,Active,Confirmed Accumulation,501.39470915376523,-12.0,Confirmed Accumulation,982.0,17.4,13.0,15.0,35.0,5.02,22.1,0.02,True,21.0,0.509,20,20,5,0,45,Watchlist
NCLIND,NCL INDUSTRIES LIMITED,49444055.0,280918.0,33,04-09-2026,280918.0,33,49444055.0,176.01,0.0,0,4.94,49444055.0,0.0,49444055.0,0.0,False,False,False,176.65,44.48,180.17,184.67,-2.0,0.4,0.4,05-06-2026,04-09-2026,178.50191570881225,176.65993945509587,176.00885311727978,91,95,4,2,6,22,22,30,669319.0,3063006.0,40548211.0,40548211.0,47222494.0,669319.0,40548211.0,5,0,0.0165,Fresh,Confirmed Accumulation,176.00885311727978,0.4,Confirmed Accumulation,809.0,6.52,4.0,40.0,191.0,3.81,14.6,0.25,True,12.0,0.611,20,21,5,0,46,Watchlist
BERGEPAINT,BERGER PAINTS (I) LIMITED,48436318.0,98938.0,5,07-09-2026,98938.0,5,48436318.0,489.56,0.0,0,4.84,48436318.0,0.0,48436318.0,0.0,False,False,False,479.45,75.0,512.35,499.23,10.3,-2.1,2.1,07-09-2026,07-09-2026,485.14018597129575,486.4111749009461,489.56233196547333,0,1,1,5,5,5,5,5,48436318.0,48436318.0,48436318.0,48436318.0,48436318.0,48436318.0,48436318.0,5,0,1.0,Fresh,Early Accumulation,489.56233196547333,-2.1,Early Accumulation,55835.0,47.3,5.0,562.0,8.0,3.16,22.9,0.07,True,17.0,0.009,20,18,10,0,48,Watchlist
AURUM,Aurum PropTech Limited,40379843.0,205000.0,10,29-06-2026,205000.0,10,40379843.0,196.97,0.0,0,4.04,40379843.0,0.0,40379843.0,0.0,False,False,False,227.26,50.34,227.59,191.22,31.0,15.4,15.4,05-06-2026,29-06-2026,191.52652,218.2369,196.97484390243903,24,95,71,0,0,0,0,6,0.0,0.0,0.0,0.0,24448619.0,0.0,0.0,1,0,0.0,Stale,Stale Accumulation,196.97484390243903,15.4,Late — Poor Entry,1640.0,254.0,-48.0,-3.0,2250.0,6.59,1.28,0.01,False,-5760.0,0.246,15,10,25,-5,45,Watchlist
PREMIERPOL,PREMIER POLYFILM LIMITED,39432691.0,698178.0,4,17-06-2026,698178.0,4,39432691.0,56.48,0.0,0,3.94,39432691.0,5525660.0,33907031.0,14.01,True,False,False,90.56,67.46,77.53,58.5,54.2,60.3,60.3,09-06-2026,17-06-2026,55.50999909646718,58.0,56.4794235853894,8,91,83,0,0,0,0,3,0.0,0.0,0.0,0.0,28374100.0,0.0,0.0,1,1,0.0,Stale,Stale Accumulation,56.4794235853894,60.3,Late — Poor Entry,949.0,27.2,19.0,13.52,34.0,0.87,30.8,0.0,True,15.38,0.415,23,25,30,0,78,Strong Buy Setup
LIBERTSHOE,LIBERTY SHOES LIMITED,34642450.0,135000.0,7,19-08-2026,135000.0,7,34642450.0,256.61,0.0,0,3.46,34642450.0,2774200.0,31868250.0,8.01,True,False,False,226.85,58.5,254.64,257.03,1.2,-11.6,11.6,30-06-2026,19-08-2026,268.783925,244.0,256.61074074074077,50,70,20,0,0,5,5,7,0.0,0.0,17097005.0,17097005.0,34642450.0,0.0,17097005.0,2,1,0.0,Active,Confirmed Accumulation,256.61074074074077,-11.6,Confirmed Accumulation,385.0,45.2,6.0,13.51,-39.0,0.4,7.91,0.71,True,7.95,0.899,18,6,5,0,29,Avoid
PARADEEP,PARADEEP PHOSPHATES LIMITED,34603343.0,245273.0,3,19-08-2026,245273.0,3,34603343.0,141.08,0.0,0,3.46,34603343.0,0.0,34603343.0,0.0,False,False,False,159.79,56.08,147.66,136.69,45.3,13.3,13.3,18-06-2026,19-08-2026,132.94000473384574,150.6,138.6435554326507,62,82,20,0,0,1,1,5,0.0,0.0,15060000.0,15060000.0,54146686.0,0.0,15060000.0,1,0,0.0,Active,Confirmed Accumulation,138.6435554326507,15.3,Mature — Wait for Pullback,16592.0,15.3,28.0,720.0,14.0,3.78,15.4,1.02,False,12.0,0.021,15,14,30,0,59,Buy on Breakout
GANESHCP,GANESH CONSUMER PRODUCTS LIMITED,33968886.0,179300.0,5,02-09-2026,179300.0,5,33968886.0,189.45,0.0,0,3.4,33968886.0,0.0,33968886.0,0.0,False,False,False,169.71,64.08,173.74,196.67,-4.4,-10.4,10.4,19-06-2026,02-09-2026,199.3987,167.22016666666667,189.45279419966536,75,81,6,1,2,2,2,5,3009963.0,8001009.0,8001009.0,8001009.0,33968886.0,3009963.0,8001009.0,2,0,0.3762,Fresh,Confirmed Accumulation,189.45279419966536,-10.4,Confirmed Accumulation,683.0,15.1,-1.0,21.0,45.0,3.1,19.3,0.07,True,11.0,0.498,20,25,0,0,45,Watchlist
KCP,KCP LIMITED,30763394.0,191174.0,7,30-06-2026,191174.0,7,30763394.0,160.92,0.0,0,3.08,30763394.0,5240000.0,25523394.0,17.03,True,False,False,162.11,43.93,163.9,166.64,2.7,0.7,0.7,05-06-2026,30-06-2026,160.84061985327145,140.46881505537513,160.91322140300784,25,95,70,0,0,0,0,5,0.0,0.0,0.0,0.0,14276488.0,0.0,0.0,2,1,0.0,Stale,Stale Accumulation,160.91322140300784,0.7,Late — Poor Entry,2091.0,17.7,10.0,18.51,186.0,0.04,14.3,0.49,True,4.76,0.147,13,21,10,-2,42,Watchlist
RGL,Renaissance Global Limited,30063761.0,297965.0,2,11-06-2026,297965.0,2,30063761.0,100.9,0.0,0,3.01,30063761.0,0.0,30063761.0,0.0,False,False,False,150.0,69.56,125.02,115.62,38.8,48.7,48.7,10-06-2026,11-06-2026,95.70170033911258,101.7464416945539,100.89695434027486,1,90,89,0,0,0,0,1,0.0,0.0,0.0,0.0,26056348.0,0.0,0.0,1,0,0.0,Stale,Stale Accumulation,100.89695434027486,48.7,Late — Poor Entry,1608.0,56.1,7.0,22.0,0.0,0.95,5.75,0.52,True,5.0,0.187,17,11,30,0,58,Buy on Breakout
BAJAJHCARE,BAJAJ HEALTHCARE LIMITED,29730147.0,100000.0,1,12-06-2026,100000.0,1,29730147.0,297.3,0.0,0,2.97,29730147.0,0.0,29730147.0,0.0,False,False,False,336.7,67.69,334.58,345.82,6.0,13.3,13.3,12-06-2026,12-06-2026,297.30147,297.30147,297.30147,0,88,88,0,0,0,0,1,0.0,0.0,0.0,0.0,29730147.0,0.0,0.0,1,0,0.0,Stale,Stale Accumulation,297.30147,13.3,Late — Poor Entry,1133.0,20.1,12.0,29.0,20.0,4.07,11.5,0.47,True,17.0,0.262,22,21,15,0,58,Buy on Breakout
ASHAPURMIN,ASHAPURA MINECHEM LIMITED,29200553.0,50000.0,2,27-08-2026,50000.0,2,29200553.0,584.01,0.0,0,2.92,29200553.0,0.0,29200553.0,0.0,False,False,False,549.35,45.33,642.21,657.03,7.0,-5.9,5.9,26-08-2026,27-08-2026,584.31052,583.7116,584.01106,1,13,12,0,2,2,2,2,0.0,29200553.0,29200553.0,29200553.0,29200553.0,0.0,29200553.0,1,0,0.0,Active,Confirmed Accumulation,584.01106,-5.9,Confirmed Accumulation,5246.0,34.8,9.0,33.0,67.0,2.59,36.6,0.12,True,30.0,0.056,12,25,5,0,42,Watchlist
SESHAPAPER,SESHASAYEE PAPER AND BOARDS LIMITED,27753590.0,122664.0,4,30-07-2026,122664.0,4,27753590.0,226.26,0.0,0,2.78,27753590.0,0.0,27753590.0,0.0,False,False,False,243.98,42.78,229.33,241.75,-8.3,7.8,7.8,25-06-2026,30-07-2026,224.8249,234.38820971249095,226.137393857188,35,75,40,0,0,0,2,10,0.0,0.0,0.0,9701328.0,60852442.0,0.0,0.0,3,0,0.0,Aging,Mature Accumulation,226.137393857188,7.9,Mature — Wait for Pullback,1538.0,18.2,6.0,44.0,1.0,5.33,5.09,-0.0,True,9.0,0.181,15,14,20,0,49,Watchlist
SINCLAIR,SINCLAIRS HOTELS LIMITED,26554625.0,340042.0,7,04-09-2026,340042.0,7,26554625.0,78.09,0.0,0,2.66,26554625.0,0.0,26554625.0,0.0,False,False,False,84.03,62.78,76.5,78.16,8.2,7.6,7.6,05-06-2026,04-09-2026,74.39902007765053,84.21992324378442,78.09219155280819,91,95,4,2,4,4,4,5,2010254.0,14951696.0,14951696.0,14951696.0,16633076.0,2010254.0,14951696.0,1,0,0.1344,Fresh,Confirmed Accumulation,78.09219155280819,7.6,Confirmed Accumulation,431.0,40.0,21.0,8.39,-19.0,1.54,8.73,0.28,True,41.64,0.617,20,14,25,0,59,Buy on Breakout
MANINFRA,MAN INFRACONSTRUCTION LIMITED,26297500.0,250000.0,1,25-06-2026,250000.0,1,26297500.0,105.19,0.0,0,2.63,26297500.0,0.0,26297500.0,0.0,False,False,False,127.75,67.15,108.12,112.05,27.1,21.4,21.4,25-06-2026,25-06-2026,105.19,105.19,105.19,0,75,75,0,0,0,0,3,0.0,0.0,0.0,0.0,78892500.0,0.0,0.0,1,0,0.0,Stale,Stale Accumulation,105.19,21.4,Late — Poor Entry,5158.0,33.6,-25.0,71.0,-11.0,1.48,10.7,0.0,True,69.0,0.051,17,14,20,0,51,Buy on Breakout
NIITMTS,NIIT Learning Systems Limited,25294862.0,112588.0,4,09-06-2026,112588.0,4,25294862.0,224.67,0.0,0,2.53,25294862.0,0.0,25294862.0,0.0,False,False,False,223.51,34.84,236.58,304.77,-30.3,-0.5,0.5,08-06-2026,09-06-2026,224.11,225.7899861657976,224.6674778839663,1,92,91,0,0,0,0,0,0.0,0.0,0.0,0.0,0.0,0.0,0.0,2,0,0.0,Stale,Stale Accumulation,224.6674778839663,-0.5,Late — Poor Entry,3080.0,25.7,6.0,22.0,-8.0,2.06,18.3,0.03,True,16.0,0.082,15,18,0,0,33,Fundamental Watch
PKTEA,THE PERIA KARAMALAI TEA & PRODUCE COMPANY LIMITED,21291589.0,29001.0,4,04-09-2026,29001.0,4,21291589.0,734.17,0.0,0,2.13,21291589.0,0.0,21291589.0,0.0,False,False,False,972.75,61.71,737.32,764.83,23.1,32.5,32.5,17-08-2026,04-09-2026,702.5034911525586,790.3904078203758,725.7771441605839,18,22,4,1,1,5,5,5,5174686.0,5174686.0,28636263.0,28636263.0,28636263.0,5174686.0,28636263.0,1,0,0.1807,Fresh,Confirmed Accumulation,725.7771441605839,34.0,Late — Poor Entry,301.0,,9.0,11.91,-184.0,31.98,0.27,0.1,True,57.93,0.708,20,14,25,0,59,Buy on Breakout
OBCL,OBCL LIMITED,20696794.0,386598.0,10,07-09-2026,386598.0,10,20696794.0,53.54,0.0,0,2.07,20696794.0,0.0,20696794.0,0.0,False,False,False,55.63,67.23,54.02,55.1,-0.6,3.9,3.9,09-06-2026,07-09-2026,55.49588477366255,54.897298947047155,53.53569858095489,90,91,1,2,3,7,9,9,769644.0,1889908.0,14844955.0,18404259.0,18404259.0,769644.0,14844955.0,2,0,0.0518,Fresh,Confirmed Accumulation,53.53569858095489,3.9,Confirmed Accumulation,118.0,,6.0,2.47,-3779.0,-0.05,-1.26,0.8,True,3.0,1.754,25,6,15,-2,44,Watchlist
NINSYS,Nintec Systems Limited,20039124.0,26000.0,17,30-06-2026,26000.0,17,20039124.0,770.74,0.0,0,2.0,20039124.0,0.0,20039124.0,0.0,False,False,False,709.1,47.23,790.06,539.1,126.7,-8.0,8.0,19-06-2026,30-06-2026,700.662,827.6113333333333,766.9428148148148,11,81,70,0,0,0,0,33,0.0,0.0,0.0,0.0,31061184.0,0.0,0.0,1,0,0.0,Stale,Stale Accumulation,766.9428148148148,-7.5,Late — Poor Entry,1306.0,44.4,17.0,10.62,17.0,4.44,50.3,0.02,True,41.45,0.153,15,25,15,0,55,Buy on Breakout
GANDHAR,Gandhar Oil Refinery (India) Limited,19941912.0,125738.0,3,16-06-2026,125738.0,3,19941912.0,158.6,0.0,0,1.99,19941912.0,0.0,19941912.0,0.0,False,False,False,264.05,64.63,234.97,168.14,98.6,66.5,66.5,08-06-2026,16-06-2026,157.53204,159.5321,158.5989279295042,8,92,84,0,0,0,0,1,0.0,0.0,0.0,0.0,7976605.0,0.0,0.0,1,0,0.0,Stale,Stale Accumulation,158.5989279295042,66.5,Late — Poor Entry,2585.0,8.88,36.0,249.0,301.0,18.27,15.5,0.07,True,16.0,0.077,15,35,30,0,80,Strong Buy Setup
CSLFINANCE,CSL Finance Limited,19500047.0,208424.0,19,01-09-2026,100030.0,11,19500047.0,194.94,108394.0,8,1.95,19500047.0,0.0,19500047.0,0.0,False,False,False,241.85,47.71,223.45,249.42,-5.2,24.1,24.1,17-08-2026,01-09-2026,0.0,240.0,209.64654026807193,15,22,7,0,14,32,32,32,0.0,31068064.0,36600093.0,36600093.0,36600093.0,0.0,36600093.0,2,0,0.0,Fresh,Confirmed Accumulation,209.64654026807193,15.4,Mature — Wait for Pullback,551.0,6.33,19.0,,16.0,9.72,14.5,1.38,False,,0.354,20,12,15,0,47,Watchlist
PNGSREVA,PNGS REVA DIAMOND JEWELLERY LIMITED,17516080.0,50238.0,3,25-06-2026,45238.0,2,17516080.0,387.2,5000.0,1,1.75,17516080.0,0.0,17516080.0,0.0,False,False,False,546.55,63.09,482.0,,47.9,41.2,41.2,18-06-2026,25-06-2026,387.21,0.0,387.1983730492064,7,82,75,0,0,0,0,3,0.0,0.0,0.0,0.0,17516080.0,0.0,0.0,1,0,0.0,Stale,Stale Accumulation,387.1983730492064,41.2,Late — Poor Entry,1729.0,20.5,581.0,34.0,881.0,8.58,22.0,0.33,False,29.0,0.101,12,24,20,0,56,Buy on Breakout
NURECA,NURECA LIMITED,17377888.0,55287.0,11,28-08-2026,55287.0,11,17377888.0,314.32,0.0,0,1.74,17377888.0,0.0,17377888.0,0.0,False,False,False,318.1,63.24,302.66,278.4,15.4,1.2,1.2,24-07-2026,28-08-2026,301.14995815899584,335.9716666666667,316.1468258224667,35,46,11,0,8,8,15,15,0.0,6508340.0,6508340.0,20632058.0,20632058.0,0.0,6508340.0,2,0,0.0,Active,Confirmed Accumulation,316.1468258224667,0.6,Confirmed Accumulation,300.0,138.0,22.0,2.45,264.0,2.55,2.07,0.01,False,6.06,0.58,20,15,25,-3,57,Buy on Breakout
AVONMORE,AVONMORE CAPITAL & MANAGEMENT SERVICES LIMITED,16937742.0,1353222.0,17,07-09-2026,1353222.0,17,16937742.0,12.52,0.0,0,1.69,16937742.0,0.0,16937742.0,0.0,False,False,False,14.06,69.12,11.46,13.41,-5.0,12.3,12.3,10-08-2026,07-09-2026,11.28707,13.955261820030504,12.477061363063008,28,29,1,3,9,18,18,18,2172554.0,5396634.0,17508087.0,17508087.0,17508087.0,2172554.0,17508087.0,1,0,0.1241,Fresh,Confirmed Accumulation,12.477061363063008,12.7,Mature — Wait for Pullback,398.0,1283.0,-61.0,,-98.0,0.01,2.46,0.44,True,,0.425,25,9,20,-3,51,Buy on Breakout
GOKUL,GOKUL REFOILS AND SOLVENT LIMITED,16566269.0,390107.0,26,02-09-2026,390107.0,26,16566269.0,42.47,0.0,0,1.66,16566269.0,0.0,16566269.0,0.0,False,False,False,42.54,71.79,40.74,39.72,6.6,0.2,0.2,09-06-2026,02-09-2026,40.9733893557423,41.23762857142857,42.05159572755449,85,91,6,10,14,20,20,30,10310840.0,14759827.0,22247438.0,22247438.0,24491220.0,10310840.0,22247438.0,1,0,0.4635,Fresh,Confirmed Accumulation,42.05159572755449,1.2,Confirmed Accumulation,421.0,104.0,246.0,0.91,10.0,0.14,2.16,0.0,False,4.21,0.394,25,8,25,-5,53,Buy on Breakout
DBOL,Dhampur Bio Organics Limited,15157366.0,137268.0,6,06-08-2026,137268.0,6,15157366.0,110.42,0.0,0,1.52,15157366.0,0.0,15157366.0,0.0,False,False,False,126.12,50.45,115.48,102.82,24.3,14.2,14.2,25-06-2026,06-08-2026,111.72,110.98966666666666,110.42170061485561,42,75,33,0,0,0,4,6,0.0,0.0,0.0,5425406.0,15157366.0,0.0,0.0,2,0,0.0,Aging,Mature Accumulation,110.42170061485561,14.2,Mature — Wait for Pullback,838.0,34.4,2.0,11.0,618.0,5.78,4.95,1.03,True,2.0,0.181,15,13,30,-2,56,Buy on Breakout
DOLLAR,DOLLAR INDUSTRIES LIMITED,14833500.0,55000.0,1,24-06-2026,55000.0,1,14833500.0,269.7,0.0,0,1.48,14833500.0,0.0,14833500.0,0.0,False,False,False,264.75,73.09,267.83,291.35,-2.5,-1.8,1.8,24-06-2026,24-06-2026,269.7,269.7,269.7,0,76,76,0,0,0,0,1,0.0,0.0,0.0,0.0,14833500.0,0.0,0.0,1,0,0.0,Stale,Stale Accumulation,269.7,-1.8,Late — Poor Entry,1500.0,13.6,6.0,46.0,18.0,4.31,13.6,0.28,True,12.0,0.099,17,21,0,0,38,Fundamental Watch
STANLEY,STANLEY LIFESTYLES LIMITED,14688935.0,101000.0,1,03-06-2026,101000.0,1,14688935.0,145.44,0.0,0,1.47,14688935.0,0.0,14688935.0,0.0,False,False,False,138.59,56.81,147.84,165.88,-10.5,-4.7,4.7,03-06-2026,03-06-2026,145.435,145.435,145.435,0,97,97,0,0,0,0,0,0.0,0.0,0.0,0.0,0.0,0.0,0.0,1,0,0.0,Stale,Stale Accumulation,145.435,-4.7,Late — Poor Entry,794.0,83.2,-7.0,5.15,-56.0,0.67,4.4,0.2,True,9.33,0.185,12,9,0,-3,18,Avoid
EIEL,ENVIRO INFRA ENGINEERS LIMITED,13430794.0,70000.0,3,02-09-2026,70000.0,3,13430794.0,191.87,0.0,0,1.34,13430794.0,0.0,13430794.0,0.0,False,False,False,196.2,70.02,213.48,194.49,35.9,2.3,2.3,31-08-2026,02-09-2026,196.0,189.75001109680855,191.86848571428573,2,8,6,1,3,3,3,3,4274878.0,13430794.0,13430794.0,13430794.0,13430794.0,4274878.0,13430794.0,2,0,0.3183,Fresh,Early Accumulation,191.86848571428573,2.3,Early Accumulation,3449.0,20.4,-4.0,51.0,-9.0,2.04,20.8,0.15,False,21.0,0.039,20,12,20,0,52,Buy on Breakout
SIGIND,Signet Industries Limited,13199494.0,187260.0,11,07-09-2026,187260.0,11,13199494.0,70.49,0.0,0,1.32,13199494.0,0.0,13199494.0,0.0,False,False,False,69.88,72.57,58.56,51.79,55.6,-0.9,0.9,17-08-2026,07-09-2026,68.80343785960875,71.08530041036792,70.48752536580156,21,22,1,2,6,11,11,11,2797000.0,6175057.0,13199494.0,13199494.0,13199494.0,2797000.0,13199494.0,1,0,0.2119,Fresh,Confirmed Accumulation,70.48752536580156,-0.9,Confirmed Accumulation,204.0,8.66,17.0,27.97,17.0,2.73,13.7,1.86,True,9.14,0.647,25,23,20,0,68,Strong Buy Setup
MBEL,M & B Engineering Limited,12860369.0,44000.0,4,16-06-2026,44000.0,4,12860369.0,292.28,0.0,0,1.29,12860369.0,0.0,12860369.0,0.0,False,False,False,267.7,70.45,293.28,318.51,-8.0,-8.4,8.4,11-06-2026,16-06-2026,283.0559166666667,309.5979,297.217890625,5,89,84,0,0,0,0,6,0.0,0.0,0.0,0.0,19021945.0,0.0,0.0,4,0,0.0,Stale,Stale Accumulation,297.217890625,-9.9,Late — Poor Entry,1533.0,19.4,13.0,21.0,-4.0,2.56,19.9,0.13,False,8.0,0.084,20,12,0,0,32,Fundamental Watch
VIVIANA,VIVIANA POWER TECH LIMITED,12408320.0,15222.0,3,29-06-2026,15222.0,3,12408320.0,815.16,0.0,0,1.24,12408320.0,0.0,12408320.0,0.0,False,False,False,740.85,73.2,738.95,,-18.5,-9.1,9.1,19-06-2026,29-06-2026,792.1204188481676,827.541219456497,815.1570095913809,10,81,71,0,0,0,0,3,0.0,0.0,0.0,0.0,12408320.0,0.0,0.0,2,0,0.0,Stale,Stale Accumulation,815.1570095913809,-9.1,Late — Poor Entry,750.0,13.6,185.0,11.55,204.0,6.84,50.7,0.81,True,16.07,0.165,20,22,5,0,47,Watchlist
ALMONDZ,ALMONDZ GLOBAL SECURITIES LIMITED,11994750.0,697858.0,6,04-09-2026,697858.0,6,11994750.0,17.19,0.0,0,1.2,11994750.0,0.0,11994750.0,0.0,False,False,False,19.61,58.19,14.46,15.07,36.2,14.1,14.1,27-08-2026,04-09-2026,16.274902564102565,17.962781818181817,17.187952276824223,8,12,4,2,6,6,6,6,3712118.0,11994750.0,11994750.0,11994750.0,11994750.0,3712118.0,11994750.0,1,0,0.3095,Fresh,Early Accumulation,17.187952276824223,14.1,Mature — Wait for Pullback,344.0,78.4,111.0,5.69,70.0,0.28,2.19,0.17,False,40.01,0.349,20,15,25,-3,57,Buy on Breakout
SRHHYPOLTD,Sree Rayalaseema Hi-Strength Hypo Limited,11150682.0,22507.0,9,08-09-2026,22507.0,9,11150682.0,495.43,0.0,0,1.12,11150682.0,0.0,11150682.0,0.0,False,False,False,527.9,62.09,492.32,488.24,18.5,6.6,6.6,26-08-2026,08-09-2026,473.208,530.8608888888889,495.4317323499356,13,13,0,4,9,9,9,9,4502708.0,11150682.0,11150682.0,11150682.0,11150682.0,4502708.0,11150682.0,2,0,0.4038,Fresh,Early Accumulation,495.4317323499356,6.6,Early Accumulation,906.0,8.91,7.0,30.0,0.0,14.66,14.4,0.01,True,14.0,0.124,15,14,30,0,59,Buy on Breakout
CHEMBONDCH,CHEMBOND CHEMICALS LIMITED,11080000.0,45500.0,3,25-08-2026,45500.0,3,11080000.0,243.52,0.0,0,1.11,11080000.0,0.0,11080000.0,0.0,False,False,False,259.95,67.65,251.59,181.9,76.5,6.7,6.7,06-08-2026,25-08-2026,230.0,271.0,238.0921052631579,19,33,14,0,1,1,5,5,0.0,4065000.0,4065000.0,18095000.0,18095000.0,0.0,4065000.0,2,0,0.0,Active,Confirmed Accumulation,238.0921052631579,9.2,Confirmed Accumulation,676.0,56.5,3.0,2.99,97.0,1.0,11.6,-0.0,True,16.21,0.164,20,16,30,0,66,Strong Buy Setup
ARSSBL,Anand Rathi Share and Stock Brokers Limited,10900691.0,20000.0,1,16-06-2026,20000.0,1,10900691.0,545.03,0.0,0,1.09,10900691.0,0.0,10900691.0,0.0,False,False,False,513.65,69.9,525.46,557.84,4.2,-5.8,5.8,16-06-2026,16-06-2026,545.03455,545.03455,545.03455,0,84,84,0,0,0,0,2,0.0,0.0,0.0,0.0,21801382.0,0.0,0.0,1,0,0.0,Stale,Stale Accumulation,545.03455,-5.8,Late — Poor Entry,3239.0,21.9,17.0,97.0,53.0,3.73,19.8,0.62,True,40.0,0.034,17,27,5,0,49,Watchlist
SILVERTUC,SILVER TOUCH TECHNOLOGIES LIMITED,10836064.0,63000.0,3,03-09-2026,63000.0,3,10836064.0,172.0,0.0,0,1.08,10836064.0,0.0,10836064.0,0.0,False,False,False,161.1,74.59,189.77,534.45,-88.0,-6.3,6.3,25-08-2026,03-09-2026,180.9767857142857,169.00597142857143,170.93135714285714,9,14,5,4,8,8,8,8,23660836.0,33502546.0,33502546.0,33502546.0,33502546.0,23660836.0,33502546.0,1,0,0.7062,Fresh,Early Accumulation,170.93135714285714,-5.8,Early Accumulation,2045.0,46.9,20.0,17.0,83.0,0.8,30.3,0.2,True,23.0,0.053,20,30,0,0,50,Buy on Breakout
VISAKAIND,Visaka Industries Limited,9980229.0,135049.0,8,18-06-2026,135049.0,8,9980229.0,73.9,0.0,0,1.0,9980229.0,0.0,9980229.0,0.0,False,False,False,93.12,48.42,87.42,72.07,57.0,26.0,26.0,04-06-2026,18-06-2026,71.67635807192043,77.27906976744185,73.90079896926301,14,96,82,0,0,0,0,3,0.0,0.0,0.0,0.0,2982877.0,0.0,0.0,1,0,0.0,Stale,Stale Accumulation,73.90079896926301,26.0,Late — Poor Entry,805.0,11.9,11.0,88.0,439.0,5.79,7.03,0.36,True,15.0,0.124,15,21,30,0,66,Strong Buy Setup
GREENPANEL,Greenpanel Industries Limited,9904150.0,61500.0,1,28-08-2026,61500.0,1,9904150.0,161.04,0.0,0,0.99,9904150.0,0.0,9904150.0,0.0,False,False,False,161.69,53.12,181.34,205.26,-20.1,0.4,0.4,28-08-2026,28-08-2026,161.0430894308943,161.0430894308943,161.0430894308943,0,11,11,0,2,2,2,2,0.0,19808300.0,19808300.0,19808300.0,19808300.0,0.0,19808300.0,1,0,0.0,Active,Confirmed Accumulation,161.0430894308943,0.4,Confirmed Accumulation,1984.0,295.0,12.0,29.89,-69.0,0.1,-0.4,0.27,True,8.54,0.05,12,14,5,-3,28,Avoid
TTL,T T LIMITED,9096162.0,1377248.0,14,08-09-2026,1377248.0,14,9096162.0,6.6,0.0,0,0.91,9096162.0,0.0,9096162.0,0.0,False,False,False,6.83,58.66,6.45,7.88,-25.7,3.5,3.5,18-06-2026,08-09-2026,6.936243093922652,6.783027686175892,6.604592636910709,82,82,0,3,7,12,12,14,3094235.0,6133331.0,8482850.0,8482850.0,9096162.0,3094235.0,8482850.0,2,0,0.3648,Fresh,Confirmed Accumulation,6.604592636910709,3.4,Confirmed Accumulation,178.0,336.0,-14.0,2.64,124.0,0.03,5.82,0.64,False,5.69,0.511,20,7,10,-3,34,Fundamental Watch
BMWVENTLTD,BMW VENTURES LIMITED,9023141.0,150000.0,2,06-08-2026,150000.0,2,9023141.0,60.15,0.0,0,0.9,9023141.0,0.0,9023141.0,0.0,False,False,False,54.8,73.01,57.5,58.88,-4.5,-8.9,8.9,05-08-2026,06-08-2026,60.09327058823529,60.23404615384615,60.1322085106383,1,34,33,0,0,0,3,3,0.0,0.0,0.0,14131069.0,14131069.0,0.0,0.0,1,0,0.0,Aging,Mature Accumulation,60.1322085106383,-8.9,Mature — Wait for Pullback,474.0,11.8,19.0,21.0,20.0,1.22,12.0,0.58,True,3.4,0.19,17,23,0,-2,38,Fundamental Watch
MOTOGENFIN,THE MOTOR & GENERAL FINANCE LIMITED,8952807.0,300659.0,12,25-06-2026,300659.0,12,8952807.0,29.78,0.0,0,0.9,8952807.0,0.0,8952807.0,0.0,False,False,False,27.45,69.03,27.25,24.69,28.9,-7.8,7.8,08-06-2026,25-06-2026,29.0198125,30.0,29.739218400291158,17,92,75,0,0,0,0,12,0.0,0.0,0.0,0.0,6132317.0,0.0,0.0,1,0,0.0,Stale,Stale Accumulation,29.739218400291158,-7.7,Late — Poor Entry,106.0,76.6,-1.0,0.4,26.0,0.59,-0.18,0.0,False,21.51,0.849,25,10,20,-3,52,Buy on Breakout
BHAGERIA,Bhageria Industries Limited,8227124.0,37774.0,5,26-08-2026,37774.0,5,8227124.0,217.8,0.0,0,0.82,8227124.0,0.0,8227124.0,0.0,False,False,False,335.8,71.75,223.5,183.95,121.7,54.2,54.2,20-08-2026,26-08-2026,204.64325383861484,222.87,215.9638691452524,6,19,13,0,2,6,6,6,0.0,4830698.0,9479950.0,9479950.0,9479950.0,0.0,9479950.0,1,0,0.0,Active,Confirmed Accumulation,215.9638691452524,55.5,Late — Poor Entry,1473.0,19.8,55.0,40.0,54.0,8.23,11.0,0.01,True,14.0,0.056,20,26,30,0,76,Strong Buy Setup
TIGERLOGS,Tiger Logistics (India) Limited,8106650.0,234000.0,11,24-08-2026,234000.0,11,8106650.0,34.64,0.0,0,0.81,8106650.0,0.0,8106650.0,0.0,False,False,False,27.82,61.81,29.99,32.87,-5.5,-19.7,19.7,05-06-2026,24-08-2026,34.8071,29.75,34.64380341880342,80,95,15,0,0,3,3,9,0.0,0.0,2202750.0,2202750.0,7036048.0,0.0,2202750.0,1,0,0.0,Active,Confirmed Accumulation,34.64380341880342,-19.7,Confirmed Accumulation,293.0,15.5,16.0,2.79,-30.0,0.21,17.6,0.31,False,1.83,0.276,20,12,0,-2,30,Fundamental Watch
LAOPALA,LA OPALA RG LIMITED,7874393.0,45000.0,1,08-06-2026,45000.0,1,7874393.0,174.99,0.0,0,0.79,7874393.0,0.0,7874393.0,0.0,False,False,False,169.92,65.64,182.7,189.04,-12.3,-2.9,2.9,08-06-2026,08-06-2026,174.9865111111111,174.9865111111111,174.9865111111111,0,92,92,0,0,0,0,0,0.0,0.0,0.0,0.0,0.0,0.0,0.0,1,0,0.0,Stale,Stale Accumulation,174.9865111111111,-2.9,Late — Poor Entry,1892.0,20.0,-3.0,26.0,-4.0,2.36,14.2,0.01,True,36.0,0.042,17,14,0,0,31,Fundamental Watch
OMPOWER,Om Power Transmission Limited,7447179.0,40763.0,3,24-06-2026,40763.0,3,7447179.0,182.69,0.0,0,0.74,7447179.0,0.0,7447179.0,0.0,False,False,False,170.0,69.05,170.4,,-12.1,-6.9,6.9,24-06-2026,24-06-2026,182.8989522537093,181.8687130477039,182.6945759634963,0,76,76,0,0,0,0,3,0.0,0.0,0.0,0.0,7447179.0,0.0,0.0,3,0,0.0,Stale,Stale Accumulation,182.6945759634963,-6.9,Late — Poor Entry,580.0,13.8,61.0,15.0,82.0,3.07,42.7,0.35,False,12.0,0.128,20,19,0,0,39,Fundamental Watch
VSTL,VIBHOR STEEL TUBES LIMITED,7207168.0,63496.0,13,03-09-2026,63496.0,13,7207168.0,113.51,0.0,0,0.72,7207168.0,0.0,7207168.0,0.0,False,False,False,124.44,73.48,111.55,119.39,9.4,9.6,9.6,08-06-2026,03-09-2026,116.12625850340136,115.10722222222222,113.5917789436032,87,92,5,4,6,10,10,12,1077471.0,3314704.0,4899099.0,4899099.0,5646917.0,1077471.0,4899099.0,1,0,0.2199,Fresh,Confirmed Accumulation,113.5917789436032,9.6,Confirmed Accumulation,236.0,28.1,21.0,12.07,-29.0,1.02,7.92,0.98,True,4.11,0.305,25,11,25,-2,59,Buy on Breakout
BLBLIMITED,BLB LIMITED,7106592.0,441935.0,8,07-09-2026,441935.0,8,7106592.0,16.08,0.0,0,0.71,7106592.0,0.0,7106592.0,0.0,False,False,False,16.88,45.35,16.09,15.86,-4.1,5.0,5.0,25-08-2026,07-09-2026,16.01999983630173,16.82996911141441,16.080627241562674,13,14,1,3,8,8,8,8,913705.0,7106592.0,7106592.0,7106592.0,7106592.0,913705.0,7106592.0,1,0,0.1286,Fresh,Early Accumulation,16.080627241562674,5.0,Early Accumulation,,3.24,117.0,9.95,311.0,1.05,40.2,0.0,True,10.67,,15,25,20,0,60,Buy on Breakout
RSL,RAJPUTANA STAINLESS LIMITED,6545735.0,50000.0,1,16-06-2026,50000.0,1,6545735.0,130.91,0.0,0,0.65,6545735.0,0.0,6545735.0,0.0,False,False,False,190.21,57.03,150.52,,68.3,45.3,45.3,16-06-2026,16-06-2026,130.9147,130.9147,130.9147,0,84,84,0,0,0,0,1,0.0,0.0,0.0,0.0,6545735.0,0.0,0.0,1,0,0.0,Stale,Stale Accumulation,130.9147,45.3,Late — Poor Entry,1588.0,27.0,8.0,29.0,25.0,2.42,25.2,0.19,True,9.0,0.041,12,25,15,0,52,Buy on Breakout
FOCUS,Focus Lighting And Fixtures Limited,5331774.0,80165.0,1,27-08-2026,80165.0,1,5331774.0,66.51,0.0,0,0.53,5331774.0,0.0,5331774.0,0.0,False,False,False,61.59,56.8,71.9,74.48,-5.6,-7.4,7.4,27-08-2026,27-08-2026,66.50999812885922,66.50999812885922,66.50999812885922,0,12,12,0,1,1,1,1,0.0,5331774.0,5331774.0,5331774.0,5331774.0,0.0,5331774.0,1,0,0.0,Active,Mature Accumulation,66.50999812885922,-7.4,Confirmed Accumulation,415.0,67.8,13.0,6.15,-54.0,0.42,6.55,0.16,True,13.36,0.128,12,9,0,-3,18,Avoid
LYKALABS,Lyka Labs Limited,4975280.0,70143.0,6,29-06-2026,70143.0,6,4975280.0,70.93,0.0,0,0.5,4975280.0,0.0,4975280.0,0.0,False,False,False,81.51,54.81,69.77,67.83,33.0,14.9,14.9,24-06-2026,29-06-2026,67.9138,72.91204437400951,70.8138321452411,5,76,71,0,0,0,0,16,0.0,0.0,0.0,0.0,13897427.0,0.0,0.0,5,0,0.0,Stale,Stale Accumulation,70.8138321452411,15.1,Late — Poor Entry,293.0,,0.0,4.59,-215.0,0.58,-4.65,0.56,True,10.85,0.171,15,6,30,0,51,Buy on Breakout
UYFINCORP,U. Y. Fincorp Limited,4960333.0,236123.0,3,19-08-2026,236123.0,3,4960333.0,21.01,0.0,0,0.5,4960333.0,0.0,4960333.0,0.0,False,False,False,19.88,70.87,18.67,15.21,46.2,-5.4,5.4,17-08-2026,19-08-2026,21.272817872269744,21.034486666666666,21.00741139152052,2,22,20,0,0,3,3,3,0.0,0.0,4960333.0,4960333.0,4960333.0,0.0,4960333.0,1,0,0.0,Active,Confirmed Accumulation,21.00741139152052,-5.4,Confirmed Accumulation,374.0,6.04,118.0,,391.0,1.03,18.5,0.01,False,,0.134,20,19,20,0,59,Buy on Breakout
SHAKTIPUMP,SHAKTI PUMPS (INDIA) LIMITED,4945348.0,9000.0,1,16-06-2026,9000.0,1,4945348.0,549.48,0.0,0,0.49,4945348.0,0.0,4945348.0,0.0,False,False,False,473.0,56.22,523.47,572.06,-3.7,-13.9,13.9,16-06-2026,16-06-2026,549.4831111111112,549.4831111111112,549.4831111111112,0,84,84,0,0,0,0,2,0.0,0.0,0.0,0.0,9890696.0,0.0,0.0,1,0,0.0,Stale,Stale Accumulation,549.4831111111112,-13.9,Late — Poor Entry,5837.0,30.3,13.0,59.0,-52.0,3.48,24.3,0.26,True,7.0,0.008,12,18,0,0,30,Fundamental Watch
WCIL,WESTERN CARRIERS (INDIA) LIMITED,4706679.0,46106.0,4,30-06-2026,46106.0,4,4706679.0,102.08,0.0,0,0.47,4706679.0,0.0,4706679.0,0.0,False,False,False,82.48,71.89,89.84,102.9,-21.2,-19.2,19.2,16-06-2026,30-06-2026,99.68,100.7,102.08387194725198,14,84,70,0,0,0,0,4,0.0,0.0,0.0,0.0,4706679.0,0.0,0.0,1,0,0.0,Stale,Stale Accumulation,102.08387194725198,-19.2,Late — Poor Entry,834.0,22.7,9.0,18.68,-36.0,0.85,6.79,0.26,False,4.02,0.056,20,8,0,-2,26,Avoid
ASAHIINDIA,ASAHI INDIA GLASS LIMITED,4251250.0,5000.0,1,29-06-2026,5000.0,1,4251250.0,850.25,0.0,0,0.43,4251250.0,0.0,4251250.0,0.0,False,False,False,955.6,54.23,913.72,913.41,13.3,12.4,12.4,29-06-2026,29-06-2026,850.25,850.25,850.25,0,71,71,0,0,0,0,1,0.0,0.0,0.0,0.0,4251250.0,0.0,0.0,1,0,0.0,Stale,Stale Accumulation,850.25,12.4,Late — Poor Entry,24330.0,56.2,10.0,317.0,35.0,5.94,11.1,0.52,True,24.0,0.002,12,18,25,0,55,Buy on Breakout
SHYAMCENT,SHYAM CENTURY FERROUS LIMITED,4245478.0,758224.0,3,30-06-2026,758224.0,3,4245478.0,5.6,0.0,0,0.42,4245478.0,0.0,4245478.0,0.0,False,False,False,4.94,51.7,5.23,5.38,-1.6,-11.8,11.8,24-06-2026,30-06-2026,5.375772127480555,5.859089648615457,5.599239802485809,6,76,70,0,0,0,0,3,0.0,0.0,0.0,0.0,4245478.0,0.0,0.0,2,0,0.0,Stale,Stale Accumulation,5.599239802485809,-11.8,Late — Poor Entry,105.0,,-92.0,-2.42,44.0,-0.04,-7.4,0.01,False,-733.33,0.4,20,10,0,-2,28,Avoid
NRL,NUPUR RECYCLERS LIMITED,4186225.0,50400.0,1,24-06-2026,50400.0,1,4186225.0,83.06,0.0,0,0.42,4186225.0,0.0,4186225.0,0.0,False,False,False,130.46,72.53,111.4,71.24,150.9,57.1,57.1,24-06-2026,24-06-2026,83.06001984126983,83.06001984126983,83.06001984126983,0,76,76,0,0,0,0,1,0.0,0.0,0.0,0.0,4186225.0,0.0,0.0,1,0,0.0,Stale,Stale Accumulation,83.06001984126983,57.1,Late — Poor Entry,901.0,96.3,15.0,1.43,82.0,0.34,9.71,-0.0,True,3.67,0.047,17,16,25,-5,53,Buy on Breakout
SENCO,SENCO GOLD LIMITED,4081958.0,12170.0,2,18-08-2026,12170.0,2,4081958.0,335.41,0.0,0,0.41,4081958.0,0.0,4081958.0,0.0,False,False,False,361.85,68.48,366.02,333.97,20.4,7.9,7.9,30-06-2026,18-08-2026,334.88004484304935,336.87015384615387,335.4115036976171,49,70,21,0,0,1,1,2,0.0,0.0,1094828.0,1094828.0,4081958.0,0.0,1094828.0,1,0,0.0,Active,Confirmed Accumulation,335.4115036976171,7.9,Confirmed Accumulation,5936.0,10.0,43.0,223.0,175.0,6.97,21.4,1.03,False,7.0,0.007,17,21,25,0,63,Buy on Breakout
INDOCO,INDOCO REMEDIES LIMITED,3412460.0,14000.0,4,01-09-2026,14000.0,4,3412460.0,243.75,0.0,0,0.34,3412460.0,0.0,3412460.0,0.0,False,False,False,244.25,58.75,236.88,222.89,23.6,0.2,0.2,31-08-2026,01-09-2026,244.848,241.0,243.74714285714285,1,8,7,0,4,4,4,4,0.0,3412460.0,3412460.0,3412460.0,3412460.0,0.0,3412460.0,2,0,0.0,Fresh,Early Accumulation,243.74714285714285,0.2,Early Accumulation,2250.0,105.0,13.0,42.0,141.0,8.92,4.33,0.69,True,10.0,0.015,15,18,25,-3,55,Buy on Breakout
ASAHISONG,ASAHI SONGWON COLORS LIMITED,3381000.0,10000.0,1,11-08-2026,10000.0,1,3381000.0,338.1,0.0,0,0.34,3381000.0,0.0,3381000.0,0.0,False,False,False,385.35,66.73,333.59,262.99,71.1,14.0,14.0,11-08-2026,11-08-2026,338.1,338.1,338.1,0,28,28,0,0,1,1,1,0.0,0.0,3381000.0,3381000.0,3381000.0,0.0,3381000.0,1,0,0.0,Active,Mature Accumulation,338.1,14.0,Mature — Wait for Pullback,455.0,13.4,-8.0,24.0,33.0,14.36,9.94,0.23,True,18.0,0.075,17,21,25,0,63,Buy on Breakout
TAINWALCHM,TAINWALA CHEMICALS AND PLASTICS (INDIA) LIMITED,3146984.0,14949.0,7,07-09-2026,14949.0,7,3146984.0,210.51,0.0,0,0.31,3146984.0,0.0,3146984.0,0.0,False,False,False,212.34,67.04,208.16,195.28,4.5,0.9,0.9,18-08-2026,07-09-2026,207.70463422358281,212.93407534246575,210.5146832564051,20,21,1,1,5,7,7,7,248707.0,965398.0,3146984.0,3146984.0,3146984.0,248707.0,3146984.0,1,0,0.079,Fresh,Confirmed Accumulation,210.5146832564051,0.9,Confirmed Accumulation,193.0,24.0,12.0,0.03,16.0,0.03,7.91,-0.0,False,3.16,0.161,20,10,25,-2,53,Buy on Breakout
HEXAGON,HEXAGON NUTRITION LIMITED,3054917.0,47700.0,3,17-08-2026,47700.0,3,3054917.0,64.04,0.0,0,0.31,3054917.0,0.0,3054917.0,0.0,False,False,False,64.21,64.29,67.49,,26.7,0.3,0.3,17-08-2026,17-08-2026,64.03237804878049,64.04853333333334,64.04438155136269,0,22,22,0,0,6,6,6,0.0,0.0,6109834.0,6109834.0,6109834.0,0.0,6109834.0,3,0,0.0,Active,Confirmed Accumulation,64.04438155136269,0.3,Confirmed Accumulation,795.0,19.1,,12.31,,0.8,,0.11,True,12.14,0.039,15,9,10,0,34,Fundamental Watch
EXCELSOFT,Excelsoft Technologies Limited,2961200.0,40000.0,2,04-09-2026,40000.0,2,2961200.0,74.03,0.0,0,0.3,2961200.0,0.0,2961200.0,0.0,False,False,False,69.06,59.08,75.72,,-14.0,-6.7,6.7,14-08-2026,04-09-2026,74.89,71.45,73.514,21,25,4,2,2,3,3,3,1429000.0,1429000.0,3675700.0,3675700.0,3675700.0,1429000.0,3675700.0,1,0,0.3888,Fresh,Confirmed Accumulation,73.514,-6.1,Confirmed Accumulation,794.0,16.3,27.0,12.33,10.0,0.75,13.5,0.01,True,15.35,0.038,12,14,0,0,26,Avoid
SUPERSPIN,SUPER SPINNING MILLS LIMITED,2586146.0,459656.0,4,31-08-2026,459656.0,4,2586146.0,5.63,0.0,0,0.26,2586146.0,0.0,2586146.0,0.0,False,False,False,6.87,42.8,5.85,6.35,13.0,22.0,22.0,23-06-2026,31-08-2026,5.305583353936839,5.900971542227662,5.626263988722001,69,77,8,0,2,2,2,4,0.0,1094039.0,1094039.0,1094039.0,2586146.0,0.0,1094039.0,2,0,0.0,Active,Confirmed Accumulation,5.626263988722001,22.1,Late — Poor Entry,,1249.0,-4.0,1.05,101.0,0.1,2.96,0.31,True,70.0,,15,16,25,-3,53,Buy on Breakout
CHEMBOND,CHEMBOND MATERIAL TECHNOLOGIES LIMITED,2560187.0,15020.0,2,03-09-2026,15020.0,2,2560187.0,170.45,0.0,0,0.26,2560187.0,0.0,2560187.0,0.0,False,False,False,197.72,67.54,177.32,161.63,38.8,16.0,16.0,03-09-2026,03-09-2026,170.46014760147602,170.45004061738425,170.45186418109188,0,5,5,4,4,4,4,4,5120374.0,5120374.0,5120374.0,5120374.0,5120374.0,5120374.0,5120374.0,2,0,1.0,Fresh,Early Accumulation,170.45186418109188,16.0,Mature — Wait for Pullback,265.0,28.4,24.0,1.87,-31.0,3.36,4.96,0.0,True,2.97,0.098,17,14,30,-2,59,Buy on Breakout
INDIQUBE,Indiqube Spaces Limited,2543624.0,15500.0,4,24-06-2026,15500.0,4,2543624.0,164.1,0.0,0,0.25,2543624.0,0.0,2543624.0,0.0,False,False,False,205.09,60.6,180.74,178.14,20.8,25.0,25.0,09-06-2026,24-06-2026,159.80963636363637,168.6686,164.1047741935484,15,91,76,0,0,0,0,3,0.0,0.0,0.0,0.0,1664671.0,0.0,0.0,1,0,0.0,Stale,Stale Accumulation,164.1047741935484,25.0,Late — Poor Entry,4322.0,,39.0,258.0,30.0,-1.13,6.38,10.11,True,61.0,0.006,15,23,30,0,68,Strong Buy Setup
ALICON,ALICON CASTALLOY LIMITED,2266406.0,3500.0,2,10-06-2026,3500.0,2,2266406.0,647.54,0.0,0,0.23,2266406.0,0.0,2266406.0,0.0,False,False,False,695.45,55.72,682.63,721.96,-6.5,7.4,7.4,08-06-2026,10-06-2026,642.6124324324325,653.0745454545455,647.5445714285714,2,92,90,0,0,0,0,0,0.0,0.0,0.0,0.0,0.0,0.0,0.0,2,0,0.0,Stale,Stale Accumulation,647.5445714285714,7.4,Late — Poor Entry,1145.0,26.2,19.0,58.0,31.0,10.76,10.5,0.56,True,10.0,0.02,12,23,15,0,50,Buy on Breakout
LANDMARK,Landmark Cars Limited,2106684.0,5000.0,1,10-06-2026,5000.0,1,2106684.0,421.34,0.0,0,0.21,2106684.0,0.0,2106684.0,0.0,False,False,False,497.95,52.87,506.24,447.8,34.8,18.2,18.2,10-06-2026,10-06-2026,421.3368,421.3368,421.3368,0,90,90,0,0,0,0,0,0.0,0.0,0.0,0.0,0.0,0.0,0.0,1,0,0.0,Stale,Stale Accumulation,421.3368,18.2,Late — Poor Entry,2066.0,46.3,26.0,26.0,-1.0,2.8,9.59,0.19,True,14.0,0.01,12,19,20,0,51,Buy on Breakout
LIBAS,Libas Consumer Products Limited,2096820.0,195542.0,6,02-09-2026,195542.0,6,2096820.0,10.72,0.0,0,0.21,2096820.0,0.0,2096820.0,0.0,False,False,False,9.99,30.7,10.29,10.91,0.3,-6.8,6.8,21-08-2026,02-09-2026,10.019749198983538,10.41,10.723118307064468,12,18,6,2,4,6,6,6,58839.0,1577555.0,2096820.0,2096820.0,2096820.0,58839.0,2096820.0,2,0,0.0281,Fresh,Early Accumulation,10.723118307064468,-6.8,Early Accumulation,,7.31,-9.0,1.55,338.0,0.35,6.49,0.26,True,15.26,,15,16,5,0,36,Fundamental Watch
