Symbol,BuyTxn7D,BuyValue7D,SellTxn7D,SellValue7D,NetBuyValue7D,BuyTxn15D,BuyValue15D,SellTxn15D,SellValue15D,NetBuyValue15D,BuyTxn30D,BuyValue30D,SellTxn30D,SellValue30D,NetBuyValue30D,BuyTxn60D,BuyValue60D,SellTxn60D,SellValue60D,NetBuyValue60D,BuyTxn90D,BuyValue90D,SellTxn90D,SellValue90D,NetBuyValue90D,FirstBuyDate,FirstBuyDisclosureDate,FirstBuyPrice,FirstBuyValue,LastBuyDate,LastBuyDisclosureDate,LastBuyPrice,LastBuyValue,AccumulationDays,DaysSinceFirstBuy,DaysSinceLastBuy,UniquePromotersBuying,UniquePromotersSelling,WeightedAvgBuyPrice,BuyAcceleration,Freshness,AccumulationStage
AAATECH,0,0.0,0,0.0,0.0,0,0.0,0,0.0,0.0,0,0.0,0,0.0,0.0,0,0.0,0,0.0,0.0,0,0.0,0,0.0,0.0,,,,0.0,,,,0.0,0,,,0,0,,0.0,No Signal,No Signal
AAKASH,0,0.0,0,0.0,0.0,0,0.0,0,0.0,0.0,0,0.0,0,0.0,0.0,0,0.0,0,0.0,0.0,0,0.0,0,0.0,0.0,,,,0.0,,,,0.0,0,,,0,0,,0.0,No Signal,No Signal
AARTIPHARM,0,0.0,1,25933002.0,-25933002.0,0,0.0,2,26444890.0,-26444890.0,0,0.0,7,120715904.0,-120715904.0,0,0.0,7,120715904.0,-120715904.0,0,0.0,11,319631987.0,-319631987.0,,,,0.0,,,,0.0,0,,,0,2,,0.0,No Signal,No Signal
ADL,0,0.0,0,0.0,0.0,0,0.0,0,0.0,0.0,0,0.0,0,0.0,0.0,0,0.0,0,0.0,0.0,0,0.0,0,0.0,0.0,,,,0.0,,,,0.0,0,,,0,0,,0.0,No Signal,No Signal
ADOR,0,0.0,0,0.0,0.0,0,0.0,0,0.0,0.0,0,0.0,0,0.0,0.0,0,0.0,1,27703790.0,-27703790.0,0,0.0,1,27703790.0,-27703790.0,,,,0.0,,,,0.0,0,,,0,1,,0.0,No Signal,No Signal
ADVAIT,0,0.0,0,0.0,0.0,0,0.0,0,0.0,0.0,0,0.0,0,0.0,0.0,0,0.0,0,0.0,0.0,0,0.0,0,0.0,0.0,,,,0.0,,,,0.0,0,,,0,0,,0.0,No Signal,No Signal
AEROENTER,0,0.0,0,0.0,0.0,0,0.0,0,0.0,0.0,0,0.0,0,0.0,0.0,0,0.0,0,0.0,0.0,3,48016500.0,0,0.0,48016500.0,09-06-2026,09-06-2026,102.44,17824560.0,17-06-2026,18-06-2026,113.3,11330000.0,8,91,83,1,0,107.232996742671,0.0,Stale,Stale Accumulation
AFCONS,0,0.0,0,0.0,0.0,0,0.0,0,0.0,0.0,0,0.0,0,0.0,0.0,0,0.0,0,0.0,0.0,0,0.0,0,0.0,0.0,,,,0.0,,,,0.0,0,,,0,0,,0.0,No Signal,No Signal
AHLEAST,0,0.0,0,0.0,0.0,0,0.0,0,0.0,0.0,0,0.0,0,0.0,0.0,0,0.0,0,0.0,0.0,0,0.0,0,0.0,0.0,,,,0.0,,,,0.0,0,,,0,0,,0.0,No Signal,No Signal
AJANTPHARM,0,0.0,0,0.0,0.0,0,0.0,0,0.0,0.0,0,0.0,0,0.0,0.0,0,0.0,0,0.0,0.0,0,0.0,0,0.0,0.0,,,,0.0,,,,0.0,0,,,0,1,,0.0,No Signal,No Signal
AKI,0,0.0,0,0.0,0.0,0,0.0,0,0.0,0.0,0,0.0,0,0.0,0.0,0,0.0,0,0.0,0.0,0,0.0,0,0.0,0.0,,,,0.0,,,,0.0,0,,,0,0,,0.0,No Signal,No Signal
ALEMBICLTD,2,1881654.0,0,0.0,1881654.0,4,35618957.0,0,0.0,35618957.0,6,85826103.0,0,0.0,85826103.0,6,85826103.0,0,0.0,85826103.0,6,85826103.0,0,0.0,85826103.0,17-08-2026,17-08-2026,87.74665695371235,39869975.0,02-09-2026,03-09-2026,99.08657187993681,940827.0,16,22,6,1,0,91.7739742726077,0.0219,Fresh,Confirmed Accumulation
ALICON,0,0.0,0,0.0,0.0,0,0.0,0,0.0,0.0,0,0.0,0,0.0,0.0,0,0.0,0,0.0,0.0,0,0.0,0,0.0,0.0,08-06-2026,09-06-2026,642.6124324324325,1188833.0,10-06-2026,11-06-2026,653.0745454545455,1077573.0,2,92,90,2,0,647.5445714285714,0.0,Stale,Stale Accumulation
ALMONDZ,2,3712118.0,0,0.0,3712118.0,6,11994750.0,0,0.0,11994750.0,6,11994750.0,0,0.0,11994750.0,6,11994750.0,0,0.0,11994750.0,6,11994750.0,0,0.0,11994750.0,27-08-2026,28-08-2026,16.274902564102565,3173606.0,04-09-2026,07-09-2026,17.962781818181817,1975906.0,8,12,4,1,0,17.187952276824223,0.3095,Fresh,Early Accumulation
ALPHAGEO,0,0.0,0,0.0,0.0,0,0.0,0,0.0,0.0,0,0.0,2,1171869.0,-1171869.0,0,0.0,2,1171869.0,-1171869.0,0,0.0,2,1171869.0,-1171869.0,,,,0.0,,,,0.0,0,,,0,2,,0.0,No Signal,No Signal
ALPINETEX,2,111.0,0,0.0,111.0,2,111.0,0,0.0,111.0,2,111.0,0,0.0,111.0,2,111.0,0,0.0,111.0,2,111.0,0,0.0,111.0,03-09-2026,07-09-2026,0.000675,54.0,04-09-2026,07-09-2026,0.00095,57.0,1,5,4,1,0,0.0007928571428571429,1.0,Fresh,Early Accumulation
AMANTA,0,0.0,0,0.0,0.0,0,0.0,0,0.0,0.0,0,0.0,0,0.0,0.0,0,0.0,0,0.0,0.0,2,3126410.0,1,786550.0,2339860.0,17-06-2026,18-06-2026,150.319309600863,696730.0,18-06-2026,22-06-2026,149.98024691358026,2429680.0,1,83,82,2,1,150.05567554595632,0.0,Stale,Stale Accumulation
ANMOL,0,0.0,0,0.0,0.0,0,0.0,0,0.0,0.0,0,0.0,0,0.0,0.0,0,0.0,0,0.0,0.0,1,38803200.0,1,38803200.0,0.0,16-06-2026,17-06-2026,11.28,38803200.0,16-06-2026,17-06-2026,11.28,38803200.0,0,84,84,1,1,11.28,0.0,Stale,Stale Accumulation
APCOTEXIND,0,0.0,0,0.0,0.0,0,0.0,0,0.0,0.0,4,1214500.0,0,0.0,1214500.0,4,1214500.0,0,0.0,1214500.0,4,1214500.0,0,0.0,1214500.0,11-08-2026,12-08-2026,618.0,309000.0,12-08-2026,13-08-2026,598.0,299000.0,1,28,27,2,0,607.25,0.0,Active,Confirmed Accumulation
APLLTD,0,0.0,0,0.0,0.0,0,0.0,0,0.0,0.0,0,0.0,0,0.0,0.0,0,0.0,0,0.0,0.0,3,76922116.0,0,0.0,76922116.0,11-06-2026,12-06-2026,746.0249866666667,55951874.0,18-06-2026,19-06-2026,743.493898718731,2437173.0,7,89,82,1,0,746.0199398700418,0.0,Stale,Stale Accumulation
APOLLOHOSP,0,0.0,0,0.0,0.0,0,0.0,0,0.0,0.0,0,0.0,0,0.0,0.0,0,0.0,0,0.0,0.0,0,0.0,0,0.0,0.0,,,,0.0,,,,0.0,0,,,0,0,,0.0,No Signal,No Signal
AQYLON,0,0.0,0,0.0,0.0,0,0.0,0,0.0,0.0,0,0.0,0,0.0,0.0,0,0.0,0,0.0,0.0,0,0.0,0,0.0,0.0,,,,0.0,,,,0.0,0,,,0,1,,0.0,No Signal,No Signal
ARCHIDPLY,0,0.0,0,0.0,0.0,0,0.0,0,0.0,0.0,0,0.0,0,0.0,0.0,0,0.0,0,0.0,0.0,0,0.0,0,0.0,0.0,,,,0.0,,,,0.0,0,,,0,0,,0.0,No Signal,No Signal
ARMANFIN,0,0.0,0,0.0,0.0,0,0.0,1,1015000.0,-1015000.0,0,0.0,1,1015000.0,-1015000.0,0,0.0,1,1015000.0,-1015000.0,0,0.0,1,1015000.0,-1015000.0,,,,0.0,,,,0.0,0,,,0,1,,0.0,No Signal,No Signal
ARSSBL,0,0.0,0,0.0,0.0,0,0.0,0,0.0,0.0,0,0.0,0,0.0,0.0,0,0.0,0,0.0,0.0,2,21801382.0,0,0.0,21801382.0,16-06-2026,18-06-2026,545.03455,10900691.0,16-06-2026,18-06-2026,545.03455,10900691.0,0,84,84,1,0,545.03455,0.0,Stale,Stale Accumulation
ASAHIINDIA,0,0.0,0,0.0,0.0,0,0.0,0,0.0,0.0,0,0.0,0,0.0,0.0,0,0.0,0,0.0,0.0,1,4251250.0,0,0.0,4251250.0,29-06-2026,01-07-2026,850.25,4251250.0,29-06-2026,01-07-2026,850.25,4251250.0,0,71,71,1,0,850.25,0.0,Stale,Stale Accumulation
ASAHISONG,0,0.0,0,0.0,0.0,0,0.0,0,0.0,0.0,1,3381000.0,0,0.0,3381000.0,1,3381000.0,0,0.0,3381000.0,1,3381000.0,0,0.0,3381000.0,11-08-2026,12-08-2026,338.1,3381000.0,11-08-2026,12-08-2026,338.1,3381000.0,0,28,28,1,0,338.1,0.0,Active,Mature Accumulation
ASHAPURMIN,0,0.0,0,0.0,0.0,2,29200553.0,0,0.0,29200553.0,2,29200553.0,0,0.0,29200553.0,2,29200553.0,0,0.0,29200553.0,2,29200553.0,0,0.0,29200553.0,26-08-2026,27-08-2026,584.31052,14607763.0,27-08-2026,31-08-2026,583.7116,14592790.0,1,13,12,1,0,584.01106,0.0,Active,Confirmed Accumulation
ASTERDM,1,3503448000.0,0,0.0,3503448000.0,3,3795783565.0,0,0.0,3795783565.0,3,3795783565.0,0,0.0,3795783565.0,3,3795783565.0,0,0.0,3795783565.0,3,3795783565.0,0,0.0,3795783565.0,31-08-2026,02-09-2026,752.1587952705815,68577326.0,02-09-2026,02-09-2026,760.0,3503448000.0,2,8,6,1,0,759.6433405239396,0.923,Fresh,Early Accumulation
AURUM,0,0.0,0,0.0,0.0,0,0.0,0,0.0,0.0,0,0.0,0,0.0,0.0,0,0.0,0,0.0,0.0,6,24448619.0,0,0.0,24448619.0,05-06-2026,08-06-2026,191.52652,4788163.0,29-06-2026,30-06-2026,218.2369,2182369.0,24,95,71,1,0,196.97484390243903,0.0,Stale,Stale Accumulation
AVANTEL,0,0.0,0,0.0,0.0,0,0.0,0,0.0,0.0,0,0.0,0,0.0,0.0,0,0.0,1,86266900.0,-86266900.0,0,0.0,1,86266900.0,-86266900.0,,,,0.0,,,,0.0,0,,,0,1,,0.0,No Signal,No Signal
AVONMORE,3,2172554.0,0,0.0,2172554.0,9,5396634.0,0,0.0,5396634.0,18,17508087.0,0,0.0,17508087.0,18,17508087.0,0,0.0,17508087.0,18,17508087.0,0,0.0,17508087.0,10-08-2026,11-08-2026,11.28707,3386121.0,07-09-2026,08-09-2026,13.955261820030504,549000.0,28,29,1,1,0,12.477061363063008,0.1241,Fresh,Confirmed Accumulation
AXISCADES,0,0.0,0,0.0,0.0,0,0.0,0,0.0,0.0,0,0.0,0,0.0,0.0,0,0.0,0,0.0,0.0,0,0.0,1,1667750000.0,-1667750000.0,,,,0.0,,,,0.0,0,,,0,1,,0.0,No Signal,No Signal
BAGFILMS,0,0.0,0,0.0,0.0,0,0.0,0,0.0,0.0,0,0.0,0,0.0,0.0,0,0.0,0,0.0,0.0,0,0.0,0,0.0,0.0,,,,0.0,,,,0.0,0,,,0,0,,0.0,No Signal,No Signal
BAIDFIN,0,0.0,0,0.0,0.0,0,0.0,0,0.0,0.0,0,0.0,0,0.0,0.0,0,0.0,0,0.0,0.0,0,0.0,0,0.0,0.0,,,,0.0,,,,0.0,0,,,0,0,,0.0,No Signal,No Signal
BAJAJHCARE,0,0.0,0,0.0,0.0,0,0.0,0,0.0,0.0,0,0.0,0,0.0,0.0,0,0.0,0,0.0,0.0,1,29730147.0,0,0.0,29730147.0,12-06-2026,15-06-2026,297.30147,29730147.0,12-06-2026,15-06-2026,297.30147,29730147.0,0,88,88,1,0,297.30147,0.0,Stale,Stale Accumulation
BAJFINANCE,0,0.0,0,0.0,0.0,0,0.0,0,0.0,0.0,0,0.0,0,0.0,0.0,0,0.0,1,297824834.0,-297824834.0,0,0.0,1,297824834.0,-297824834.0,,,,0.0,,,,0.0,0,,,0,1,,0.0,No Signal,No Signal
BALUFORGE,0,0.0,0,0.0,0.0,0,0.0,0,0.0,0.0,0,0.0,0,0.0,0.0,0,0.0,0,0.0,0.0,0,0.0,0,0.0,0.0,,,,0.0,,,,0.0,0,,,0,0,,0.0,No Signal,No Signal
BANSALWIRE,0,0.0,0,0.0,0.0,0,0.0,0,0.0,0.0,0,0.0,0,0.0,0.0,0,0.0,0,0.0,0.0,0,0.0,1,1447021044.0,-1447021044.0,,,,0.0,,,,0.0,0,,,0,1,,0.0,No Signal,No Signal
BERGEPAINT,5,48436318.0,0,0.0,48436318.0,5,48436318.0,0,0.0,48436318.0,5,48436318.0,0,0.0,48436318.0,5,48436318.0,0,0.0,48436318.0,5,48436318.0,0,0.0,48436318.0,07-09-2026,08-09-2026,485.14018597129575,9599954.0,07-09-2026,08-09-2026,486.4111749009461,12030894.0,0,1,1,5,0,489.56233196547333,1.0,Fresh,Early Accumulation
BHAGERIA,0,0.0,0,0.0,0.0,2,4830698.0,0,0.0,4830698.0,6,9479950.0,0,0.0,9479950.0,6,9479950.0,0,0.0,9479950.0,6,9479950.0,0,0.0,9479950.0,20-08-2026,21-08-2026,204.64325383861484,1252826.0,26-08-2026,26-08-2026,222.87,2228700.0,6,19,13,1,0,215.9638691452524,0.0,Active,Confirmed Accumulation
BLACKBUCK,0,0.0,0,0.0,0.0,0,0.0,0,0.0,0.0,0,0.0,0,0.0,0.0,0,0.0,0,0.0,0.0,0,0.0,0,0.0,0.0,,,,0.0,,,,0.0,0,,,0,0,,0.0,No Signal,No Signal
BLBLIMITED,3,913705.0,0,0.0,913705.0,8,7106592.0,0,0.0,7106592.0,8,7106592.0,0,0.0,7106592.0,8,7106592.0,0,0.0,7106592.0,8,7106592.0,0,0.0,7106592.0,25-08-2026,26-08-2026,16.01999983630173,3914519.0,07-09-2026,08-09-2026,16.82996911141441,234290.0,13,14,1,1,0,16.080627241562674,0.1286,Fresh,Early Accumulation
BMWVENTLTD,0,0.0,0,0.0,0.0,0,0.0,0,0.0,0.0,0,0.0,0,0.0,0.0,3,14131069.0,0,0.0,14131069.0,3,14131069.0,0,0.0,14131069.0,05-08-2026,06-08-2026,60.09327058823529,5107928.0,06-08-2026,07-08-2026,60.23404615384615,3915213.0,1,34,33,1,0,60.1322085106383,0.0,Aging,Mature Accumulation
BOSCH-HCIL,0,0.0,0,0.0,0.0,0,0.0,0,0.0,0.0,0,0.0,0,0.0,0.0,0,0.0,0,0.0,0.0,0,0.0,2,2885631001.0,-2885631001.0,,,,0.0,,,,0.0,0,,,0,1,,0.0,No Signal,No Signal
BOSCHLTD,0,0.0,0,0.0,0.0,0,0.0,0,0.0,0.0,0,0.0,0,0.0,0.0,0,0.0,0,0.0,0.0,0,0.0,0,0.0,0.0,,,,0.0,,,,0.0,0,,,0,0,,0.0,No Signal,No Signal
CAPILLARY,0,0.0,0,0.0,0.0,0,0.0,0,0.0,0.0,0,0.0,0,0.0,0.0,0,0.0,0,0.0,0.0,0,0.0,0,0.0,0.0,,,,0.0,,,,0.0,0,,,0,0,,0.0,No Signal,No Signal
CHEMBOND,4,5120374.0,0,0.0,5120374.0,4,5120374.0,0,0.0,5120374.0,4,5120374.0,0,0.0,5120374.0,4,5120374.0,0,0.0,5120374.0,4,5120374.0,0,0.0,5120374.0,03-09-2026,07-09-2026,170.46014760147602,461947.0,03-09-2026,07-09-2026,170.45004061738425,2098240.0,0,5,5,2,0,170.45186418109188,1.0,Fresh,Early Accumulation
CHEMBONDCH,0,0.0,0,0.0,0.0,1,4065000.0,0,0.0,4065000.0,1,4065000.0,0,0.0,4065000.0,5,18095000.0,0,0.0,18095000.0,5,18095000.0,0,0.0,18095000.0,06-08-2026,09-08-2026,230.0,2300000.0,25-08-2026,26-08-2026,271.0,4065000.0,19,33,14,2,0,238.0921052631579,0.0,Active,Confirmed Accumulation
CHOICEIN,0,0.0,0,0.0,0.0,0,0.0,0,0.0,0.0,0,0.0,0,0.0,0.0,0,0.0,0,0.0,0.0,0,0.0,0,0.0,0.0,,,,0.0,,,,0.0,0,,,0,0,,0.0,No Signal,No Signal
CINELINE,0,0.0,0,0.0,0.0,0,0.0,0,0.0,0.0,0,0.0,0,0.0,0.0,0,0.0,0,0.0,0.0,0,0.0,0,0.0,0.0,,,,0.0,,,,0.0,0,,,0,0,,0.0,No Signal,No Signal
COCHINSHIP,0,0.0,0,0.0,0.0,0,0.0,0,0.0,0.0,0,0.0,0,0.0,0.0,0,0.0,0,0.0,0.0,0,0.0,1,17132754601.0,-17132754601.0,,,,0.0,,,,0.0,0,,,0,1,,0.0,No Signal,No Signal
COFFEEDAY,0,0.0,0,0.0,0.0,0,0.0,0,0.0,0.0,0,0.0,0,0.0,0.0,0,0.0,0,0.0,0.0,0,0.0,2,12547390.0,-12547390.0,,,,0.0,,,,0.0,0,,,0,1,,0.0,No Signal,No Signal
CONFIPET,0,0.0,0,0.0,0.0,1,60232040.0,0,0.0,60232040.0,4,495980620.0,0,0.0,495980620.0,4,495980620.0,0,0.0,495980620.0,12,1205171980.0,0,0.0,1205171980.0,19-06-2026,23-06-2026,70.67,98938000.0,26-08-2026,28-08-2026,80.74,60232040.0,68,81,13,2,0,72.54271810256775,0.0,Active,Confirmed Accumulation
CRAFTSMAN,0,0.0,0,0.0,0.0,0,0.0,0,0.0,0.0,0,0.0,0,0.0,0.0,0,0.0,0,0.0,0.0,0,0.0,0,0.0,0.0,,,,0.0,,,,0.0,0,,,0,0,,0.0,No Signal,No Signal
CSLFINANCE,0,0.0,0,0.0,0.0,14,31068064.0,0,0.0,31068064.0,32,36600093.0,0,0.0,36600093.0,32,36600093.0,0,0.0,36600093.0,32,36600093.0,0,0.0,36600093.0,17-08-2026,20-08-2026,0.0,0.0,01-09-2026,07-09-2026,240.0,1200000.0,15,22,7,2,0,209.64654026807193,0.0,Fresh,Confirmed Accumulation
CTE,0,0.0,0,0.0,0.0,0,0.0,0,0.0,0.0,0,0.0,0,0.0,0.0,0,0.0,0,0.0,0.0,0,0.0,0,0.0,0.0,,,,0.0,,,,0.0,0,,,0,0,,0.0,No Signal,No Signal
DALBHARAT,0,0.0,0,0.0,0.0,0,0.0,0,0.0,0.0,0,0.0,0,0.0,0.0,0,0.0,0,0.0,0.0,0,0.0,0,0.0,0.0,,,,0.0,,,,0.0,0,,,0,0,,0.0,No Signal,No Signal
DBCORP,0,0.0,0,0.0,0.0,0,0.0,0,0.0,0.0,0,0.0,0,0.0,0.0,0,0.0,0,0.0,0.0,0,0.0,0,0.0,0.0,,,,0.0,,,,0.0,0,,,0,0,,0.0,No Signal,No Signal
DBOL,0,0.0,0,0.0,0.0,0,0.0,0,0.0,0.0,0,0.0,0,0.0,0.0,4,5425406.0,0,0.0,5425406.0,6,15157366.0,0,0.0,15157366.0,25-06-2026,26-06-2026,111.72,2010960.0,06-08-2026,07-08-2026,110.98966666666666,1664845.0,42,75,33,2,0,110.42170061485561,0.0,Aging,Mature Accumulation
DBREALTY,0,0.0,0,0.0,0.0,0,0.0,0,0.0,0.0,0,0.0,0,0.0,0.0,0,0.0,0,0.0,0.0,0,0.0,0,0.0,0.0,,,,0.0,,,,0.0,0,,,0,0,,0.0,No Signal,No Signal
DEEDEV,0,0.0,0,0.0,0.0,0,0.0,0,0.0,0.0,0,0.0,0,0.0,0.0,0,0.0,0,0.0,0.0,0,0.0,0,0.0,0.0,,,,0.0,,,,0.0,0,,,0,0,,0.0,No Signal,No Signal
DHAMPURSUG,0,0.0,0,0.0,0.0,0,0.0,0,0.0,0.0,0,0.0,0,0.0,0.0,0,0.0,0,0.0,0.0,0,0.0,0,0.0,0.0,,,,0.0,,,,0.0,0,,,0,0,,0.0,No Signal,No Signal
DIAMONDYD,0,0.0,0,0.0,0.0,0,0.0,0,0.0,0.0,0,0.0,0,0.0,0.0,3,586966134.0,0,0.0,586966134.0,4,595794044.0,0,0.0,595794044.0,25-06-2026,26-06-2026,1090.0,8827910.0,07-08-2026,11-08-2026,1179.860001898032,323243885.0,43,75,32,1,0,1173.9645324390253,0.0,Aging,Mature Accumulation
DIVISLAB,0,0.0,0,0.0,0.0,0,0.0,0,0.0,0.0,0,0.0,1,168321848.0,-168321848.0,0,0.0,1,168321848.0,-168321848.0,0,0.0,1,168321848.0,-168321848.0,,,,0.0,,,,0.0,0,,,0,1,,0.0,No Signal,No Signal
DOLLAR,0,0.0,0,0.0,0.0,0,0.0,0,0.0,0.0,0,0.0,0,0.0,0.0,0,0.0,0,0.0,0.0,1,14833500.0,0,0.0,14833500.0,24-06-2026,25-06-2026,269.7,14833500.0,24-06-2026,25-06-2026,269.7,14833500.0,0,76,76,1,0,269.7,0.0,Stale,Stale Accumulation
DOMS,0,0.0,0,0.0,0.0,0,0.0,0,0.0,0.0,0,0.0,0,0.0,0.0,0,0.0,0,0.0,0.0,0,0.0,2,18694862262.0,-18694862262.0,,,,0.0,,,,0.0,0,,,0,1,,0.0,No Signal,No Signal
DONEAR,0,0.0,0,0.0,0.0,0,0.0,0,0.0,0.0,0,0.0,0,0.0,0.0,0,0.0,0,0.0,0.0,0,0.0,0,0.0,0.0,,,,0.0,,,,0.0,0,,,0,0,,0.0,No Signal,No Signal
DPSCLTD,0,0.0,0,0.0,0.0,0,0.0,0,0.0,0.0,0,0.0,1,352776.0,-352776.0,0,0.0,1,352776.0,-352776.0,0,0.0,6,6705951.0,-6705951.0,,,,0.0,,,,0.0,0,,,0,1,,0.0,No Signal,No Signal
DTIL,0,0.0,0,0.0,0.0,0,0.0,0,0.0,0.0,0,0.0,0,0.0,0.0,0,0.0,0,0.0,0.0,0,0.0,0,0.0,0.0,03-06-2026,09-06-2026,133.5,1468500.0,03-06-2026,09-06-2026,133.5,1468500.0,0,97,97,1,0,133.5,0.0,Stale,Stale Accumulation
EBGNG,0,0.0,0,0.0,0.0,0,0.0,0,0.0,0.0,0,0.0,0,0.0,0.0,0,0.0,0,0.0,0.0,0,0.0,1,390.0,-390.0,,,,0.0,,,,0.0,0,,,0,1,,0.0,No Signal,No Signal
EIEL,1,4274878.0,0,0.0,4274878.0,3,13430794.0,0,0.0,13430794.0,3,13430794.0,0,0.0,13430794.0,3,13430794.0,0,0.0,13430794.0,3,13430794.0,0,0.0,13430794.0,31-08-2026,01-09-2026,196.0,1464316.0,02-09-2026,03-09-2026,189.75001109680855,4274878.0,2,8,6,2,0,191.86848571428573,0.3183,Fresh,Early Accumulation
EMBDL,0,0.0,0,0.0,0.0,0,0.0,0,0.0,0.0,0,0.0,0,0.0,0.0,0,0.0,0,0.0,0.0,0,0.0,0,0.0,0.0,,,,0.0,,,,0.0,0,,,0,0,,0.0,No Signal,No Signal
ENIL,0,0.0,0,0.0,0.0,0,0.0,0,0.0,0.0,0,0.0,0,0.0,0.0,0,0.0,0,0.0,0.0,0,0.0,0,0.0,0.0,,,,0.0,,,,0.0,0,,,0,0,,0.0,No Signal,No Signal
ENRIN,0,0.0,0,0.0,0.0,0,0.0,0,0.0,0.0,0,0.0,0,0.0,0.0,0,0.0,0,0.0,0.0,0,0.0,0,0.0,0.0,,,,0.0,,,,0.0,0,,,0,0,,0.0,No Signal,No Signal
ESCORTS,0,0.0,0,0.0,0.0,0,0.0,0,0.0,0.0,0,0.0,0,0.0,0.0,0,0.0,0,0.0,0.0,0,0.0,0,0.0,0.0,,,,0.0,,,,0.0,0,,,0,0,,0.0,No Signal,No Signal
ESTER,0,0.0,0,0.0,0.0,0,0.0,0,0.0,0.0,0,0.0,1,1742500.0,-1742500.0,0,0.0,1,1742500.0,-1742500.0,0,0.0,1,1742500.0,-1742500.0,,,,0.0,,,,0.0,0,,,0,1,,0.0,No Signal,No Signal
EVEREADY,0,0.0,0,0.0,0.0,0,0.0,0,0.0,0.0,0,0.0,0,0.0,0.0,0,0.0,0,0.0,0.0,5,101750980.0,0,0.0,101750980.0,10-06-2026,12-06-2026,332.7456036167197,17369986.0,16-06-2026,17-06-2026,350.65940808469685,2914681.0,6,90,84,1,0,339.35920756236914,0.0,Stale,Stale Accumulation
EXCELSOFT,2,1429000.0,0,0.0,1429000.0,2,1429000.0,0,0.0,1429000.0,3,3675700.0,0,0.0,3675700.0,3,3675700.0,0,0.0,3675700.0,3,3675700.0,0,0.0,3675700.0,14-08-2026,19-08-2026,74.89,2246700.0,04-09-2026,04-09-2026,71.45,714500.0,21,25,4,1,0,73.514,0.3888,Fresh,Confirmed Accumulation
FDC,0,0.0,0,0.0,0.0,0,0.0,0,0.0,0.0,0,0.0,0,0.0,0.0,0,0.0,0,0.0,0.0,0,0.0,0,0.0,0.0,,,,0.0,,,,0.0,0,,,0,0,,0.0,No Signal,No Signal
FIBERWEB,0,0.0,0,0.0,0.0,0,0.0,0,0.0,0.0,0,0.0,0,0.0,0.0,0,0.0,0,0.0,0.0,6,2628326.0,0,0.0,2628326.0,15-06-2026,16-06-2026,29.1064,582128.0,19-06-2026,22-06-2026,29.627239333144956,524254.0,4,85,81,2,0,29.402908602751985,0.0,Stale,Stale Accumulation
FISCHER,0,0.0,0,0.0,0.0,0,0.0,0,0.0,0.0,0,0.0,0,0.0,0.0,0,0.0,0,0.0,0.0,0,0.0,0,0.0,0.0,,,,0.0,,,,0.0,0,,,0,0,,0.0,No Signal,No Signal
FMNL,0,0.0,0,0.0,0.0,0,0.0,0,0.0,0.0,0,0.0,0,0.0,0.0,0,0.0,0,0.0,0.0,0,0.0,0,0.0,0.0,,,,0.0,,,,0.0,0,,,0,0,,0.0,No Signal,No Signal
FOCUS,0,0.0,0,0.0,0.0,1,5331774.0,0,0.0,5331774.0,1,5331774.0,0,0.0,5331774.0,1,5331774.0,0,0.0,5331774.0,1,5331774.0,0,0.0,5331774.0,27-08-2026,31-08-2026,66.50999812885922,5331774.0,27-08-2026,31-08-2026,66.50999812885922,5331774.0,0,12,12,1,0,66.50999812885922,0.0,Active,Mature Accumulation
FUSION,0,0.0,0,0.0,0.0,0,0.0,0,0.0,0.0,0,0.0,0,0.0,0.0,0,0.0,0,0.0,0.0,0,0.0,2,194149159.0,-194149159.0,,,,0.0,,,,0.0,0,,,0,1,,0.0,No Signal,No Signal
GANDHAR,0,0.0,0,0.0,0.0,0,0.0,0,0.0,0.0,0,0.0,0,0.0,0.0,0,0.0,0,0.0,0.0,1,7976605.0,0,0.0,7976605.0,08-06-2026,10-06-2026,157.53204,7876602.0,16-06-2026,18-06-2026,159.5321,7976605.0,8,92,84,1,0,158.5989279295042,0.0,Stale,Stale Accumulation
GANESHBE,0,0.0,0,0.0,0.0,0,0.0,0,0.0,0.0,0,0.0,0,0.0,0.0,0,0.0,0,0.0,0.0,0,0.0,0,0.0,0.0,,,,0.0,,,,0.0,0,,,0,0,,0.0,No Signal,No Signal
GANESHCP,1,3009963.0,0,0.0,3009963.0,2,8001009.0,0,0.0,8001009.0,2,8001009.0,0,0.0,8001009.0,2,8001009.0,0,0.0,8001009.0,5,33968886.0,0,0.0,33968886.0,19-06-2026,22-06-2026,199.3987,9969935.0,02-09-2026,04-09-2026,167.22016666666667,3009963.0,75,81,6,2,0,189.45279419966536,0.3762,Fresh,Confirmed Accumulation
GAYAPROJ,0,0.0,0,0.0,0.0,0,0.0,0,0.0,0.0,0,0.0,0,0.0,0.0,0,0.0,0,0.0,0.0,0,0.0,0,0.0,0.0,,,,0.0,,,,0.0,0,,,0,0,,0.0,No Signal,No Signal
GEOJITFSL,0,0.0,0,0.0,0.0,0,0.0,0,0.0,0.0,0,0.0,0,0.0,0.0,0,0.0,0,0.0,0.0,0,0.0,0,0.0,0.0,,,,0.0,,,,0.0,0,,,0,0,,0.0,No Signal,No Signal
GFLLIMITED,0,0.0,0,0.0,0.0,0,0.0,0,0.0,0.0,0,0.0,0,0.0,0.0,0,0.0,0,0.0,0.0,0,0.0,0,0.0,0.0,,,,0.0,,,,0.0,0,,,0,0,,0.0,No Signal,No Signal
GHCL,0,0.0,0,0.0,0.0,0,0.0,0,0.0,0.0,0,0.0,0,0.0,0.0,0,0.0,0,0.0,0.0,1,635890.0,0,0.0,635890.0,16-06-2026,17-06-2026,454.20714285714286,635890.0,16-06-2026,17-06-2026,454.20714285714286,635890.0,0,84,84,1,0,454.20714285714286,0.0,Stale,Stale Accumulation
GICL,0,0.0,0,0.0,0.0,0,0.0,0,0.0,0.0,0,0.0,0,0.0,0.0,0,0.0,0,0.0,0.0,0,0.0,0,0.0,0.0,04-06-2026,24-06-2026,26.7228,133614.0,05-06-2026,24-06-2026,25.491,254910.0,1,96,95,1,0,26.104755570335882,0.0,Stale,Stale Accumulation
GICRE,0,0.0,0,0.0,0.0,0,0.0,0,0.0,0.0,0,0.0,0,0.0,0.0,0,0.0,0,0.0,0.0,0,0.0,1,30940260806.0,-30940260806.0,,,,0.0,,,,0.0,0,,,0,1,,0.0,No Signal,No Signal
GMMPFAUDLR,0,0.0,0,0.0,0.0,0,0.0,0,0.0,0.0,0,0.0,0,0.0,0.0,0,0.0,0,0.0,0.0,0,0.0,0,0.0,0.0,,,,0.0,,,,0.0,0,,,0,0,,0.0,No Signal,No Signal
GNA,0,0.0,0,0.0,0.0,0,0.0,0,0.0,0.0,0,0.0,4,890716350.0,-890716350.0,0,0.0,7,1613926042.0,-1613926042.0,0,0.0,7,1613926042.0,-1613926042.0,,,,0.0,,,,0.0,0,,,0,2,,0.0,No Signal,No Signal
GOCOLORS,0,0.0,0,0.0,0.0,0,0.0,0,0.0,0.0,0,0.0,0,0.0,0.0,0,0.0,0,0.0,0.0,0,0.0,0,0.0,0.0,,,,0.0,,,,0.0,0,,,0,0,,0.0,No Signal,No Signal
GOKUL,10,10310840.0,0,0.0,10310840.0,14,14759827.0,0,0.0,14759827.0,20,22247438.0,0,0.0,22247438.0,20,22247438.0,0,0.0,22247438.0,30,24491220.0,0,0.0,24491220.0,09-06-2026,10-06-2026,40.9733893557423,87765.0,02-09-2026,03-09-2026,41.23762857142857,1443317.0,85,91,6,1,0,42.05159572755449,0.4635,Fresh,Confirmed Accumulation
GOLDTECH,0,0.0,0,0.0,0.0,0,0.0,0,0.0,0.0,0,0.0,0,0.0,0.0,0,0.0,0,0.0,0.0,1,8492000.0,0,0.0,8492000.0,12-06-2026,15-06-2026,42.46,8492000.0,12-06-2026,15-06-2026,42.46,8492000.0,0,88,88,1,1,42.46,0.0,Stale,Stale Accumulation
GOODLUCK,0,0.0,0,0.0,0.0,0,0.0,0,0.0,0.0,0,0.0,0,0.0,0.0,0,0.0,0,0.0,0.0,0,0.0,7,1156851121.0,-1156851121.0,,,,0.0,,,,0.0,0,,,0,7,,0.0,No Signal,No Signal
GPIL,0,0.0,0,0.0,0.0,0,0.0,0,0.0,0.0,0,0.0,0,0.0,0.0,0,0.0,0,0.0,0.0,0,0.0,0,0.0,0.0,,,,0.0,,,,0.0,0,,,0,0,,0.0,No Signal,No Signal
GREENPANEL,0,0.0,0,0.0,0.0,2,19808300.0,0,0.0,19808300.0,2,19808300.0,0,0.0,19808300.0,2,19808300.0,0,0.0,19808300.0,2,19808300.0,0,0.0,19808300.0,28-08-2026,31-08-2026,161.0430894308943,9904150.0,28-08-2026,31-08-2026,161.0430894308943,9904150.0,0,11,11,1,0,161.0430894308943,0.0,Active,Confirmed Accumulation
GRMOVER,0,0.0,0,0.0,0.0,0,0.0,0,0.0,0.0,0,0.0,0,0.0,0.0,0,0.0,0,0.0,0.0,6,104093262.0,0,0.0,104093262.0,08-06-2026,11-06-2026,121.9935,18299025.0,24-06-2026,29-06-2026,91.21972,13682958.0,16,92,76,2,0,100.13076802447621,0.0,Stale,Stale Accumulation
GRPLTD,0,0.0,0,0.0,0.0,0,0.0,0,0.0,0.0,0,0.0,0,0.0,0.0,0,0.0,0,0.0,0.0,0,0.0,2,1140678.0,-1140678.0,,,,0.0,,,,0.0,0,,,0,1,,0.0,No Signal,No Signal
HCLTECH,0,0.0,0,0.0,0.0,0,0.0,0,0.0,0.0,0,0.0,0,0.0,0.0,0,0.0,0,0.0,0.0,1,52192113.0,0,0.0,52192113.0,12-06-2026,16-06-2026,1104.337889591841,52192113.0,12-06-2026,16-06-2026,1104.337889591841,52192113.0,0,88,88,1,0,1104.337889591841,0.0,Stale,Stale Accumulation
HEXAGON,0,0.0,0,0.0,0.0,0,0.0,0,0.0,0.0,6,6109834.0,0,0.0,6109834.0,6,6109834.0,0,0.0,6109834.0,6,6109834.0,0,0.0,6109834.0,17-08-2026,19-08-2026,64.03237804878049,1050131.0,17-08-2026,19-08-2026,64.04853333333334,960728.0,0,22,22,3,0,64.04438155136269,0.0,Active,Confirmed Accumulation
HGS,0,0.0,0,0.0,0.0,0,0.0,0,0.0,0.0,0,0.0,0,0.0,0.0,0,0.0,0,0.0,0.0,0,0.0,0,0.0,0.0,,,,0.0,,,,0.0,0,,,0,0,,0.0,No Signal,No Signal
HINDCON,2,105875.0,0,0.0,105875.0,4,304241.0,0,0.0,304241.0,8,666578.0,0,0.0,666578.0,8,666578.0,0,0.0,666578.0,8,666578.0,0,0.0,666578.0,20-08-2026,22-08-2026,21.998066051770305,147871.0,04-09-2026,05-09-2026,23.92,47840.0,15,19,4,5,0,22.453531848957457,0.1588,Fresh,Confirmed Accumulation
HINDCOPPER,0,0.0,0,0.0,0.0,0,0.0,1,30448780891.0,-30448780891.0,0,0.0,1,30448780891.0,-30448780891.0,0,0.0,1,30448780891.0,-30448780891.0,0,0.0,1,30448780891.0,-30448780891.0,,,,0.0,,,,0.0,0,,,0,1,,0.0,No Signal,No Signal
HMAAGRO,0,0.0,0,0.0,0.0,0,0.0,0,0.0,0.0,0,0.0,0,0.0,0.0,0,0.0,0,0.0,0.0,0,0.0,0,0.0,0.0,,,,0.0,,,,0.0,0,,,0,0,,0.0,No Signal,No Signal
HUBTOWN,0,0.0,0,0.0,0.0,0,0.0,0,0.0,0.0,0,0.0,0,0.0,0.0,0,0.0,0,0.0,0.0,0,0.0,0,0.0,0.0,,,,0.0,,,,0.0,0,,,0,0,,0.0,No Signal,No Signal
INDIQUBE,0,0.0,0,0.0,0.0,0,0.0,0,0.0,0.0,0,0.0,0,0.0,0.0,0,0.0,0,0.0,0.0,3,1664671.0,0,0.0,1664671.0,09-06-2026,15-06-2026,159.80963636363637,878953.0,24-06-2026,27-06-2026,168.6686,843343.0,15,91,76,1,0,164.1047741935484,0.0,Stale,Stale Accumulation
INDOCO,0,0.0,0,0.0,0.0,4,3412460.0,0,0.0,3412460.0,4,3412460.0,0,0.0,3412460.0,4,3412460.0,0,0.0,3412460.0,4,3412460.0,0,0.0,3412460.0,31-08-2026,31-08-2026,244.848,1224240.0,01-09-2026,02-09-2026,241.0,482000.0,1,8,7,2,0,243.74714285714285,0.0,Fresh,Early Accumulation
INDOTECH,0,0.0,0,0.0,0.0,0,0.0,0,0.0,0.0,0,0.0,0,0.0,0.0,0,0.0,0,0.0,0.0,0,0.0,4,2453545939.0,-2453545939.0,,,,0.0,,,,0.0,0,,,0,1,,0.0,No Signal,No Signal
INDOWIND,0,0.0,0,0.0,0.0,1,1370924.0,0,0.0,1370924.0,2,4865287.0,0,0.0,4865287.0,2,4865287.0,0,0.0,4865287.0,4,26711391.0,1,18341017.0,8370374.0,30-06-2026,06-07-2026,9.295999799886866,21182897.0,25-08-2026,27-08-2026,9.354905626902132,1370924.0,56,70,14,1,1,9.204238691281239,0.0,Active,Confirmed Accumulation
INFOBEAN,0,0.0,0,0.0,0.0,0,0.0,3,106627388.0,-106627388.0,0,0.0,3,106627388.0,-106627388.0,0,0.0,3,106627388.0,-106627388.0,0,0.0,3,106627388.0,-106627388.0,,,,0.0,,,,0.0,0,,,0,2,,0.0,No Signal,No Signal
INOXINDIA,0,0.0,0,0.0,0.0,0,0.0,0,0.0,0.0,0,0.0,0,0.0,0.0,0,0.0,0,0.0,0.0,0,0.0,5,80868555.0,-80868555.0,,,,0.0,,,,0.0,0,,,0,2,,0.0,No Signal,No Signal
INOXWIND,0,0.0,0,0.0,0.0,0,0.0,0,0.0,0.0,0,0.0,0,0.0,0.0,0,0.0,0,0.0,0.0,0,0.0,0,0.0,0.0,,,,0.0,,,,0.0,0,,,0,0,,0.0,No Signal,No Signal
IONEXCHANG,0,0.0,0,0.0,0.0,0,0.0,0,0.0,0.0,0,0.0,0,0.0,0.0,0,0.0,0,0.0,0.0,0,0.0,0,0.0,0.0,,,,0.0,,,,0.0,0,,,0,0,,0.0,No Signal,No Signal
IRB,2,458484866.0,0,0.0,458484866.0,4,864971904.0,0,0.0,864971904.0,4,864971904.0,0,0.0,864971904.0,4,864971904.0,0,0.0,864971904.0,4,864971904.0,0,0.0,864971904.0,31-08-2026,02-09-2026,19.436620666666666,204084517.0,03-09-2026,07-09-2026,19.82350724502777,255556726.0,3,8,5,1,0,19.4850355472657,0.5301,Fresh,Early Accumulation
IRFC,0,0.0,0,0.0,0.0,0,0.0,0,0.0,0.0,0,0.0,0,0.0,0.0,0,0.0,0,0.0,0.0,0,0.0,0,0.0,0.0,,,,0.0,,,,0.0,0,,,0,0,,0.0,No Signal,No Signal
JARO,0,0.0,0,0.0,0.0,1,9251606.0,0,0.0,9251606.0,5,23291553.0,0,0.0,23291553.0,5,23291553.0,0,0.0,23291553.0,7,45278925.0,0,0.0,45278925.0,10-06-2026,11-06-2026,540.2861685214626,4757760.0,26-08-2026,27-08-2026,462.1643520831252,9251606.0,77,90,13,2,0,501.39470915376523,0.0,Active,Confirmed Accumulation
JAYSREETEA,0,0.0,0,0.0,0.0,0,0.0,0,0.0,0.0,3,111816242.0,0,0.0,111816242.0,3,111816242.0,0,0.0,111816242.0,3,111816242.0,0,0.0,111816242.0,17-08-2026,18-08-2026,88.49123585958849,110814212.0,18-08-2026,20-08-2026,88.23788546255507,20030.0,1,22,21,1,0,88.48237731381833,0.0,Active,Confirmed Accumulation
JINDALSTEL,1,92111332.0,0,0.0,92111332.0,1,92111332.0,1,108203920.0,-16092588.0,1,92111332.0,1,108203920.0,-16092588.0,1,92111332.0,1,108203920.0,-16092588.0,1,92111332.0,1,108203920.0,-16092588.0,03-09-2026,06-09-2026,1157.1775376884423,92111332.0,03-09-2026,06-09-2026,1157.1775376884423,92111332.0,0,5,5,1,1,1157.1775376884423,1.0,Fresh,Early Accumulation
JKCEMENT,0,0.0,0,0.0,0.0,0,0.0,0,0.0,0.0,0,0.0,0,0.0,0.0,0,0.0,0,0.0,0.0,0,0.0,0,0.0,0.0,,,,0.0,,,,0.0,0,,,0,0,,0.0,No Signal,No Signal
JKIPL,0,0.0,0,0.0,0.0,0,0.0,0,0.0,0.0,0,0.0,0,0.0,0.0,0,0.0,0,0.0,0.0,0,0.0,0,0.0,0.0,,,,0.0,,,,0.0,0,,,0,0,,0.0,No Signal,No Signal
JMA,0,0.0,0,0.0,0.0,0,0.0,0,0.0,0.0,0,0.0,0,0.0,0.0,0,0.0,0,0.0,0.0,0,0.0,0,0.0,0.0,,,,0.0,,,,0.0,0,,,0,0,,0.0,No Signal,No Signal
JSWENERGY,0,0.0,0,0.0,0.0,0,0.0,0,0.0,0.0,0,0.0,0,0.0,0.0,0,0.0,0,0.0,0.0,0,0.0,0,0.0,0.0,,,,0.0,,,,0.0,0,,,0,0,,0.0,No Signal,No Signal
KABRAEXTRU,0,0.0,0,0.0,0.0,0,0.0,0,0.0,0.0,0,0.0,0,0.0,0.0,0,0.0,0,0.0,0.0,6,136446027.0,3,140112272.0,-3666245.0,19-06-2026,19-06-2026,238.996728,29874591.0,25-06-2026,26-06-2026,243.6942904821503,16355786.0,6,81,75,2,1,240.46912142061555,0.0,Stale,Stale Accumulation
KANPRPLA,0,0.0,0,0.0,0.0,0,0.0,0,0.0,0.0,0,0.0,0,0.0,0.0,0,0.0,0,0.0,0.0,0,0.0,0,0.0,0.0,,,,0.0,,,,0.0,0,,,0,0,,0.0,No Signal,No Signal
KARURVYSYA,0,0.0,3,2256467.0,-2256467.0,0,0.0,9,12959741.0,-12959741.0,0,0.0,10,13969886.0,-13969886.0,0,0.0,16,18120131.0,-18120131.0,0,0.0,16,18120131.0,-18120131.0,,,,0.0,,,,0.0,0,,,0,4,,0.0,No Signal,No Signal
KCP,0,0.0,0,0.0,0.0,0,0.0,0,0.0,0.0,0,0.0,0,0.0,0.0,0,0.0,0,0.0,0.0,5,14276488.0,2,5240000.0,9036488.0,05-06-2026,08-06-2026,160.84061985327145,2148509.0,30-06-2026,07-08-2026,140.46881505537513,1686890.0,25,95,70,2,1,160.91322140300784,0.0,Stale,Stale Accumulation
KDDL,0,0.0,0,0.0,0.0,0,0.0,0,0.0,0.0,0,0.0,1,898100017.0,-898100017.0,0,0.0,1,898100017.0,-898100017.0,0,0.0,1,898100017.0,-898100017.0,,,,0.0,,,,0.0,0,,,0,1,,0.0,No Signal,No Signal
KMEW,0,0.0,0,0.0,0.0,0,0.0,0,0.0,0.0,0,0.0,0,0.0,0.0,0,0.0,0,0.0,0.0,0,0.0,2,1006333080.0,-1006333080.0,,,,0.0,,,,0.0,0,,,0,2,,0.0,No Signal,No Signal
KMSUGAR,0,0.0,0,0.0,0.0,0,0.0,0,0.0,0.0,0,0.0,0,0.0,0.0,0,0.0,0,0.0,0.0,0,0.0,0,0.0,0.0,,,,0.0,,,,0.0,0,,,0,0,,0.0,No Signal,No Signal
KOTYARK,0,0.0,0,0.0,0.0,0,0.0,0,0.0,0.0,0,0.0,0,0.0,0.0,0,0.0,0,0.0,0.0,0,0.0,5,37759406.0,-37759406.0,,,,0.0,,,,0.0,0,,,0,1,,0.0,No Signal,No Signal
KRISHIVAL,0,0.0,0,0.0,0.0,0,0.0,0,0.0,0.0,0,0.0,0,0.0,0.0,0,0.0,0,0.0,0.0,0,0.0,0,0.0,0.0,,,,0.0,,,,0.0,0,,,0,0,,0.0,No Signal,No Signal
KRN,0,0.0,0,0.0,0.0,0,0.0,0,0.0,0.0,0,0.0,0,0.0,0.0,0,0.0,0,0.0,0.0,0,0.0,0,0.0,0.0,,,,0.0,,,,0.0,0,,,0,0,,0.0,No Signal,No Signal
LALPATHLAB,0,0.0,0,0.0,0.0,0,0.0,0,0.0,0.0,0,0.0,0,0.0,0.0,0,0.0,1,609742252.0,-609742252.0,0,0.0,1,609742252.0,-609742252.0,,,,0.0,,,,0.0,0,,,0,1,,0.0,No Signal,No Signal
LANDMARK,0,0.0,0,0.0,0.0,0,0.0,0,0.0,0.0,0,0.0,0,0.0,0.0,0,0.0,0,0.0,0.0,0,0.0,0,0.0,0.0,10-06-2026,10-06-2026,421.3368,2106684.0,10-06-2026,10-06-2026,421.3368,2106684.0,0,90,90,1,0,421.3368,0.0,Stale,Stale Accumulation
LAOPALA,0,0.0,0,0.0,0.0,0,0.0,0,0.0,0.0,0,0.0,0,0.0,0.0,0,0.0,0,0.0,0.0,0,0.0,0,0.0,0.0,08-06-2026,09-06-2026,174.9865111111111,7874393.0,08-06-2026,09-06-2026,174.9865111111111,7874393.0,0,92,92,1,0,174.9865111111111,0.0,Stale,Stale Accumulation
LEAPIND,0,0.0,0,0.0,0.0,0,0.0,0,0.0,0.0,0,0.0,0,0.0,0.0,0,0.0,0,0.0,0.0,0,0.0,0,0.0,0.0,,,,0.0,,,,0.0,0,,,0,0,,0.0,No Signal,No Signal
LIBAS,2,58839.0,0,0.0,58839.0,4,1577555.0,0,0.0,1577555.0,6,2096820.0,0,0.0,2096820.0,6,2096820.0,0,0.0,2096820.0,6,2096820.0,0,0.0,2096820.0,21-08-2026,24-08-2026,10.019749198983538,362755.0,02-09-2026,04-09-2026,10.41,20820.0,12,18,6,2,0,10.723118307064468,0.0281,Fresh,Early Accumulation
LIBERTSHOE,0,0.0,0,0.0,0.0,0,0.0,0,0.0,0.0,5,17097005.0,0,0.0,17097005.0,5,17097005.0,0,0.0,17097005.0,7,34642450.0,2,5548400.0,29094050.0,30-06-2026,30-06-2026,268.783925,10751357.0,19-08-2026,20-08-2026,244.0,1109712.0,50,70,20,2,1,256.61074074074077,0.0,Active,Confirmed Accumulation
LICI,0,0.0,0,0.0,0.0,0,0.0,0,0.0,0.0,0,0.0,0,0.0,0.0,0,0.0,1,315523400000.0,-315523400000.0,0,0.0,1,315523400000.0,-315523400000.0,,,,0.0,,,,0.0,0,,,0,1,,0.0,No Signal,No Signal
LINC,0,0.0,0,0.0,0.0,0,0.0,0,0.0,0.0,0,0.0,0,0.0,0.0,0,0.0,0,0.0,0.0,0,0.0,0,0.0,0.0,,,,0.0,,,,0.0,0,,,0,0,,0.0,No Signal,No Signal
LYKALABS,0,0.0,0,0.0,0.0,0,0.0,0,0.0,0.0,0,0.0,0,0.0,0.0,0,0.0,0,0.0,0.0,16,13897427.0,0,0.0,13897427.0,24-06-2026,26-06-2026,67.9138,339569.0,29-06-2026,30-06-2026,72.91204437400951,92015.0,5,76,71,5,0,70.8138321452411,0.0,Stale,Stale Accumulation
MACPOWER,0,0.0,0,0.0,0.0,0,0.0,0,0.0,0.0,0,0.0,0,0.0,0.0,0,0.0,0,0.0,0.0,0,0.0,0,0.0,0.0,,,,0.0,,,,0.0,0,,,0,0,,0.0,No Signal,No Signal
MAGNUM,0,0.0,0,0.0,0.0,0,0.0,0,0.0,0.0,0,0.0,0,0.0,0.0,0,0.0,0,0.0,0.0,0,0.0,0,0.0,0.0,,,,0.0,,,,0.0,0,,,0,0,,0.0,No Signal,No Signal
MAHSEAMLES,0,0.0,0,0.0,0.0,0,0.0,0,0.0,0.0,0,0.0,0,0.0,0.0,0,0.0,0,0.0,0.0,1,1026988804.0,1,1007459825.0,19528979.0,30-06-2026,01-07-2026,618.7797818882931,1026988804.0,30-06-2026,01-07-2026,618.7797818882931,1026988804.0,0,70,70,1,1,618.7797818882931,0.0,Stale,Stale Accumulation
MANAKCOAT,0,0.0,0,0.0,0.0,0,0.0,0,0.0,0.0,0,0.0,0,0.0,0.0,0,0.0,0,0.0,0.0,0,0.0,0,0.0,0.0,,,,0.0,,,,0.0,0,,,0,0,,0.0,No Signal,No Signal
MANINFRA,0,0.0,0,0.0,0.0,0,0.0,0,0.0,0.0,0,0.0,0,0.0,0.0,0,0.0,0,0.0,0.0,3,78892500.0,0,0.0,78892500.0,25-06-2026,29-06-2026,105.19,26297500.0,25-06-2026,29-06-2026,105.19,26297500.0,0,75,75,1,0,105.19,0.0,Stale,Stale Accumulation
MASTERTR,0,0.0,0,0.0,0.0,0,0.0,0,0.0,0.0,0,0.0,0,0.0,0.0,0,0.0,0,0.0,0.0,0,0.0,0,0.0,0.0,,,,0.0,,,,0.0,0,,,0,0,,0.0,No Signal,No Signal
MAZDA,0,0.0,0,0.0,0.0,0,0.0,0,0.0,0.0,0,0.0,0,0.0,0.0,0,0.0,0,0.0,0.0,4,6747544.0,0,0.0,6747544.0,18-06-2026,20-06-2026,240.98371428571429,1686886.0,18-06-2026,20-06-2026,240.98371428571429,1686886.0,0,82,82,1,0,240.98371428571429,0.0,Stale,Stale Accumulation
MBEL,0,0.0,0,0.0,0.0,0,0.0,0,0.0,0.0,0,0.0,0,0.0,0.0,0,0.0,0,0.0,0.0,6,19021945.0,0,0.0,19021945.0,11-06-2026,12-06-2026,283.0559166666667,3396671.0,16-06-2026,17-06-2026,309.5979,3095979.0,5,89,84,4,0,297.217890625,0.0,Stale,Stale Accumulation
MCL,0,0.0,0,0.0,0.0,0,0.0,0,0.0,0.0,0,0.0,6,536016.0,-536016.0,0,0.0,6,536016.0,-536016.0,0,0.0,6,536016.0,-536016.0,,,,0.0,,,,0.0,0,,,0,3,,0.0,No Signal,No Signal
MENONBE,0,0.0,0,0.0,0.0,0,0.0,0,0.0,0.0,0,0.0,9,720040800.0,-720040800.0,0,0.0,9,720040800.0,-720040800.0,0,0.0,9,720040800.0,-720040800.0,,,,0.0,,,,0.0,0,,,0,3,,0.0,No Signal,No Signal
MERCURYEV,0,0.0,1,5245000.0,-5245000.0,0,0.0,1,5245000.0,-5245000.0,0,0.0,1,5245000.0,-5245000.0,0,0.0,1,5245000.0,-5245000.0,0,0.0,1,5245000.0,-5245000.0,,,,0.0,,,,0.0,0,,,0,1,,0.0,No Signal,No Signal
METROPOLIS,0,0.0,0,0.0,0.0,0,0.0,0,0.0,0.0,0,0.0,2,1184400000.0,-1184400000.0,0,0.0,2,1184400000.0,-1184400000.0,0,0.0,2,1184400000.0,-1184400000.0,,,,0.0,,,,0.0,0,,,0,2,,0.0,No Signal,No Signal
MOTHERSON,0,0.0,0,0.0,0.0,0,0.0,0,0.0,0.0,0,0.0,0,0.0,0.0,0,0.0,0,0.0,0.0,0,0.0,0,0.0,0.0,,,,0.0,,,,0.0,0,,,0,0,,0.0,No Signal,No Signal
MOTILALOFS,0,0.0,0,0.0,0.0,0,0.0,0,0.0,0.0,0,0.0,0,0.0,0.0,0,0.0,0,0.0,0.0,0,0.0,0,0.0,0.0,,,,0.0,,,,0.0,0,,,0,0,,0.0,No Signal,No Signal
MOTOGENFIN,0,0.0,0,0.0,0.0,0,0.0,0,0.0,0.0,0,0.0,0,0.0,0.0,0,0.0,0,0.0,0.0,12,6132317.0,0,0.0,6132317.0,08-06-2026,08-06-2026,29.0198125,464317.0,25-06-2026,25-06-2026,30.0,177480.0,17,92,75,1,0,29.739218400291158,0.0,Stale,Stale Accumulation
MSPL,0,0.0,0,0.0,0.0,0,0.0,0,0.0,0.0,0,0.0,0,0.0,0.0,0,0.0,0,0.0,0.0,31,1258286546.0,0,0.0,1258286546.0,02-06-2026,09-06-2026,42.298,99400300.0,22-06-2026,25-06-2026,44.71879963320128,7461287.0,20,98,78,6,0,41.995486999151915,0.0,Stale,Stale Accumulation
MTARTECH,0,0.0,1,0.0,0.0,0,0.0,1,0.0,0.0,0,0.0,1,0.0,0.0,0,0.0,1,0.0,0.0,0,0.0,6,629791805.0,-629791805.0,,,,0.0,,,,0.0,0,,,0,4,,0.0,No Signal,No Signal
NATCOPHARM,0,0.0,0,0.0,0.0,0,0.0,0,0.0,0.0,0,0.0,0,0.0,0.0,0,0.0,0,0.0,0.0,0,0.0,0,0.0,0.0,,,,0.0,,,,0.0,0,,,0,0,,0.0,No Signal,No Signal
NAUKRI,0,0.0,0,0.0,0.0,0,0.0,1,135782788.0,-135782788.0,0,0.0,4,2518487544.0,-2518487544.0,0,0.0,4,2518487544.0,-2518487544.0,0,0.0,4,2518487544.0,-2518487544.0,,,,0.0,,,,0.0,0,,,0,2,,0.0,No Signal,No Signal
NAVA,1,5605844.0,0,0.0,5605844.0,3,55527014.0,0,0.0,55527014.0,3,55527014.0,0,0.0,55527014.0,3,55527014.0,0,0.0,55527014.0,3,55527014.0,0,0.0,55527014.0,25-08-2026,27-08-2026,563.6042619047619,23671379.0,03-09-2026,04-09-2026,560.5844,5605844.0,9,14,5,3,0,566.6021836734694,0.101,Fresh,Early Accumulation
NCC,0,0.0,0,0.0,0.0,0,0.0,0,0.0,0.0,2,94549280.0,0,0.0,94549280.0,2,94549280.0,0,0.0,94549280.0,6,243403269.0,0,0.0,243403269.0,09-06-2026,10-06-2026,143.63219741480611,49748017.0,18-08-2026,19-08-2026,138.96930262041707,29815308.0,70,91,21,1,0,147.28903745290313,0.0,Active,Confirmed Accumulation
NCLIND,3,850574.0,0,0.0,850574.0,7,3244261.0,0,0.0,3244261.0,23,40729466.0,0,0.0,40729466.0,23,40729466.0,0,0.0,40729466.0,31,47403749.0,0,0.0,47403749.0,05-06-2026,08-06-2026,178.50191570881225,46589.0,07-09-2026,08-09-2026,176.48977604673806,181255.0,94,95,1,5,0,176.010604905212,0.0209,Fresh,Confirmed Accumulation
NECCLTD,0,0.0,1,8450169.0,-8450169.0,0,0.0,3,25950169.0,-25950169.0,0,0.0,3,25950169.0,-25950169.0,0,0.0,3,25950169.0,-25950169.0,0,0.0,3,25950169.0,-25950169.0,,,,0.0,,,,0.0,0,,,0,1,,0.0,No Signal,No Signal
NEOGEN,0,0.0,0,0.0,0.0,0,0.0,0,0.0,0.0,0,0.0,0,0.0,0.0,0,0.0,0,0.0,0.0,0,0.0,0,0.0,0.0,,,,0.0,,,,0.0,0,,,0,0,,0.0,No Signal,No Signal
NGLFINE,0,0.0,0,0.0,0.0,0,0.0,0,0.0,0.0,0,0.0,0,0.0,0.0,0,0.0,0,0.0,0.0,0,0.0,2,4037963.0,-4037963.0,,,,0.0,,,,0.0,0,,,0,1,,0.0,No Signal,No Signal
NIITLTD,0,0.0,0,0.0,0.0,6,134010499.0,0,0.0,134010499.0,8,142851469.0,0,0.0,142851469.0,8,142851469.0,0,0.0,142851469.0,8,142851469.0,0,0.0,142851469.0,08-06-2026,10-06-2026,93.30641025641026,54584250.0,31-08-2026,02-09-2026,106.77,11605899.0,84,92,8,2,0,98.54107984790875,0.0,Active,Confirmed Accumulation
NIITMTS,0,0.0,0,0.0,0.0,0,0.0,0,0.0,0.0,0,0.0,0,0.0,0.0,0,0.0,0,0.0,0.0,0,0.0,0,0.0,0.0,08-06-2026,10-06-2026,224.11,8404125.0,09-06-2026,10-06-2026,225.7899861657976,4243497.0,1,92,91,2,0,224.6674778839663,0.0,Stale,Stale Accumulation
NILASPACES,0,0.0,1,12345000.0,-12345000.0,0,0.0,2,24925000.0,-24925000.0,0,0.0,5,63411806.0,-63411806.0,0,0.0,5,63411806.0,-63411806.0,0,0.0,5,63411806.0,-63411806.0,,,,0.0,,,,0.0,0,,,0,1,,0.0,No Signal,No Signal
NINSYS,0,0.0,0,0.0,0.0,0,0.0,0,0.0,0.0,0,0.0,0,0.0,0.0,0,0.0,0,0.0,0.0,33,31061184.0,0,0.0,31061184.0,19-06-2026,20-06-2026,700.662,700662.0,30-06-2026,01-07-2026,827.6113333333333,2482834.0,11,81,70,1,0,766.9428148148148,0.0,Stale,Stale Accumulation
NITCO,0,0.0,0,0.0,0.0,0,0.0,0,0.0,0.0,0,0.0,0,0.0,0.0,0,0.0,0,0.0,0.0,0,0.0,0,0.0,0.0,,,,0.0,,,,0.0,0,,,0,0,,0.0,No Signal,No Signal
NLCINDIA,0,0.0,0,0.0,0.0,0,0.0,0,0.0,0.0,0,0.0,0,0.0,0.0,0,0.0,0,0.0,0.0,0,0.0,0,0.0,0.0,,,,0.0,,,,0.0,0,,,0,1,,0.0,No Signal,No Signal
NOVAAGRI,0,0.0,0,0.0,0.0,0,0.0,0,0.0,0.0,0,0.0,0,0.0,0.0,0,0.0,0,0.0,0.0,1,111180.0,0,0.0,111180.0,22-06-2026,24-06-2026,25.5,111180.0,22-06-2026,24-06-2026,25.5,111180.0,0,78,78,1,0,25.5,0.0,Stale,Stale Accumulation
NPST,0,0.0,0,0.0,0.0,0,0.0,0,0.0,0.0,0,0.0,0,0.0,0.0,0,0.0,0,0.0,0.0,6,9482.0,2,3160.0,6322.0,25-06-2026,01-07-2026,1.2704654895666132,1583.0,25-06-2026,01-07-2026,0.05165458659932439,1575.0,0,75,75,2,1,0.058698262947417944,0.0,Stale,Stale Accumulation
NRBBEARING,0,0.0,0,0.0,0.0,0,0.0,0,0.0,0.0,0,0.0,0,0.0,0.0,0,0.0,0,0.0,0.0,0,0.0,0,0.0,0.0,,,,0.0,,,,0.0,0,,,0,1,,0.0,No Signal,No Signal
NRL,0,0.0,0,0.0,0.0,0,0.0,0,0.0,0.0,0,0.0,0,0.0,0.0,0,0.0,0,0.0,0.0,1,4186225.0,0,0.0,4186225.0,24-06-2026,26-06-2026,83.06001984126983,4186225.0,24-06-2026,26-06-2026,83.06001984126983,4186225.0,0,76,76,1,0,83.06001984126983,0.0,Stale,Stale Accumulation
NURECA,0,0.0,0,0.0,0.0,8,6508340.0,0,0.0,6508340.0,8,6508340.0,0,0.0,6508340.0,15,20632058.0,0,0.0,20632058.0,15,20632058.0,0,0.0,20632058.0,24-07-2026,11-08-2026,301.14995815899584,1799371.0,28-08-2026,29-08-2026,335.9716666666667,201583.0,35,46,11,2,0,316.1468258224667,0.0,Active,Confirmed Accumulation
OBCL,2,769644.0,0,0.0,769644.0,3,1889908.0,0,0.0,1889908.0,7,14844955.0,0,0.0,14844955.0,9,18404259.0,0,0.0,18404259.0,9,18404259.0,0,0.0,18404259.0,09-06-2026,10-06-2026,55.49588477366255,2292535.0,07-09-2026,07-09-2026,54.897298947047155,359742.0,90,91,1,2,0,53.53569858095489,0.0518,Fresh,Confirmed Accumulation
OMAXAUTO,0,0.0,0,0.0,0.0,0,0.0,0,0.0,0.0,0,0.0,0,0.0,0.0,0,0.0,3,4629010.0,-4629010.0,0,0.0,3,4629010.0,-4629010.0,,,,0.0,,,,0.0,0,,,0,2,,0.0,No Signal,No Signal
OMPOWER,0,0.0,0,0.0,0.0,0,0.0,0,0.0,0.0,0,0.0,0,0.0,0.0,0,0.0,0,0.0,0.0,3,7447179.0,0,0.0,7447179.0,24-06-2026,27-06-2026,182.8989522537093,2601006.0,24-06-2026,27-06-2026,181.8687130477039,2245533.0,0,76,76,3,0,182.6945759634963,0.0,Stale,Stale Accumulation
ORIENTLTD,0,0.0,0,0.0,0.0,0,0.0,0,0.0,0.0,0,0.0,0,0.0,0.0,0,0.0,0,0.0,0.0,2,719723.0,0,0.0,719723.0,17-06-2026,07-07-2026,65.85952341276455,395223.0,29-06-2026,07-07-2026,70.95998250601356,324500.0,12,83,71,2,0,68.06534896916966,0.0,Stale,Stale Accumulation
PAISALO,0,0.0,0,0.0,0.0,0,0.0,0,0.0,0.0,0,0.0,0,0.0,0.0,0,0.0,0,0.0,0.0,0,0.0,0,0.0,0.0,,,,0.0,,,,0.0,0,,,0,0,,0.0,No Signal,No Signal
PANACEABIO,0,0.0,0,0.0,0.0,0,0.0,0,0.0,0.0,0,0.0,0,0.0,0.0,0,0.0,0,0.0,0.0,0,0.0,0,0.0,0.0,,,,0.0,,,,0.0,0,,,0,0,,0.0,No Signal,No Signal
PARADEEP,0,0.0,0,0.0,0.0,0,0.0,0,0.0,0.0,1,15060000.0,0,0.0,15060000.0,1,15060000.0,0,0.0,15060000.0,5,54146686.0,0,0.0,54146686.0,18-06-2026,23-06-2026,132.94000473384574,10671493.0,19-08-2026,21-08-2026,150.6,15060000.0,62,82,20,1,0,138.6435554326507,0.0,Active,Confirmed Accumulation
PARSVNATH,0,0.0,0,0.0,0.0,0,0.0,0,0.0,0.0,0,0.0,0,0.0,0.0,0,0.0,0,0.0,0.0,0,0.0,0,0.0,0.0,,,,0.0,,,,0.0,0,,,0,0,,0.0,No Signal,No Signal
PATINTLOG,0,0.0,0,0.0,0.0,0,0.0,0,0.0,0.0,0,0.0,0,0.0,0.0,0,0.0,0,0.0,0.0,4,510696.0,0,0.0,510696.0,08-06-2026,10-06-2026,13.41,175671.0,11-06-2026,15-06-2026,12.759992350353796,66722.0,3,92,89,1,0,13.101880952380952,0.0,Stale,Stale Accumulation
PENIND,0,0.0,0,0.0,0.0,0,0.0,0,0.0,0.0,0,0.0,0,0.0,0.0,0,0.0,0,0.0,0.0,0,0.0,0,0.0,0.0,,,,0.0,,,,0.0,0,,,0,0,,0.0,No Signal,No Signal
PGHH,0,0.0,0,0.0,0.0,0,0.0,0,0.0,0.0,0,0.0,0,0.0,0.0,0,0.0,0,0.0,0.0,1,5574358427.0,1,5574358427.0,0.0,19-06-2026,19-06-2026,8995.500000806864,5574358427.0,19-06-2026,19-06-2026,8995.500000806864,5574358427.0,0,81,81,1,1,8995.500000806864,0.0,Stale,Stale Accumulation
PKTEA,1,5174686.0,0,0.0,5174686.0,1,5174686.0,0,0.0,5174686.0,5,28636263.0,0,0.0,28636263.0,5,28636263.0,0,0.0,28636263.0,5,28636263.0,0,0.0,28636263.0,17-08-2026,19-08-2026,702.5034911525586,7344674.0,04-09-2026,08-09-2026,790.3904078203758,5174686.0,18,22,4,1,0,725.7771441605839,0.1807,Fresh,Confirmed Accumulation
PLASTIBLEN,0,0.0,0,0.0,0.0,0,0.0,0,0.0,0.0,0,0.0,0,0.0,0.0,0,0.0,3,31255296.0,-31255296.0,4,139339671.0,5,170056258.0,-30716587.0,19-06-2026,19-06-2026,174.3148688046647,29895000.0,25-06-2026,26-06-2026,176.00780725022105,39812966.0,6,81,75,2,2,175.18188458637164,0.0,Stale,Stale Accumulation
PNC,0,0.0,0,0.0,0.0,0,0.0,0,0.0,0.0,0,0.0,0,0.0,0.0,0,0.0,0,0.0,0.0,0,0.0,0,0.0,0.0,,,,0.0,,,,0.0,0,,,0,0,,0.0,No Signal,No Signal
PNGSREVA,0,0.0,0,0.0,0.0,0,0.0,0,0.0,0.0,0,0.0,0,0.0,0.0,0,0.0,0,0.0,0.0,3,17516080.0,0,0.0,17516080.0,18-06-2026,18-06-2026,387.21,17424450.0,25-06-2026,25-06-2026,0.0,0.0,7,82,75,1,0,387.1983730492064,0.0,Stale,Stale Accumulation
POCL,0,0.0,0,0.0,0.0,0,0.0,0,0.0,0.0,0,0.0,0,0.0,0.0,0,0.0,0,0.0,0.0,0,0.0,2,2252188386.0,-2252188386.0,,,,0.0,,,,0.0,0,,,0,1,,0.0,No Signal,No Signal
PONNIERODE,0,0.0,0,0.0,0.0,0,0.0,0,0.0,0.0,1,101498680.0,0,0.0,101498680.0,1,101498680.0,0,0.0,101498680.0,1,101498680.0,0,0.0,101498680.0,17-08-2026,17-08-2026,349.9954482758621,101498680.0,17-08-2026,17-08-2026,349.9954482758621,101498680.0,0,22,22,1,0,349.9954482758621,0.0,Active,Mature Accumulation
POWERMECH,0,0.0,0,0.0,0.0,0,0.0,0,0.0,0.0,0,0.0,0,0.0,0.0,0,0.0,0,0.0,0.0,0,0.0,1,1112440.0,-1112440.0,,,,0.0,,,,0.0,0,,,0,1,,0.0,No Signal,No Signal
PREMIERPOL,0,0.0,0,0.0,0.0,0,0.0,0,0.0,0.0,0,0.0,0,0.0,0.0,0,0.0,2,11051320.0,-11051320.0,3,28374100.0,2,11051320.0,17322780.0,09-06-2026,10-06-2026,55.50999909646718,11058591.0,17-06-2026,18-06-2026,58.0,5525660.0,8,91,83,1,1,56.4794235853894,0.0,Stale,Stale Accumulation
RADIANTCMS,0,0.0,0,0.0,0.0,0,0.0,0,0.0,0.0,0,0.0,0,0.0,0.0,0,0.0,0,0.0,0.0,0,0.0,0,0.0,0.0,08-06-2026,10-06-2026,38.86000599260912,1167238.0,08-06-2026,10-06-2026,38.86000599260912,1167238.0,0,92,92,1,0,38.86000599260912,0.0,Stale,Stale Accumulation
RAJMET,0,0.0,0,0.0,0.0,0,0.0,3,5614250.0,-5614250.0,0,0.0,4,10397500.0,-10397500.0,0,0.0,4,10397500.0,-10397500.0,0,0.0,4,10397500.0,-10397500.0,,,,0.0,,,,0.0,0,,,0,1,,0.0,No Signal,No Signal
RAMCOIND,0,0.0,0,0.0,0.0,0,0.0,0,0.0,0.0,0,0.0,0,0.0,0.0,0,0.0,0,0.0,0.0,0,0.0,0,0.0,0.0,,,,0.0,,,,0.0,0,,,0,0,,0.0,No Signal,No Signal
RBA,0,0.0,0,0.0,0.0,0,0.0,0,0.0,0.0,0,0.0,0,0.0,0.0,0,0.0,0,0.0,0.0,0,0.0,0,0.0,0.0,,,,0.0,,,,0.0,0,,,0,0,,0.0,No Signal,No Signal
RELTD,0,0.0,0,0.0,0.0,0,0.0,0,0.0,0.0,0,0.0,0,0.0,0.0,0,0.0,0,0.0,0.0,0,0.0,0,0.0,0.0,,,,0.0,,,,0.0,0,,,0,0,,0.0,No Signal,No Signal
REMSONSIND,0,0.0,0,0.0,0.0,0,0.0,0,0.0,0.0,0,0.0,0,0.0,0.0,0,0.0,0,0.0,0.0,0,0.0,3,25161895.0,-25161895.0,,,,0.0,,,,0.0,0,,,0,1,,0.0,No Signal,No Signal
RESPONIND,0,0.0,0,0.0,0.0,0,0.0,0,0.0,0.0,0,0.0,0,0.0,0.0,0,0.0,0,0.0,0.0,0,0.0,0,0.0,0.0,,,,0.0,,,,0.0,0,,,0,0,,0.0,No Signal,No Signal
RGL,0,0.0,0,0.0,0.0,0,0.0,0,0.0,0.0,0,0.0,0,0.0,0.0,0,0.0,0,0.0,0.0,1,26056348.0,0,0.0,26056348.0,10-06-2026,11-06-2026,95.70170033911258,4007413.0,11-06-2026,11-06-2026,101.7464416945539,26056348.0,1,90,89,1,0,100.89695434027486,0.0,Stale,Stale Accumulation
RKFORGE,0,0.0,0,0.0,0.0,0,0.0,0,0.0,0.0,0,0.0,0,0.0,0.0,0,0.0,0,0.0,0.0,0,0.0,0,0.0,0.0,,,,0.0,,,,0.0,0,,,0,0,,0.0,No Signal,No Signal
RMCL,0,0.0,0,0.0,0.0,0,0.0,0,0.0,0.0,0,0.0,0,0.0,0.0,0,0.0,0,0.0,0.0,0,0.0,0,0.0,0.0,,,,0.0,,,,0.0,0,,,0,0,,0.0,No Signal,No Signal
ROSSELLIND,0,0.0,0,0.0,0.0,0,0.0,0,0.0,0.0,0,0.0,0,0.0,0.0,0,0.0,0,0.0,0.0,0,0.0,0,0.0,0.0,,,,0.0,,,,0.0,0,,,0,0,,0.0,No Signal,No Signal
ROSSTECH,0,0.0,0,0.0,0.0,0,0.0,0,0.0,0.0,0,0.0,0,0.0,0.0,0,0.0,0,0.0,0.0,0,0.0,0,0.0,0.0,,,,0.0,,,,0.0,0,,,0,0,,0.0,No Signal,No Signal
ROTO,0,0.0,0,0.0,0.0,0,0.0,1,317830.0,-317830.0,0,0.0,1,317830.0,-317830.0,0,0.0,1,317830.0,-317830.0,0,0.0,3,1198371.0,-1198371.0,,,,0.0,,,,0.0,0,,,0,1,,0.0,No Signal,No Signal
RPPINFRA,0,0.0,0,0.0,0.0,0,0.0,0,0.0,0.0,0,0.0,4,239172480.0,-239172480.0,0,0.0,6,338892860.0,-338892860.0,0,0.0,6,338892860.0,-338892860.0,,,,0.0,,,,0.0,0,,,0,4,,0.0,No Signal,No Signal
RSL,0,0.0,0,0.0,0.0,0,0.0,0,0.0,0.0,0,0.0,0,0.0,0.0,0,0.0,0,0.0,0.0,1,6545735.0,0,0.0,6545735.0,16-06-2026,17-06-2026,130.9147,6545735.0,16-06-2026,17-06-2026,130.9147,6545735.0,0,84,84,1,0,130.9147,0.0,Stale,Stale Accumulation
RUBICON,0,0.0,0,0.0,0.0,0,0.0,2,23250257929.0,-23250257929.0,0,0.0,2,23250257929.0,-23250257929.0,0,0.0,2,23250257929.0,-23250257929.0,0,0.0,2,23250257929.0,-23250257929.0,,,,0.0,,,,0.0,0,,,0,1,,0.0,No Signal,No Signal
RUCHIRA,0,0.0,0,0.0,0.0,0,0.0,0,0.0,0.0,0,0.0,0,0.0,0.0,0,0.0,0,0.0,0.0,0,0.0,0,0.0,0.0,,,,0.0,,,,0.0,0,,,0,0,,0.0,No Signal,No Signal
SAKAR,0,0.0,0,0.0,0.0,0,0.0,0,0.0,0.0,0,0.0,2,10589934.0,-10589934.0,0,0.0,4,38261334.0,-38261334.0,0,0.0,4,38261334.0,-38261334.0,,,,0.0,,,,0.0,0,,,0,1,,0.0,No Signal,No Signal
SAKHTISUG,0,0.0,0,0.0,0.0,0,0.0,0,0.0,0.0,0,0.0,0,0.0,0.0,0,0.0,0,0.0,0.0,0,0.0,0,0.0,0.0,,,,0.0,,,,0.0,0,,,0,0,,0.0,No Signal,No Signal
SALASAR,0,0.0,0,0.0,0.0,0,0.0,0,0.0,0.0,0,0.0,0,0.0,0.0,0,0.0,0,0.0,0.0,0,0.0,14,632494392.0,-632494392.0,,,,0.0,,,,0.0,0,,,0,5,,0.0,No Signal,No Signal
SAMPANN,0,0.0,0,0.0,0.0,0,0.0,0,0.0,0.0,0,0.0,0,0.0,0.0,0,0.0,0,0.0,0.0,0,0.0,0,0.0,0.0,,,,0.0,,,,0.0,0,,,0,0,,0.0,No Signal,No Signal
SANDUMA,0,0.0,0,0.0,0.0,0,0.0,0,0.0,0.0,0,0.0,0,0.0,0.0,0,0.0,0,0.0,0.0,1,46970458.0,1,46898837.0,71621.0,29-06-2026,02-07-2026,207.63360121652565,46970458.0,29-06-2026,02-07-2026,207.63360121652565,46970458.0,0,71,71,1,1,207.63360121652565,0.0,Stale,Stale Accumulation
SANGINITA,0,0.0,0,0.0,0.0,0,0.0,0,0.0,0.0,0,0.0,0,0.0,0.0,0,0.0,0,0.0,0.0,0,0.0,0,0.0,0.0,,,,0.0,,,,0.0,0,,,0,0,,0.0,No Signal,No Signal
SANSERA,0,0.0,0,0.0,0.0,0,0.0,0,0.0,0.0,0,0.0,0,0.0,0.0,0,0.0,0,0.0,0.0,0,0.0,0,0.0,0.0,,,,0.0,,,,0.0,0,,,0,0,,0.0,No Signal,No Signal
SASKEN,0,0.0,0,0.0,0.0,0,0.0,0,0.0,0.0,0,0.0,0,0.0,0.0,0,0.0,0,0.0,0.0,0,0.0,0,0.0,0.0,,,,0.0,,,,0.0,0,,,0,1,,0.0,No Signal,No Signal
SBCL,0,0.0,0,0.0,0.0,0,0.0,0,0.0,0.0,0,0.0,0,0.0,0.0,0,0.0,0,0.0,0.0,3,4451787.0,0,0.0,4451787.0,11-06-2026,13-06-2026,674.5131818181818,1483929.0,11-06-2026,13-06-2026,674.5131818181818,1483929.0,0,89,89,1,0,674.5131818181818,0.0,Stale,Stale Accumulation
SENCO,0,0.0,0,0.0,0.0,0,0.0,0,0.0,0.0,1,1094828.0,0,0.0,1094828.0,1,1094828.0,0,0.0,1094828.0,2,4081958.0,0,0.0,4081958.0,30-06-2026,03-07-2026,334.88004484304935,2987130.0,18-08-2026,20-08-2026,336.87015384615387,1094828.0,49,70,21,1,0,335.4115036976171,0.0,Active,Confirmed Accumulation
SENORES,0,0.0,0,0.0,0.0,0,0.0,0,0.0,0.0,0,0.0,0,0.0,0.0,0,0.0,0,0.0,0.0,0,0.0,0,0.0,0.0,,,,0.0,,,,0.0,0,,,0,0,,0.0,No Signal,No Signal
SESHAPAPER,0,0.0,0,0.0,0.0,0,0.0,0,0.0,0.0,0,0.0,0,0.0,0.0,2,9701328.0,0,0.0,9701328.0,10,60852442.0,0,0.0,60852442.0,25-06-2026,25-06-2026,224.8249,4496498.0,30-07-2026,30-07-2026,234.38820971249095,4850664.0,35,75,40,3,0,226.137393857188,0.0,Aging,Mature Accumulation
SGIL,0,0.0,0,0.0,0.0,1,1170000.0,0,0.0,1170000.0,1,1170000.0,0,0.0,1170000.0,1,1170000.0,0,0.0,1170000.0,1,1170000.0,0,0.0,1170000.0,28-08-2026,30-08-2026,585.0,1170000.0,28-08-2026,30-08-2026,585.0,1170000.0,0,11,11,1,0,585.0,0.0,Active,Mature Accumulation
SHAH,0,0.0,0,0.0,0.0,0,0.0,0,0.0,0.0,0,0.0,0,0.0,0.0,0,0.0,0,0.0,0.0,0,0.0,0,0.0,0.0,,,,0.0,,,,0.0,0,,,0,0,,0.0,No Signal,No Signal
SHAKTIPUMP,0,0.0,0,0.0,0.0,0,0.0,0,0.0,0.0,0,0.0,0,0.0,0.0,0,0.0,0,0.0,0.0,2,9890696.0,0,0.0,9890696.0,16-06-2026,17-06-2026,549.4831111111112,4945348.0,16-06-2026,17-06-2026,549.4831111111112,4945348.0,0,84,84,1,0,549.4831111111112,0.0,Stale,Stale Accumulation
SHALBY,0,0.0,0,0.0,0.0,0,0.0,0,0.0,0.0,1,773616.0,0,0.0,773616.0,1,773616.0,0,0.0,773616.0,1,773616.0,0,0.0,773616.0,19-08-2026,21-08-2026,154.7232,773616.0,19-08-2026,21-08-2026,154.7232,773616.0,0,20,20,1,0,154.7232,0.0,Active,Mature Accumulation
SHREEJISPG,0,0.0,2,708539400.0,-708539400.0,0,0.0,4,1393848000.0,-1393848000.0,0,0.0,4,1393848000.0,-1393848000.0,0,0.0,4,1393848000.0,-1393848000.0,0,0.0,4,1393848000.0,-1393848000.0,,,,0.0,,,,0.0,0,,,0,2,,0.0,No Signal,No Signal
SHREYANIND,0,0.0,0,0.0,0.0,0,0.0,0,0.0,0.0,0,0.0,1,1739242.0,-1739242.0,0,0.0,1,1739242.0,-1739242.0,0,0.0,2,5177438.0,-5177438.0,,,,0.0,,,,0.0,0,,,0,1,,0.0,No Signal,No Signal
SHYAMCENT,0,0.0,0,0.0,0.0,0,0.0,0,0.0,0.0,0,0.0,0,0.0,0.0,0,0.0,0,0.0,0.0,3,4245478.0,0,0.0,4245478.0,24-06-2026,29-06-2026,5.375772127480555,1571736.0,30-06-2026,03-07-2026,5.859089648615457,1922713.0,6,76,70,2,0,5.599239802485809,0.0,Stale,Stale Accumulation
SIEMENS,0,0.0,0,0.0,0.0,0,0.0,0,0.0,0.0,0,0.0,0,0.0,0.0,0,0.0,0,0.0,0.0,0,0.0,0,0.0,0.0,,,,0.0,,,,0.0,0,,,0,0,,0.0,No Signal,No Signal
SIGIND,2,2797000.0,0,0.0,2797000.0,6,6175057.0,0,0.0,6175057.0,11,13199494.0,0,0.0,13199494.0,11,13199494.0,0,0.0,13199494.0,11,13199494.0,0,0.0,13199494.0,17-08-2026,18-08-2026,68.80343785960875,956643.0,07-09-2026,08-09-2026,71.08530041036792,2026713.0,21,22,1,1,0,70.48752536580156,0.2119,Fresh,Confirmed Accumulation
SILVERTUC,4,23660836.0,0,0.0,23660836.0,8,33502546.0,0,0.0,33502546.0,8,33502546.0,0,0.0,33502546.0,8,33502546.0,0,0.0,33502546.0,8,33502546.0,0,0.0,33502546.0,25-08-2026,26-08-2026,180.9767857142857,2533675.0,03-09-2026,03-09-2026,169.00597142857143,5915209.0,9,14,5,1,0,170.93135714285714,0.7062,Fresh,Early Accumulation
SINCLAIR,2,2010254.0,0,0.0,2010254.0,4,14951696.0,0,0.0,14951696.0,4,14951696.0,0,0.0,14951696.0,4,14951696.0,0,0.0,14951696.0,5,16633076.0,0,0.0,16633076.0,05-06-2026,08-06-2026,74.39902007765053,7607523.0,04-09-2026,07-09-2026,84.21992324378442,504730.0,91,95,4,1,0,78.09219155280819,0.1344,Fresh,Confirmed Accumulation
SIYSIL,0,0.0,0,0.0,0.0,0,0.0,0,0.0,0.0,0,0.0,0,0.0,0.0,0,0.0,0,0.0,0.0,0,0.0,0,0.0,0.0,,,,0.0,,,,0.0,0,,,0,0,,0.0,No Signal,No Signal
SKIPPER,0,0.0,0,0.0,0.0,0,0.0,0,0.0,0.0,0,0.0,0,0.0,0.0,0,0.0,0,0.0,0.0,0,0.0,0,0.0,0.0,,,,0.0,,,,0.0,0,,,0,0,,0.0,No Signal,No Signal
SOTL,0,0.0,0,0.0,0.0,0,0.0,0,0.0,0.0,0,0.0,0,0.0,0.0,0,0.0,0,0.0,0.0,0,0.0,0,0.0,0.0,,,,0.0,,,,0.0,0,,,0,0,,0.0,No Signal,No Signal
SOUTHWEST,0,0.0,0,0.0,0.0,0,0.0,0,0.0,0.0,0,0.0,2,129890694.0,-129890694.0,0,0.0,2,129890694.0,-129890694.0,0,0.0,6,443569671.0,-443569671.0,,,,0.0,,,,0.0,0,,,0,3,,0.0,No Signal,No Signal
SPAL,0,0.0,0,0.0,0.0,0,0.0,1,462500000.0,-462500000.0,0,0.0,1,462500000.0,-462500000.0,0,0.0,1,462500000.0,-462500000.0,0,0.0,1,462500000.0,-462500000.0,,,,0.0,,,,0.0,0,,,0,1,,0.0,No Signal,No Signal
SPLIL,0,0.0,0,0.0,0.0,0,0.0,0,0.0,0.0,0,0.0,0,0.0,0.0,0,0.0,0,0.0,0.0,0,0.0,0,0.0,0.0,,,,0.0,,,,0.0,0,,,0,0,,0.0,No Signal,No Signal
SRHHYPOLTD,4,4502708.0,0,0.0,4502708.0,9,11150682.0,0,0.0,11150682.0,9,11150682.0,0,0.0,11150682.0,9,11150682.0,0,0.0,11150682.0,9,11150682.0,0,0.0,11150682.0,26-08-2026,27-08-2026,473.208,473208.0,08-09-2026,08-09-2026,530.8608888888889,2388874.0,13,13,0,2,0,495.4317323499356,0.4038,Fresh,Early Accumulation
STANLEY,0,0.0,0,0.0,0.0,0,0.0,0,0.0,0.0,0,0.0,0,0.0,0.0,0,0.0,0,0.0,0.0,0,0.0,0,0.0,0.0,03-06-2026,08-06-2026,145.435,14688935.0,03-06-2026,08-06-2026,145.435,14688935.0,0,97,97,1,0,145.435,0.0,Stale,Stale Accumulation
STEELXIND,0,0.0,0,0.0,0.0,0,0.0,0,0.0,0.0,0,0.0,0,0.0,0.0,0,0.0,0,0.0,0.0,0,0.0,0,0.0,0.0,,,,0.0,,,,0.0,0,,,0,0,,0.0,No Signal,No Signal
STEL,0,0.0,0,0.0,0.0,9,6154897.0,0,0.0,6154897.0,21,19212594.0,0,0.0,19212594.0,21,19212594.0,0,0.0,19212594.0,32,47177030.0,0,0.0,47177030.0,04-06-2026,08-06-2026,496.3701671891327,1900105.0,31-08-2026,02-09-2026,650.8548387096774,201765.0,88,96,8,2,0,578.7647399321921,0.0,Active,Confirmed Accumulation
STERTOOLS,0,0.0,0,0.0,0.0,0,0.0,0,0.0,0.0,0,0.0,0,0.0,0.0,0,0.0,0,0.0,0.0,0,0.0,0,0.0,0.0,,,,0.0,,,,0.0,0,,,0,0,,0.0,No Signal,No Signal
STLTECH,0,0.0,1,3744500.0,-3744500.0,0,0.0,2,7362000.0,-7362000.0,0,0.0,4,12247000.0,-12247000.0,2,47143353.0,7,19728006.0,27415347.0,2,47143353.0,7,19728006.0,27415347.0,29-07-2026,31-07-2026,506.1531836734694,24801506.0,30-07-2026,31-07-2026,502.0639775280899,22341847.0,1,41,40,1,1,504.2069839572193,0.0,Aging,Mature Accumulation
STYLAMIND,0,0.0,0,0.0,0.0,0,0.0,0,0.0,0.0,0,0.0,0,0.0,0.0,0,0.0,0,0.0,0.0,0,0.0,0,0.0,0.0,,,,0.0,,,,0.0,0,,,0,0,,0.0,No Signal,No Signal
STYLEBAAZA,0,0.0,0,0.0,0.0,0,0.0,0,0.0,0.0,0,0.0,9,3596.0,-3596.0,0,0.0,9,3596.0,-3596.0,0,0.0,9,3596.0,-3596.0,,,,0.0,,,,0.0,0,,,0,4,,0.0,No Signal,No Signal
SUMEETINDS,0,0.0,0,0.0,0.0,0,0.0,0,0.0,0.0,5,235458000.0,0,0.0,235458000.0,5,235458000.0,0,0.0,235458000.0,5,235458000.0,0,0.0,235458000.0,12-08-2026,13-08-2026,14.82,54834000.0,14-08-2026,17-08-2026,14.64,14640000.0,2,27,25,4,0,14.808679245283018,0.0,Active,Confirmed Accumulation
SUPERSPIN,0,0.0,0,0.0,0.0,2,1094039.0,0,0.0,1094039.0,2,1094039.0,0,0.0,1094039.0,2,1094039.0,0,0.0,1094039.0,4,2586146.0,0,0.0,2586146.0,23-06-2026,25-06-2026,5.305583353936839,1351921.0,31-08-2026,02-09-2026,5.900971542227662,154275.0,69,77,8,2,0,5.626263988722001,0.0,Active,Confirmed Accumulation
SUPREMEIND,0,0.0,0,0.0,0.0,0,0.0,0,0.0,0.0,0,0.0,0,0.0,0.0,0,0.0,0,0.0,0.0,0,0.0,0,0.0,0.0,,,,0.0,,,,0.0,0,,,0,0,,0.0,No Signal,No Signal
SWANCORP,0,0.0,0,0.0,0.0,0,0.0,0,0.0,0.0,0,0.0,0,0.0,0.0,0,0.0,0,0.0,0.0,0,0.0,0,0.0,0.0,,,,0.0,,,,0.0,0,,,0,0,,0.0,No Signal,No Signal
SWARAJ,0,0.0,0,0.0,0.0,0,0.0,5,75286546.0,-75286546.0,0,0.0,11,232188364.0,-232188364.0,0,0.0,11,232188364.0,-232188364.0,0,0.0,11,232188364.0,-232188364.0,,,,0.0,,,,0.0,0,,,0,2,,0.0,No Signal,No Signal
TAINWALCHM,1,248707.0,0,0.0,248707.0,5,965398.0,0,0.0,965398.0,7,3146984.0,0,0.0,3146984.0,7,3146984.0,0,0.0,3146984.0,7,3146984.0,0,0.0,3146984.0,18-08-2026,19-08-2026,207.70463422358281,1967586.0,07-09-2026,08-09-2026,212.93407534246575,248707.0,20,21,1,1,0,210.5146832564051,0.079,Fresh,Confirmed Accumulation
TCPLPACK,0,0.0,0,0.0,0.0,0,0.0,0,0.0,0.0,0,0.0,0,0.0,0.0,0,0.0,0,0.0,0.0,0,0.0,0,0.0,0.0,,,,0.0,,,,0.0,0,,,0,0,,0.0,No Signal,No Signal
TENNIND,0,0.0,0,0.0,0.0,0,0.0,0,0.0,0.0,0,0.0,2,31800591644.0,-31800591644.0,0,0.0,2,31800591644.0,-31800591644.0,0,0.0,2,31800591644.0,-31800591644.0,,,,0.0,,,,0.0,0,,,0,2,,0.0,No Signal,No Signal
THANGAMAYL,0,0.0,0,0.0,0.0,1,4957111.0,0,0.0,4957111.0,2,19879002.0,0,0.0,19879002.0,6,72054758.0,0,0.0,72054758.0,6,72054758.0,0,0.0,72054758.0,04-08-2026,06-08-2026,4810.6375,17318295.0,31-08-2026,01-09-2026,5359.038918918919,4957111.0,27,35,8,3,0,5198.755988455989,0.0,Active,Confirmed Accumulation
THOMASCOOK,0,0.0,0,0.0,0.0,0,0.0,0,0.0,0.0,0,0.0,0,0.0,0.0,0,0.0,0,0.0,0.0,1,8348760.0,0,0.0,8348760.0,08-06-2026,12-06-2026,103.75710020989752,141178551.0,11-06-2026,12-06-2026,107.94740176620421,8348760.0,3,92,89,1,0,109.30813008442239,0.0,Stale,Stale Accumulation
THYROCARE,0,0.0,0,0.0,0.0,0,0.0,0,0.0,0.0,0,0.0,1,1628065198.0,-1628065198.0,0,0.0,1,1628065198.0,-1628065198.0,0,0.0,1,1628065198.0,-1628065198.0,,,,0.0,,,,0.0,0,,,0,1,,0.0,No Signal,No Signal
TICL,0,0.0,0,0.0,0.0,0,0.0,0,0.0,0.0,0,0.0,0,0.0,0.0,0,0.0,0,0.0,0.0,0,0.0,5,2.0,-2.0,,,,0.0,,,,0.0,0,,,0,3,,0.0,No Signal,No Signal
TIGERLOGS,0,0.0,0,0.0,0.0,0,0.0,0,0.0,0.0,3,2202750.0,0,0.0,2202750.0,3,2202750.0,0,0.0,2202750.0,9,7036048.0,0,0.0,7036048.0,05-06-2026,08-06-2026,34.8071,348071.0,24-08-2026,25-08-2026,29.75,743750.0,80,95,15,1,0,34.64380341880342,0.0,Active,Confirmed Accumulation
TIMETECHNO,0,0.0,0,0.0,0.0,0,0.0,0,0.0,0.0,0,0.0,0,0.0,0.0,0,0.0,0,0.0,0.0,0,0.0,0,0.0,0.0,,,,0.0,,,,0.0,0,,,0,0,,0.0,No Signal,No Signal
TINNARUBR,0,0.0,0,0.0,0.0,0,0.0,0,0.0,0.0,0,0.0,0,0.0,0.0,0,0.0,0,0.0,0.0,0,0.0,1,58313591.0,-58313591.0,,,,0.0,,,,0.0,0,,,0,1,,0.0,No Signal,No Signal
TIPSMUSIC,0,0.0,0,0.0,0.0,0,0.0,0,0.0,0.0,0,0.0,0,0.0,0.0,0,0.0,0,0.0,0.0,0,0.0,0,0.0,0.0,,,,0.0,,,,0.0,0,,,0,0,,0.0,No Signal,No Signal
TIRUMALCHM,0,0.0,0,0.0,0.0,0,0.0,0,0.0,0.0,0,0.0,0,0.0,0.0,0,0.0,0,0.0,0.0,0,0.0,0,0.0,0.0,,,,0.0,,,,0.0,0,,,0,0,,0.0,No Signal,No Signal
TRUALT,0,0.0,0,0.0,0.0,0,0.0,0,0.0,0.0,4,76204248.0,0,0.0,76204248.0,8,183533810.0,0,0.0,183533810.0,8,183533810.0,0,0.0,183533810.0,05-08-2026,07-08-2026,462.97976851851854,10000363.0,12-08-2026,13-08-2026,467.56,9351200.0,7,34,27,1,0,474.96922973406623,0.0,Active,Confirmed Accumulation
TTL,3,3094235.0,0,0.0,3094235.0,7,6133331.0,0,0.0,6133331.0,12,8482850.0,0,0.0,8482850.0,12,8482850.0,0,0.0,8482850.0,14,9096162.0,0,0.0,9096162.0,18-06-2026,19-06-2026,6.936243093922652,376638.0,08-09-2026,08-09-2026,6.783027686175892,1429557.0,82,82,0,2,0,6.604592636910709,0.3648,Fresh,Confirmed Accumulation
TVSHLTD,0,0.0,0,0.0,0.0,0,0.0,0,0.0,0.0,0,0.0,0,0.0,0.0,0,0.0,0,0.0,0.0,0,0.0,0,0.0,0.0,,,,0.0,,,,0.0,0,,,0,0,,0.0,No Signal,No Signal
UDS,0,0.0,0,0.0,0.0,0,0.0,0,0.0,0.0,0,0.0,0,0.0,0.0,0,0.0,0,0.0,0.0,0,0.0,0,0.0,0.0,,,,0.0,,,,0.0,0,,,0,0,,0.0,No Signal,No Signal
UMAEXPORTS,0,0.0,0,0.0,0.0,0,0.0,0,0.0,0.0,0,0.0,0,0.0,0.0,0,0.0,0,0.0,0.0,0,0.0,7,22302720.0,-22302720.0,,,,0.0,,,,0.0,0,,,0,1,,0.0,No Signal,No Signal
USHAMART,0,0.0,0,0.0,0.0,0,0.0,0,0.0,0.0,0,0.0,0,0.0,0.0,0,0.0,0,0.0,0.0,0,0.0,1,408000.0,-408000.0,,,,0.0,,,,0.0,0,,,0,1,,0.0,No Signal,No Signal
UYFINCORP,0,0.0,0,0.0,0.0,0,0.0,0,0.0,0.0,3,4960333.0,0,0.0,4960333.0,3,4960333.0,0,0.0,4960333.0,3,4960333.0,0,0.0,4960333.0,17-08-2026,20-08-2026,21.272817872269744,768438.0,19-08-2026,20-08-2026,21.034486666666666,3155173.0,2,22,20,1,0,21.00741139152052,0.0,Active,Confirmed Accumulation
VARROC,0,0.0,0,0.0,0.0,0,0.0,0,0.0,0.0,0,0.0,0,0.0,0.0,0,0.0,0,0.0,0.0,0,0.0,0,0.0,0.0,,,,0.0,,,,0.0,0,,,0,0,,0.0,No Signal,No Signal
VIKRAMSOLR,0,0.0,0,0.0,0.0,0,0.0,0,0.0,0.0,0,0.0,0,0.0,0.0,0,0.0,0,0.0,0.0,0,0.0,0,0.0,0.0,,,,0.0,,,,0.0,0,,,0,0,,0.0,No Signal,No Signal
VINCOFE,0,0.0,0,0.0,0.0,0,0.0,0,0.0,0.0,0,0.0,0,0.0,0.0,0,0.0,0,0.0,0.0,0,0.0,0,0.0,0.0,,,,0.0,,,,0.0,0,,,0,0,,0.0,No Signal,No Signal
VISAKAIND,0,0.0,0,0.0,0.0,0,0.0,0,0.0,0.0,0,0.0,0,0.0,0.0,0,0.0,0,0.0,0.0,3,2982877.0,0,0.0,2982877.0,04-06-2026,08-06-2026,71.67635807192043,562086.0,18-06-2026,19-06-2026,77.27906976744185,3323.0,14,96,82,1,0,73.90079896926301,0.0,Stale,Stale Accumulation
VIVIANA,0,0.0,0,0.0,0.0,0,0.0,0,0.0,0.0,0,0.0,0,0.0,0.0,0,0.0,0,0.0,0.0,3,12408320.0,0,0.0,12408320.0,19-06-2026,20-06-2026,792.1204188481676,1664245.0,29-06-2026,30-06-2026,827.541219456497,3623803.0,10,81,71,2,0,815.1570095913809,0.0,Stale,Stale Accumulation
VMSTMT,0,0.0,0,0.0,0.0,0,0.0,0,0.0,0.0,0,0.0,0,0.0,0.0,0,0.0,0,0.0,0.0,0,0.0,0,0.0,0.0,,,,0.0,,,,0.0,0,,,0,0,,0.0,No Signal,No Signal
VPRPL,0,0.0,0,0.0,0.0,0,0.0,0,0.0,0.0,0,0.0,0,0.0,0.0,0,0.0,0,0.0,0.0,0,0.0,0,0.0,0.0,,,,0.0,,,,0.0,0,,,0,0,,0.0,No Signal,No Signal
VSTL,4,1077471.0,0,0.0,1077471.0,6,3314704.0,0,0.0,3314704.0,10,4899099.0,0,0.0,4899099.0,10,4899099.0,0,0.0,4899099.0,12,5646917.0,0,0.0,5646917.0,08-06-2026,09-06-2026,116.12625850340136,853528.0,03-09-2026,04-09-2026,115.10722222222222,207193.0,87,92,5,1,0,113.5917789436032,0.2199,Fresh,Confirmed Accumulation
VSTTILLERS,0,0.0,0,0.0,0.0,0,0.0,0,0.0,0.0,0,0.0,0,0.0,0.0,0,0.0,0,0.0,0.0,0,0.0,0,0.0,0.0,,,,0.0,,,,0.0,0,,,0,0,,0.0,No Signal,No Signal
WCIL,0,0.0,0,0.0,0.0,0,0.0,0,0.0,0.0,0,0.0,0,0.0,0.0,0,0.0,0,0.0,0.0,4,4706679.0,0,0.0,4706679.0,16-06-2026,17-06-2026,99.68,1993600.0,30-06-2026,30-06-2026,100.7,503500.0,14,84,70,1,0,102.08387194725198,0.0,Stale,Stale Accumulation
WELSPUNLIV,0,0.0,0,0.0,0.0,0,0.0,0,0.0,0.0,0,0.0,0,0.0,0.0,0,0.0,0,0.0,0.0,0,0.0,0,0.0,0.0,,,,0.0,,,,0.0,0,,,0,0,,0.0,No Signal,No Signal
WESTLIFE,0,0.0,0,0.0,0.0,0,0.0,0,0.0,0.0,0,0.0,0,0.0,0.0,0,0.0,0,0.0,0.0,0,0.0,0,0.0,0.0,,,,0.0,,,,0.0,0,,,0,0,,0.0,No Signal,No Signal
WHEELS,0,0.0,0,0.0,0.0,0,0.0,0,0.0,0.0,0,0.0,0,0.0,0.0,0,0.0,0,0.0,0.0,0,0.0,0,0.0,0.0,,,,0.0,,,,0.0,0,,,0,0,,0.0,No Signal,No Signal
WSI,34,10814921.0,0,0.0,10814921.0,48,13058703.0,0,0.0,13058703.0,60,20364918.0,0,0.0,20364918.0,60,20364918.0,0,0.0,20364918.0,60,20364918.0,0,0.0,20364918.0,14-08-2026,18-08-2026,60.4884,302442.0,03-09-2026,08-09-2026,59.96654929577465,34061.0,20,25,5,5,0,60.781002465274256,0.5311,Fresh,Confirmed Accumulation
XPROINDIA,0,0.0,0,0.0,0.0,0,0.0,0,0.0,0.0,0,0.0,0,0.0,0.0,0,0.0,0,0.0,0.0,0,0.0,0,0.0,0.0,,,,0.0,,,,0.0,0,,,0,0,,0.0,No Signal,No Signal
ZOTA,0,0.0,0,0.0,0.0,0,0.0,0,0.0,0.0,0,0.0,0,0.0,0.0,0,0.0,0,0.0,0.0,0,0.0,1,1015470.0,-1015470.0,,,,0.0,,,,0.0,0,,,0,1,,0.0,No Signal,No Signal
ZYDUSLIFE,0,0.0,0,0.0,0.0,0,0.0,0,0.0,0.0,0,0.0,0,0.0,0.0,0,0.0,0,0.0,0.0,0,0.0,0,0.0,0.0,,,,0.0,,,,0.0,0,,,0,0,,0.0,No Signal,No Signal
ZYDUSWELL,0,0.0,0,0.0,0.0,0,0.0,0,0.0,0.0,0,0.0,0,0.0,0.0,0,0.0,0,0.0,0.0,3,1013071.0,0,0.0,1013071.0,12-06-2026,16-06-2026,505.596,252798.0,17-06-2026,18-06-2026,505.695,505695.0,5,88,83,1,0,506.5355,0.0,Stale,Stale Accumulation
