Symbol,PromoterEntity,WindowDays,BuyTransactions,BuyValue,SellTransactions,SellValue,NetBuyValue,FirstTransactionDate,LastTransactionDate
AEROENTER,A Flex Invest Private Limited,7,0,0.0,0,0.0,0.0,11-06-2026,17-06-2026
AEROENTER,A Flex Invest Private Limited,30,0,0.0,0,0.0,0.0,11-06-2026,17-06-2026
AEROENTER,A Flex Invest Private Limited,90,2,32154000.0,0,0.0,32154000.0,11-06-2026,17-06-2026
ALEMBICLTD,Nirayu Private Limited,7,0,0.0,0,0.0,0.0,17-08-2026,02-09-2026
ALEMBICLTD,Nirayu Private Limited,30,6,85826103.0,0,0.0,85826103.0,17-08-2026,02-09-2026
ALEMBICLTD,Nirayu Private Limited,90,6,85826103.0,0,0.0,85826103.0,17-08-2026,02-09-2026
ALMONDZ,INNOVATIVE MONEY MATTERS PRIVATE LIMITED,7,0,0.0,0,0.0,0.0,27-08-2026,04-09-2026
ALMONDZ,INNOVATIVE MONEY MATTERS PRIVATE LIMITED,30,6,11994750.0,0,0.0,11994750.0,27-08-2026,04-09-2026
ALMONDZ,INNOVATIVE MONEY MATTERS PRIVATE LIMITED,90,6,11994750.0,0,0.0,11994750.0,27-08-2026,04-09-2026
APLLTD,Nirayu Private Limited,7,0,0.0,0,0.0,0.0,11-06-2026,18-06-2026
APLLTD,Nirayu Private Limited,30,0,0.0,0,0.0,0.0,11-06-2026,18-06-2026
APLLTD,Nirayu Private Limited,90,2,20970242.0,0,0.0,20970242.0,11-06-2026,18-06-2026
ARSSBL,Asha Biyani,7,0,0.0,0,0.0,0.0,16-06-2026,16-06-2026
ARSSBL,Asha Biyani,30,0,0.0,0,0.0,0.0,16-06-2026,16-06-2026
ARSSBL,Asha Biyani,90,2,21801382.0,0,0.0,21801382.0,16-06-2026,16-06-2026
ASAHIINDIA,LANS Business LLP,7,0,0.0,0,0.0,0.0,29-06-2026,29-06-2026
ASAHIINDIA,LANS Business LLP,30,0,0.0,0,0.0,0.0,29-06-2026,29-06-2026
ASAHIINDIA,LANS Business LLP,90,1,4251250.0,0,0.0,4251250.0,29-06-2026,29-06-2026
ASAHIINDIA,M N Chaitanya,7,0,0.0,0,0.0,0.0,22-06-2026,22-06-2026
ASAHIINDIA,M N Chaitanya,30,0,0.0,0,0.0,0.0,22-06-2026,22-06-2026
ASAHIINDIA,M N Chaitanya,90,0,0.0,0,0.0,0.0,22-06-2026,22-06-2026
ASAHIINDIA,Malathi Raghunand,7,0,0.0,0,0.0,0.0,17-06-2026,22-06-2026
ASAHIINDIA,Malathi Raghunand,30,0,0.0,0,0.0,0.0,17-06-2026,22-06-2026
ASAHIINDIA,Malathi Raghunand,90,0,0.0,0,0.0,0.0,17-06-2026,22-06-2026
ASAHIINDIA,Manjula Milind Pishawikar,7,0,0.0,0,0.0,0.0,22-06-2026,22-06-2026
ASAHIINDIA,Manjula Milind Pishawikar,30,0,0.0,0,0.0,0.0,22-06-2026,22-06-2026
ASAHIINDIA,Manjula Milind Pishawikar,90,0,0.0,0,0.0,0.0,22-06-2026,22-06-2026
ASAHIINDIA,Padma N Rao,7,0,0.0,0,0.0,0.0,22-06-2026,22-06-2026
ASAHIINDIA,Padma N Rao,30,0,0.0,0,0.0,0.0,22-06-2026,22-06-2026
ASAHIINDIA,Padma N Rao,90,0,0.0,0,0.0,0.0,22-06-2026,22-06-2026
ASAHIINDIA,Sangeeta Kaul,7,0,0.0,0,0.0,0.0,13-08-2026,13-08-2026
ASAHIINDIA,Sangeeta Kaul,30,0,0.0,0,0.0,0.0,13-08-2026,13-08-2026
ASAHIINDIA,Sangeeta Kaul,90,0,0.0,0,0.0,0.0,13-08-2026,13-08-2026
ASAHIINDIA,Shalinee Gurtu,7,0,0.0,0,0.0,0.0,13-08-2026,13-08-2026
ASAHIINDIA,Shalinee Gurtu,30,0,0.0,0,0.0,0.0,13-08-2026,13-08-2026
ASAHIINDIA,Shalinee Gurtu,90,0,0.0,0,0.0,0.0,13-08-2026,13-08-2026
ASAHISONG,Arjun Gokul Jaykrishna,7,0,0.0,0,0.0,0.0,11-08-2026,11-08-2026
ASAHISONG,Arjun Gokul Jaykrishna,30,0,0.0,0,0.0,0.0,11-08-2026,11-08-2026
ASAHISONG,Arjun Gokul Jaykrishna,90,1,3381000.0,0,0.0,3381000.0,11-08-2026,11-08-2026
ASHAPURMIN,CHETAN NAVNITLAL SHAH,7,0,0.0,0,0.0,0.0,26-08-2026,27-08-2026
ASHAPURMIN,CHETAN NAVNITLAL SHAH,30,2,29200553.0,0,0.0,29200553.0,26-08-2026,27-08-2026
ASHAPURMIN,CHETAN NAVNITLAL SHAH,90,2,29200553.0,0,0.0,29200553.0,26-08-2026,27-08-2026
ASHAPURMIN,Dina Chetan Shah,7,0,0.0,0,0.0,0.0,01-09-2026,01-09-2026
ASHAPURMIN,Dina Chetan Shah,30,0,0.0,0,0.0,0.0,01-09-2026,01-09-2026
ASHAPURMIN,Dina Chetan Shah,90,0,0.0,0,0.0,0.0,01-09-2026,01-09-2026
ASHAPURMIN,Himani Ankur Shah Family Trust,7,0,0.0,0,0.0,0.0,01-09-2026,01-09-2026
ASHAPURMIN,Himani Ankur Shah Family Trust,30,0,0.0,0,0.0,0.0,01-09-2026,01-09-2026
ASHAPURMIN,Himani Ankur Shah Family Trust,90,0,0.0,0,0.0,0.0,01-09-2026,01-09-2026
ASTERDM,Union (Mauritius) Holdings Limited,7,0,0.0,0,0.0,0.0,31-08-2026,02-09-2026
ASTERDM,Union (Mauritius) Holdings Limited,30,3,3795783565.0,0,0.0,3795783565.0,31-08-2026,02-09-2026
ASTERDM,Union (Mauritius) Holdings Limited,90,3,3795783565.0,0,0.0,3795783565.0,31-08-2026,02-09-2026
AURUM,Aurum RealEstate Developers Limited,7,0,0.0,0,0.0,0.0,10-06-2026,29-06-2026
AURUM,Aurum RealEstate Developers Limited,30,0,0.0,0,0.0,0.0,10-06-2026,29-06-2026
AURUM,Aurum RealEstate Developers Limited,90,6,24448619.0,0,0.0,24448619.0,10-06-2026,29-06-2026
AVONMORE,INNOVATIVE MONEY MATTERS PRIVATE LIMITED,7,4,2767898.0,0,0.0,2767898.0,10-08-2026,10-09-2026
AVONMORE,INNOVATIVE MONEY MATTERS PRIVATE LIMITED,30,17,12236596.0,0,0.0,12236596.0,10-08-2026,10-09-2026
AVONMORE,INNOVATIVE MONEY MATTERS PRIVATE LIMITED,90,21,19726985.0,0,0.0,19726985.0,10-08-2026,10-09-2026
BAJAJHCARE,ANIL CHAMPALAL JAIN,7,0,0.0,0,0.0,0.0,12-06-2026,12-06-2026
BAJAJHCARE,ANIL CHAMPALAL JAIN,30,0,0.0,0,0.0,0.0,12-06-2026,12-06-2026
BAJAJHCARE,ANIL CHAMPALAL JAIN,90,0,0.0,0,0.0,0.0,12-06-2026,12-06-2026
BERGEPAINT,Mr Kanwardip Singh Dhingra,7,1,9599954.0,0,0.0,9599954.0,07-09-2026,07-09-2026
BERGEPAINT,Mr Kanwardip Singh Dhingra,30,1,9599954.0,0,0.0,9599954.0,07-09-2026,07-09-2026
BERGEPAINT,Mr Kanwardip Singh Dhingra,90,1,9599954.0,0,0.0,9599954.0,07-09-2026,07-09-2026
BERGEPAINT,Ms Anshana Sawhney,7,1,7197659.0,0,0.0,7197659.0,07-09-2026,07-09-2026
BERGEPAINT,Ms Anshana Sawhney,30,1,7197659.0,0,0.0,7197659.0,07-09-2026,07-09-2026
BERGEPAINT,Ms Anshana Sawhney,90,1,7197659.0,0,0.0,7197659.0,07-09-2026,07-09-2026
BERGEPAINT,Ms Jessima Kumar,7,1,12030894.0,0,0.0,12030894.0,07-09-2026,07-09-2026
BERGEPAINT,Ms Jessima Kumar,30,1,12030894.0,0,0.0,12030894.0,07-09-2026,07-09-2026
BERGEPAINT,Ms Jessima Kumar,90,1,12030894.0,0,0.0,12030894.0,07-09-2026,07-09-2026
BERGEPAINT,Ms Sunaina Kohli,7,1,7193875.0,0,0.0,7193875.0,07-09-2026,07-09-2026
BERGEPAINT,Ms Sunaina Kohli,30,1,7193875.0,0,0.0,7193875.0,07-09-2026,07-09-2026
BERGEPAINT,Ms Sunaina Kohli,90,1,7193875.0,0,0.0,7193875.0,07-09-2026,07-09-2026
BERGEPAINT,MsRishma Kaur,7,1,12413936.0,0,0.0,12413936.0,07-09-2026,07-09-2026
BERGEPAINT,MsRishma Kaur,30,1,12413936.0,0,0.0,12413936.0,07-09-2026,07-09-2026
BERGEPAINT,MsRishma Kaur,90,1,12413936.0,0,0.0,12413936.0,07-09-2026,07-09-2026
BHAGERIA,Aditya Bhageria,7,0,0.0,0,0.0,0.0,20-08-2026,26-08-2026
BHAGERIA,Aditya Bhageria,30,6,9479950.0,0,0.0,9479950.0,20-08-2026,26-08-2026
BHAGERIA,Aditya Bhageria,90,6,9479950.0,0,0.0,9479950.0,20-08-2026,26-08-2026
BLBLIMITED,Brij Rattan Bagri,7,3,2039610.0,0,0.0,2039610.0,25-08-2026,10-09-2026
BLBLIMITED,Brij Rattan Bagri,30,10,8911912.0,0,0.0,8911912.0,25-08-2026,10-09-2026
BLBLIMITED,Brij Rattan Bagri,90,10,8911912.0,0,0.0,8911912.0,25-08-2026,10-09-2026
BMWVENTLTD,SHIVANSH KISHOREPURIA,7,0,0.0,0,0.0,0.0,05-08-2026,06-08-2026
BMWVENTLTD,SHIVANSH KISHOREPURIA,30,0,0.0,0,0.0,0.0,05-08-2026,06-08-2026
BMWVENTLTD,SHIVANSH KISHOREPURIA,90,3,14131069.0,0,0.0,14131069.0,05-08-2026,06-08-2026
CHEMBOND,Raunaq Sameer Shah,7,0,0.0,0,0.0,0.0,03-09-2026,03-09-2026
CHEMBOND,Raunaq Sameer Shah,30,2,923894.0,0,0.0,923894.0,03-09-2026,03-09-2026
CHEMBOND,Raunaq Sameer Shah,90,2,923894.0,0,0.0,923894.0,03-09-2026,03-09-2026
CHEMBOND,S an N Ventures Private Limited,7,0,0.0,0,0.0,0.0,03-09-2026,03-09-2026
CHEMBOND,S an N Ventures Private Limited,30,2,4196480.0,0,0.0,4196480.0,03-09-2026,03-09-2026
CHEMBOND,S an N Ventures Private Limited,90,2,4196480.0,0,0.0,4196480.0,03-09-2026,03-09-2026
CHEMBONDCH,MAMTA N SHAH,7,0,0.0,0,0.0,0.0,06-08-2026,06-08-2026
CHEMBONDCH,MAMTA N SHAH,30,0,0.0,0,0.0,0.0,06-08-2026,06-08-2026
CHEMBONDCH,MAMTA N SHAH,90,2,9430000.0,0,0.0,9430000.0,06-08-2026,06-08-2026
CHEMBONDCH,NIRMAL V SHAH,7,0,0.0,0,0.0,0.0,06-08-2026,25-08-2026
CHEMBONDCH,NIRMAL V SHAH,30,1,4065000.0,0,0.0,4065000.0,06-08-2026,25-08-2026
CHEMBONDCH,NIRMAL V SHAH,90,3,8665000.0,0,0.0,8665000.0,06-08-2026,25-08-2026
CONFIPET,CONFIDENCE LPG BOTTLING PRIVATE LIMITED,7,1,235214695.0,0,0.0,235214695.0,19-06-2026,09-09-2026
CONFIPET,CONFIDENCE LPG BOTTLING PRIVATE LIMITED,30,4,670963275.0,0,0.0,670963275.0,19-06-2026,09-09-2026
CONFIPET,CONFIDENCE LPG BOTTLING PRIVATE LIMITED,90,10,1230283595.0,0,0.0,1230283595.0,19-06-2026,09-09-2026
CONFIPET,Essenn LPG Bottling Private Limited,7,0,0.0,0,0.0,0.0,29-06-2026,26-08-2026
CONFIPET,Essenn LPG Bottling Private Limited,30,1,60232040.0,0,0.0,60232040.0,29-06-2026,26-08-2026
CONFIPET,Essenn LPG Bottling Private Limited,90,3,210103080.0,0,0.0,210103080.0,29-06-2026,26-08-2026
CSLFINANCE,CSL Capital Private Limited,7,0,0.0,0,0.0,0.0,18-08-2026,21-08-2026
CSLFINANCE,CSL Capital Private Limited,30,3,0.0,0,0.0,0.0,18-08-2026,21-08-2026
CSLFINANCE,CSL Capital Private Limited,90,3,0.0,0,0.0,0.0,18-08-2026,21-08-2026
CSLFINANCE,Rohit Gupta HUF,7,0,0.0,0,0.0,0.0,17-08-2026,01-09-2026
CSLFINANCE,Rohit Gupta HUF,30,29,36600093.0,0,0.0,36600093.0,17-08-2026,01-09-2026
CSLFINANCE,Rohit Gupta HUF,90,29,36600093.0,0,0.0,36600093.0,17-08-2026,01-09-2026
DBOL,Shudh Edible Products Private Limited,7,0,0.0,0,0.0,0.0,25-06-2026,29-06-2026
DBOL,Shudh Edible Products Private Limited,30,0,0.0,0,0.0,0.0,25-06-2026,29-06-2026
DBOL,Shudh Edible Products Private Limited,90,2,9731960.0,0,0.0,9731960.0,25-06-2026,29-06-2026
DBOL,Sonitron Limited,7,0,0.0,0,0.0,0.0,24-07-2026,06-08-2026
DBOL,Sonitron Limited,30,0,0.0,0,0.0,0.0,24-07-2026,06-08-2026
DBOL,Sonitron Limited,90,4,5425406.0,0,0.0,5425406.0,24-07-2026,06-08-2026
DIAMINESQ,Amit M Mehta,7,2,456927.0,0,0.0,456927.0,08-09-2026,09-09-2026
DIAMINESQ,Amit M Mehta,30,2,456927.0,0,0.0,456927.0,08-09-2026,09-09-2026
DIAMINESQ,Amit M Mehta,90,2,456927.0,0,0.0,456927.0,08-09-2026,09-09-2026
DIAMINESQ,Cherry A Mehta,7,2,498936.0,0,0.0,498936.0,08-09-2026,09-09-2026
DIAMINESQ,Cherry A Mehta,30,2,498936.0,0,0.0,498936.0,08-09-2026,09-09-2026
DIAMINESQ,Cherry A Mehta,90,2,498936.0,0,0.0,498936.0,08-09-2026,09-09-2026
DIAMINESQ,Harsh A Mehta,7,2,214210.0,0,0.0,214210.0,08-09-2026,09-09-2026
DIAMINESQ,Harsh A Mehta,30,2,214210.0,0,0.0,214210.0,08-09-2026,09-09-2026
DIAMINESQ,Harsh A Mehta,90,2,214210.0,0,0.0,214210.0,08-09-2026,09-09-2026
DIAMINESQ,Mohak A Mehta,7,2,325889.0,0,0.0,325889.0,08-09-2026,09-09-2026
DIAMINESQ,Mohak A Mehta,30,2,325889.0,0,0.0,325889.0,08-09-2026,09-09-2026
DIAMINESQ,Mohak A Mehta,90,2,325889.0,0,0.0,325889.0,08-09-2026,09-09-2026
DIAMINESQ,Perfo Chem (India) Pvt. Ltd,7,2,389033.0,0,0.0,389033.0,08-09-2026,09-09-2026
DIAMINESQ,Perfo Chem (India) Pvt. Ltd,30,2,389033.0,0,0.0,389033.0,08-09-2026,09-09-2026
DIAMINESQ,Perfo Chem (India) Pvt. Ltd,90,2,389033.0,0,0.0,389033.0,08-09-2026,09-09-2026
DIAMINESQ,S Amit Speciality Chemicals Pvt. Ltd.,7,2,215280.0,0,0.0,215280.0,08-09-2026,09-09-2026
DIAMINESQ,S Amit Speciality Chemicals Pvt. Ltd.,30,2,215280.0,0,0.0,215280.0,08-09-2026,09-09-2026
DIAMINESQ,S Amit Speciality Chemicals Pvt. Ltd.,90,2,215280.0,0,0.0,215280.0,08-09-2026,09-09-2026
DIAMONDYD,Authum Investment & Infrastructure Limited,7,0,0.0,0,0.0,0.0,25-06-2026,07-08-2026
DIAMONDYD,Authum Investment & Infrastructure Limited,30,0,0.0,0,0.0,0.0,25-06-2026,07-08-2026
DIAMONDYD,Authum Investment & Infrastructure Limited,90,4,595794044.0,0,0.0,595794044.0,25-06-2026,07-08-2026
DOLLAR,VK Mercantile Private Limited,7,0,0.0,0,0.0,0.0,24-06-2026,24-06-2026
DOLLAR,VK Mercantile Private Limited,30,0,0.0,0,0.0,0.0,24-06-2026,24-06-2026
DOLLAR,VK Mercantile Private Limited,90,1,14833500.0,0,0.0,14833500.0,24-06-2026,24-06-2026
EIEL,MANISH JAIN,7,0,0.0,0,0.0,0.0,01-09-2026,02-09-2026
EIEL,MANISH JAIN,30,2,11966478.0,0,0.0,11966478.0,01-09-2026,02-09-2026
EIEL,MANISH JAIN,90,2,11966478.0,0,0.0,11966478.0,01-09-2026,02-09-2026
EIEL,Manish Jain,7,0,0.0,0,0.0,0.0,31-08-2026,31-08-2026
EIEL,Manish Jain,30,1,1464316.0,0,0.0,1464316.0,31-08-2026,31-08-2026
EIEL,Manish Jain,90,1,1464316.0,0,0.0,1464316.0,31-08-2026,31-08-2026
EXCELSOFT,Mysore Sudhindratheertha Adarsh,7,0,0.0,0,0.0,0.0,14-08-2026,04-09-2026
EXCELSOFT,Mysore Sudhindratheertha Adarsh,30,3,3675700.0,0,0.0,3675700.0,14-08-2026,04-09-2026
EXCELSOFT,Mysore Sudhindratheertha Adarsh,90,3,3675700.0,0,0.0,3675700.0,14-08-2026,04-09-2026
FOCUS,Amit Vinod Sheth,7,1,317500.0,0,0.0,317500.0,27-08-2026,07-09-2026
FOCUS,Amit Vinod Sheth,30,3,7751774.0,0,0.0,7751774.0,27-08-2026,07-09-2026
FOCUS,Amit Vinod Sheth,90,3,7751774.0,0,0.0,7751774.0,27-08-2026,07-09-2026
GANDHAR,Ramesh Babulal Parekh,7,2,13278006.0,0,0.0,13278006.0,09-06-2026,08-09-2026
GANDHAR,Ramesh Babulal Parekh,30,2,13278006.0,0,0.0,13278006.0,09-06-2026,08-09-2026
GANDHAR,Ramesh Babulal Parekh,90,3,21254611.0,0,0.0,21254611.0,09-06-2026,08-09-2026
GANESHCP,MANISH MIMANI,7,0,0.0,0,0.0,0.0,19-06-2026,19-06-2026
GANESHCP,MANISH MIMANI,30,0,0.0,0,0.0,0.0,19-06-2026,19-06-2026
GANESHCP,MANISH MIMANI,90,1,9969935.0,0,0.0,9969935.0,19-06-2026,19-06-2026
GANESHCP,Manish Mimani,7,0,0.0,0,0.0,0.0,23-06-2026,02-09-2026
GANESHCP,Manish Mimani,30,2,8001009.0,0,0.0,8001009.0,23-06-2026,02-09-2026
GANESHCP,Manish Mimani,90,4,23998951.0,0,0.0,23998951.0,23-06-2026,02-09-2026
GOKUL,Bhikhiben Balvantsinh Rajput,7,0,0.0,0,0.0,0.0,10-06-2026,02-09-2026
GOKUL,Bhikhiben Balvantsinh Rajput,30,20,22247438.0,0,0.0,22247438.0,10-06-2026,02-09-2026
GOKUL,Bhikhiben Balvantsinh Rajput,90,26,23437996.0,0,0.0,23437996.0,10-06-2026,02-09-2026
GREENPANEL,Shobhan Mittal,7,0,0.0,0,0.0,0.0,28-08-2026,28-08-2026
GREENPANEL,Shobhan Mittal,30,2,19808300.0,0,0.0,19808300.0,28-08-2026,28-08-2026
GREENPANEL,Shobhan Mittal,90,2,19808300.0,0,0.0,19808300.0,28-08-2026,28-08-2026
GRMOVER,Atul Garg,7,0,0.0,0,0.0,0.0,08-06-2026,12-06-2026
GRMOVER,Atul Garg,30,0,0.0,0,0.0,0.0,08-06-2026,12-06-2026
GRMOVER,Atul Garg,90,0,0.0,0,0.0,0.0,08-06-2026,12-06-2026
GRMOVER,Mamta Garg,7,0,0.0,0,0.0,0.0,11-06-2026,24-06-2026
GRMOVER,Mamta Garg,30,0,0.0,0,0.0,0.0,11-06-2026,24-06-2026
GRMOVER,Mamta Garg,90,3,36654252.0,0,0.0,36654252.0,11-06-2026,24-06-2026
HCLTECH,Vama Sundari Investments (Delhi) Private Limited,7,0,0.0,0,0.0,0.0,12-06-2026,12-06-2026
HCLTECH,Vama Sundari Investments (Delhi) Private Limited,30,0,0.0,0,0.0,0.0,12-06-2026,12-06-2026
HCLTECH,Vama Sundari Investments (Delhi) Private Limited,90,0,0.0,0,0.0,0.0,12-06-2026,12-06-2026
HEXAGON,DR. NIKHIL KELKAR,7,0,0.0,0,0.0,0.0,17-08-2026,17-08-2026
HEXAGON,DR. NIKHIL KELKAR,30,2,2100262.0,0,0.0,2100262.0,17-08-2026,17-08-2026
HEXAGON,DR. NIKHIL KELKAR,90,2,2100262.0,0,0.0,2100262.0,17-08-2026,17-08-2026
HEXAGON,MR. VIKRAM KELKAR,7,0,0.0,0,0.0,0.0,17-08-2026,17-08-2026
HEXAGON,MR. VIKRAM KELKAR,30,2,2088116.0,0,0.0,2088116.0,17-08-2026,17-08-2026
HEXAGON,MR. VIKRAM KELKAR,90,2,2088116.0,0,0.0,2088116.0,17-08-2026,17-08-2026
HEXAGON,MS. ANURADHA KELKAR,7,0,0.0,0,0.0,0.0,17-08-2026,17-08-2026
HEXAGON,MS. ANURADHA KELKAR,30,2,1921456.0,0,0.0,1921456.0,17-08-2026,17-08-2026
HEXAGON,MS. ANURADHA KELKAR,90,2,1921456.0,0,0.0,1921456.0,17-08-2026,17-08-2026
INDIQUBE,MEGHNA AGARWAL,7,0,0.0,0,0.0,0.0,09-06-2026,24-06-2026
INDIQUBE,MEGHNA AGARWAL,30,0,0.0,0,0.0,0.0,09-06-2026,24-06-2026
INDIQUBE,MEGHNA AGARWAL,90,2,1358369.0,0,0.0,1358369.0,09-06-2026,24-06-2026
INDOCO,ADITI M. PANANDIKAR,7,1,1171217.0,0,0.0,1171217.0,31-08-2026,09-09-2026
INDOCO,ADITI M. PANANDIKAR,30,3,2877457.0,0,0.0,2877457.0,31-08-2026,09-09-2026
INDOCO,ADITI M. PANANDIKAR,90,3,2877457.0,0,0.0,2877457.0,31-08-2026,09-09-2026
INDOCO,ARUNA SURESH KARE,7,1,3461566.0,0,0.0,3461566.0,09-09-2026,09-09-2026
INDOCO,ARUNA SURESH KARE,30,1,3461566.0,0,0.0,3461566.0,09-09-2026,09-09-2026
INDOCO,ARUNA SURESH KARE,90,1,3461566.0,0,0.0,3461566.0,09-09-2026,09-09-2026
INDOCO,MADHURA SURESH KARE,7,1,1154877.0,0,0.0,1154877.0,31-08-2026,09-09-2026
INDOCO,MADHURA SURESH KARE,30,3,2861097.0,0,0.0,2861097.0,31-08-2026,09-09-2026
INDOCO,MADHURA SURESH KARE,90,3,2861097.0,0,0.0,2861097.0,31-08-2026,09-09-2026
INDOCO,SURESH G KARE,7,1,3456945.0,0,0.0,3456945.0,09-09-2026,09-09-2026
INDOCO,SURESH G KARE,30,1,3456945.0,0,0.0,3456945.0,09-09-2026,09-09-2026
INDOCO,SURESH G KARE,90,1,3456945.0,0,0.0,3456945.0,09-09-2026,09-09-2026
INDORAMA,URMILA LOHIA,7,2,31393588.0,0,0.0,31393588.0,08-09-2026,09-09-2026
INDORAMA,URMILA LOHIA,30,2,31393588.0,0,0.0,31393588.0,08-09-2026,09-09-2026
INDORAMA,URMILA LOHIA,90,2,31393588.0,0,0.0,31393588.0,08-09-2026,09-09-2026
IRB,IRB Holding Private Limited,7,0,0.0,0,0.0,0.0,31-08-2026,03-09-2026
IRB,IRB Holding Private Limited,30,4,864971904.0,0,0.0,864971904.0,31-08-2026,03-09-2026
IRB,IRB Holding Private Limited,90,4,864971904.0,0,0.0,864971904.0,31-08-2026,03-09-2026
JARO,Balkrishna Namdeo Salunkhe,7,0,0.0,0,0.0,0.0,09-06-2026,21-08-2026
JARO,Balkrishna Namdeo Salunkhe,30,4,14039947.0,0,0.0,14039947.0,09-06-2026,21-08-2026
JARO,Balkrishna Namdeo Salunkhe,90,4,14039947.0,0,0.0,14039947.0,09-06-2026,21-08-2026
JARO,Sanjay Namdeo Salunkhe,7,1,7172623.0,0,0.0,7172623.0,10-06-2026,10-09-2026
JARO,Sanjay Namdeo Salunkhe,30,2,16424229.0,0,0.0,16424229.0,10-06-2026,10-09-2026
JARO,Sanjay Namdeo Salunkhe,90,2,16424229.0,0,0.0,16424229.0,10-06-2026,10-09-2026
JAYSREETEA,MRS.JAYASHREE MOHTA,7,0,0.0,0,0.0,0.0,17-08-2026,18-08-2026
JAYSREETEA,MRS.JAYASHREE MOHTA,30,3,111816242.0,0,0.0,111816242.0,17-08-2026,18-08-2026
JAYSREETEA,MRS.JAYASHREE MOHTA,90,3,111816242.0,0,0.0,111816242.0,17-08-2026,18-08-2026
JSL,JSL OVERSEAS HOLDING LIMITED,7,0,0.0,0,0.0,0.0,04-09-2026,04-09-2026
JSL,JSL OVERSEAS HOLDING LIMITED,30,3,1423568253.0,0,0.0,1423568253.0,04-09-2026,04-09-2026
JSL,JSL OVERSEAS HOLDING LIMITED,90,3,1423568253.0,0,0.0,1423568253.0,04-09-2026,04-09-2026
KCP,RAJIV RANGASAMI,7,0,0.0,0,0.0,0.0,23-06-2026,29-06-2026
KCP,RAJIV RANGASAMI,30,0,0.0,0,0.0,0.0,23-06-2026,29-06-2026
KCP,RAJIV RANGASAMI,90,0,0.0,2,5240000.0,-5240000.0,23-06-2026,29-06-2026
KCP,VRK GRANDSONS INVESTMENT LTD,7,0,0.0,0,0.0,0.0,10-06-2026,30-06-2026
KCP,VRK GRANDSONS INVESTMENT LTD,30,0,0.0,0,0.0,0.0,10-06-2026,30-06-2026
KCP,VRK GRANDSONS INVESTMENT LTD,90,4,12589598.0,0,0.0,12589598.0,10-06-2026,30-06-2026
LIBAS,Nishant Mahimtura,7,0,0.0,0,0.0,0.0,02-09-2026,02-09-2026
LIBAS,Nishant Mahimtura,30,1,20820.0,0,0.0,20820.0,02-09-2026,02-09-2026
LIBAS,Nishant Mahimtura,90,1,20820.0,0,0.0,20820.0,02-09-2026,02-09-2026
LIBAS,Riyaz Ganji,7,0,0.0,0,0.0,0.0,21-08-2026,02-09-2026
LIBAS,Riyaz Ganji,30,5,2076000.0,0,0.0,2076000.0,21-08-2026,02-09-2026
LIBAS,Riyaz Ganji,90,5,2076000.0,0,0.0,2076000.0,21-08-2026,02-09-2026
LIBERTSHOE,ARPAN GUPTA KARTA DINESH KUMAR GUPTA HUF,7,0,0.0,0,0.0,0.0,25-06-2026,25-06-2026
LIBERTSHOE,ARPAN GUPTA KARTA DINESH KUMAR GUPTA HUF,30,0,0.0,0,0.0,0.0,25-06-2026,25-06-2026
LIBERTSHOE,ARPAN GUPTA KARTA DINESH KUMAR GUPTA HUF,90,0,0.0,2,5548400.0,-5548400.0,25-06-2026,25-06-2026
LIBERTSHOE,Anupam Bansal,7,0,0.0,0,0.0,0.0,30-06-2026,19-08-2026
LIBERTSHOE,Anupam Bansal,30,5,17097005.0,0,0.0,17097005.0,30-06-2026,19-08-2026
LIBERTSHOE,Anupam Bansal,90,6,27848362.0,0,0.0,27848362.0,30-06-2026,19-08-2026
LIBERTSHOE,Shammi Bansal,7,0,0.0,0,0.0,0.0,30-06-2026,30-06-2026
LIBERTSHOE,Shammi Bansal,30,0,0.0,0,0.0,0.0,30-06-2026,30-06-2026
LIBERTSHOE,Shammi Bansal,90,1,6794088.0,0,0.0,6794088.0,30-06-2026,30-06-2026
LYKALABS,Alisha Gandhi,7,0,0.0,0,0.0,0.0,24-06-2026,24-06-2026
LYKALABS,Alisha Gandhi,30,0,0.0,0,0.0,0.0,24-06-2026,24-06-2026
LYKALABS,Alisha Gandhi,90,3,1018707.0,0,0.0,1018707.0,24-06-2026,24-06-2026
LYKALABS,Enai Trading and Investment Pvt.,7,0,0.0,0,0.0,0.0,24-06-2026,24-06-2026
LYKALABS,Enai Trading and Investment Pvt.,30,0,0.0,0,0.0,0.0,24-06-2026,24-06-2026
LYKALABS,Enai Trading and Investment Pvt.,90,3,2415969.0,0,0.0,2415969.0,24-06-2026,24-06-2026
LYKALABS,Kunal Gandhi,7,0,0.0,0,0.0,0.0,25-06-2026,25-06-2026
LYKALABS,Kunal Gandhi,30,0,0.0,0,0.0,0.0,25-06-2026,25-06-2026
LYKALABS,Kunal Gandhi,90,3,1381446.0,0,0.0,1381446.0,25-06-2026,25-06-2026
LYKALABS,Kunal N Gandhi,7,0,0.0,0,0.0,0.0,29-06-2026,29-06-2026
LYKALABS,Kunal N Gandhi,30,0,0.0,0,0.0,0.0,29-06-2026,29-06-2026
LYKALABS,Kunal N Gandhi,90,4,2056826.0,0,0.0,2056826.0,29-06-2026,29-06-2026
LYKALABS,Nehal Gandhi,7,0,0.0,0,0.0,0.0,25-06-2026,25-06-2026
LYKALABS,Nehal Gandhi,30,0,0.0,0,0.0,0.0,25-06-2026,25-06-2026
LYKALABS,Nehal Gandhi,90,3,7024479.0,0,0.0,7024479.0,25-06-2026,25-06-2026
MANINFRA,Parag K. Shah,7,0,0.0,0,0.0,0.0,25-06-2026,25-06-2026
MANINFRA,Parag K. Shah,30,0,0.0,0,0.0,0.0,25-06-2026,25-06-2026
MANINFRA,Parag K. Shah,90,3,78892500.0,0,0.0,78892500.0,25-06-2026,25-06-2026
MBEL,Birva Chirag Patel,7,0,0.0,0,0.0,0.0,16-06-2026,16-06-2026
MBEL,Birva Chirag Patel,30,0,0.0,0,0.0,0.0,16-06-2026,16-06-2026
MBEL,Birva Chirag Patel,90,2,6131194.0,0,0.0,6131194.0,16-06-2026,16-06-2026
MBEL,Chirag Hasmukhbhai Patel,7,0,0.0,0,0.0,0.0,11-06-2026,11-06-2026
MBEL,Chirag Hasmukhbhai Patel,30,0,0.0,0,0.0,0.0,11-06-2026,11-06-2026
MBEL,Chirag Hasmukhbhai Patel,90,0,0.0,0,0.0,0.0,11-06-2026,11-06-2026
MBEL,Girishbhai Manibhai Patel,7,0,0.0,0,0.0,0.0,11-06-2026,11-06-2026
MBEL,Girishbhai Manibhai Patel,30,0,0.0,0,0.0,0.0,11-06-2026,11-06-2026
MBEL,Girishbhai Manibhai Patel,90,0,0.0,0,0.0,0.0,11-06-2026,11-06-2026
MBEL,Umaben Girishbhai Patel,7,0,0.0,0,0.0,0.0,16-06-2026,16-06-2026
MBEL,Umaben Girishbhai Patel,30,0,0.0,0,0.0,0.0,16-06-2026,16-06-2026
MBEL,Umaben Girishbhai Patel,90,2,6191958.0,0,0.0,6191958.0,16-06-2026,16-06-2026
MOTOGENFIN,RAM PRAKASH & CO.(P) LTD,7,0,0.0,0,0.0,0.0,11-06-2026,25-06-2026
MOTOGENFIN,RAM PRAKASH & CO.(P) LTD,30,0,0.0,0,0.0,0.0,11-06-2026,25-06-2026
MOTOGENFIN,RAM PRAKASH & CO.(P) LTD,90,10,4967184.0,0,0.0,4967184.0,11-06-2026,25-06-2026
MSPL,Ginny Traders Private Limited,7,0,0.0,0,0.0,0.0,19-06-2026,19-06-2026
MSPL,Ginny Traders Private Limited,30,0,0.0,0,0.0,0.0,19-06-2026,19-06-2026
MSPL,Ginny Traders Private Limited,90,2,64449656.0,0,0.0,64449656.0,19-06-2026,19-06-2026
MSPL,Ginny Traders Pvt Ltd,7,0,0.0,0,0.0,0.0,11-06-2026,18-06-2026
MSPL,Ginny Traders Pvt Ltd,30,0,0.0,0,0.0,0.0,11-06-2026,18-06-2026
MSPL,Ginny Traders Pvt Ltd,90,4,150903964.0,0,0.0,150903964.0,11-06-2026,18-06-2026
MSPL,Ilex Private Limited,7,0,0.0,0,0.0,0.0,08-06-2026,22-06-2026
MSPL,Ilex Private Limited,30,0,0.0,0,0.0,0.0,08-06-2026,22-06-2026
MSPL,Ilex Private Limited,90,7,181469600.0,0,0.0,181469600.0,08-06-2026,22-06-2026
MSPL,M A Hire Purchase Private Limited,7,0,0.0,0,0.0,0.0,09-06-2026,18-06-2026
MSPL,M A Hire Purchase Private Limited,30,0,0.0,0,0.0,0.0,09-06-2026,18-06-2026
MSPL,M A Hire Purchase Private Limited,90,4,281731380.0,0,0.0,281731380.0,09-06-2026,18-06-2026
MSPL,Sampat Marketing Company Pvt Ltd,7,0,0.0,0,0.0,0.0,04-06-2026,22-06-2026
MSPL,Sampat Marketing Company Pvt Ltd,30,0,0.0,0,0.0,0.0,04-06-2026,22-06-2026
MSPL,Sampat Marketing Company Pvt Ltd,90,8,363877856.0,0,0.0,363877856.0,04-06-2026,22-06-2026
MSPL,Shree Vinay Finvest P Ltd.,7,0,0.0,0,0.0,0.0,08-06-2026,16-06-2026
MSPL,Shree Vinay Finvest P Ltd.,30,0,0.0,0,0.0,0.0,08-06-2026,16-06-2026
MSPL,Shree Vinay Finvest P Ltd.,90,2,62932570.0,0,0.0,62932570.0,08-06-2026,16-06-2026
NAVA,A9 Homes Private Limited,7,0,0.0,0,0.0,0.0,25-08-2026,25-08-2026
NAVA,A9 Homes Private Limited,30,1,23671379.0,0,0.0,23671379.0,25-08-2026,25-08-2026
NAVA,A9 Homes Private Limited,90,1,23671379.0,0,0.0,23671379.0,25-08-2026,25-08-2026
NAVA,ASHOK DEVINENI,7,0,0.0,0,0.0,0.0,02-09-2026,02-09-2026
NAVA,ASHOK DEVINENI,30,0,0.0,0,0.0,0.0,02-09-2026,02-09-2026
NAVA,ASHOK DEVINENI,90,0,0.0,0,0.0,0.0,02-09-2026,02-09-2026
NAVA,AV Dwellings Private Limited,7,1,2780886.0,0,0.0,2780886.0,03-09-2026,07-09-2026
NAVA,AV Dwellings Private Limited,30,2,8386730.0,0,0.0,8386730.0,03-09-2026,07-09-2026
NAVA,AV Dwellings Private Limited,90,2,8386730.0,0,0.0,8386730.0,03-09-2026,07-09-2026
NAVA,Ashok Devineni,7,0,0.0,0,0.0,0.0,10-09-2026,10-09-2026
NAVA,Ashok Devineni,30,0,0.0,0,0.0,0.0,10-09-2026,10-09-2026
NAVA,Ashok Devineni,90,0,0.0,0,0.0,0.0,10-09-2026,10-09-2026
NAVA,Devineni Ramaa,7,0,0.0,0,0.0,0.0,26-08-2026,26-08-2026
NAVA,Devineni Ramaa,30,1,26249791.0,0,0.0,26249791.0,26-08-2026,26-08-2026
NAVA,Devineni Ramaa,90,1,26249791.0,0,0.0,26249791.0,26-08-2026,26-08-2026
NAVA,Late D BHAKATA PRIYA,7,0,0.0,0,0.0,0.0,02-09-2026,02-09-2026
NAVA,Late D BHAKATA PRIYA,30,0,0.0,0,0.0,0.0,02-09-2026,02-09-2026
NAVA,Late D BHAKATA PRIYA,90,0,0.0,0,0.0,0.0,02-09-2026,02-09-2026
NAVA,Nikhil Devineni,7,0,0.0,0,0.0,0.0,10-09-2026,10-09-2026
NAVA,Nikhil Devineni,30,0,0.0,0,0.0,0.0,10-09-2026,10-09-2026
NAVA,Nikhil Devineni,90,0,0.0,0,0.0,0.0,10-09-2026,10-09-2026
NAVA,Nilima Alluri,7,0,0.0,0,0.0,0.0,10-09-2026,10-09-2026
NAVA,Nilima Alluri,30,0,0.0,0,0.0,0.0,10-09-2026,10-09-2026
NAVA,Nilima Alluri,90,0,0.0,0,0.0,0.0,10-09-2026,10-09-2026
NAVA,Rajasekhar Devineni,7,0,0.0,0,0.0,0.0,10-09-2026,10-09-2026
NAVA,Rajasekhar Devineni,30,0,0.0,0,0.0,0.0,10-09-2026,10-09-2026
NAVA,Rajasekhar Devineni,90,0,0.0,0,0.0,0.0,10-09-2026,10-09-2026
NAVA,Rajashree Pinnamaneni,7,0,0.0,0,0.0,0.0,10-09-2026,10-09-2026
NAVA,Rajashree Pinnamaneni,30,0,0.0,0,0.0,0.0,10-09-2026,10-09-2026
NAVA,Rajashree Pinnamaneni,90,0,0.0,0,0.0,0.0,10-09-2026,10-09-2026
NCLIND,BLUE VALLEY DEVELOPERS PRIVATE LIMITED,7,0,0.0,0,0.0,0.0,30-06-2026,30-06-2026
NCLIND,BLUE VALLEY DEVELOPERS PRIVATE LIMITED,30,0,0.0,0,0.0,0.0,30-06-2026,30-06-2026
NCLIND,BLUE VALLEY DEVELOPERS PRIVATE LIMITED,90,0,0.0,0,0.0,0.0,30-06-2026,30-06-2026
NCLIND,G.T.SANDEEP,7,0,0.0,0,0.0,0.0,30-06-2026,07-09-2026
NCLIND,G.T.SANDEEP,30,0,0.0,0,0.0,0.0,30-06-2026,07-09-2026
NCLIND,G.T.SANDEEP,90,0,0.0,0,0.0,0.0,30-06-2026,07-09-2026
NCLIND,KALIDINDI RAVI,7,0,0.0,0,0.0,0.0,18-08-2026,18-08-2026
NCLIND,KALIDINDI RAVI,30,1,507489.0,0,0.0,507489.0,18-08-2026,18-08-2026
NCLIND,KALIDINDI RAVI,90,1,507489.0,0,0.0,507489.0,18-08-2026,18-08-2026
NCLIND,Kakatiya Industries Pvt.Ltd,7,3,698197.0,0,0.0,698197.0,25-06-2026,10-09-2026
NCLIND,Kakatiya Industries Pvt.Ltd,30,5,1761684.0,0,0.0,1761684.0,25-06-2026,10-09-2026
NCLIND,Kakatiya Industries Pvt.Ltd,90,9,4696507.0,0,0.0,4696507.0,25-06-2026,10-09-2026
NCLIND,Kalidindi Ravi,7,2,495700.0,0,0.0,495700.0,10-06-2026,10-09-2026
NCLIND,Kalidindi Ravi,30,5,1063112.0,0,0.0,1063112.0,10-06-2026,10-09-2026
NCLIND,Kalidindi Ravi,90,9,17634211.0,0,0.0,17634211.0,10-06-2026,10-09-2026
NCLIND,NCL HOLDINGS (A&S) LTD,7,1,1167790.0,0,0.0,1167790.0,30-06-2026,09-09-2026
NCLIND,NCL HOLDINGS (A&S) LTD,30,10,22024315.0,0,0.0,22024315.0,30-06-2026,09-09-2026
NCLIND,NCL HOLDINGS (A&S) LTD,90,10,22024315.0,0,0.0,22024315.0,30-06-2026,09-09-2026
NCLIND,Subba Raju Bhupathiraju,7,0,0.0,0,0.0,0.0,09-06-2026,09-06-2026
NCLIND,Subba Raju Bhupathiraju,30,0,0.0,0,0.0,0.0,09-06-2026,09-06-2026
NCLIND,Subba Raju Bhupathiraju,90,0,0.0,0,0.0,0.0,09-06-2026,09-06-2026
NCLIND,VIKRAM CHEMICALS PRIVATE LIMITED,7,2,56580.0,0,0.0,56580.0,11-06-2026,10-09-2026
NCLIND,VIKRAM CHEMICALS PRIVATE LIMITED,30,3,200689.0,0,0.0,200689.0,11-06-2026,10-09-2026
NCLIND,VIKRAM CHEMICALS PRIVATE LIMITED,90,7,3336769.0,0,0.0,3336769.0,11-06-2026,10-09-2026
NIITLTD,Pawar Family Trust,7,0,0.0,0,0.0,0.0,24-08-2026,31-08-2026
NIITLTD,Pawar Family Trust,30,4,71425619.0,0,0.0,71425619.0,24-08-2026,31-08-2026
NIITLTD,Pawar Family Trust,90,4,71425619.0,0,0.0,71425619.0,24-08-2026,31-08-2026
NIITLTD,Thadani Family Trust,7,0,0.0,0,0.0,0.0,24-08-2026,31-08-2026
NIITLTD,Thadani Family Trust,30,4,71425850.0,0,0.0,71425850.0,24-08-2026,31-08-2026
NIITLTD,Thadani Family Trust,90,4,71425850.0,0,0.0,71425850.0,24-08-2026,31-08-2026
NINSYS,Niraj Chhaganraj Gemawat,7,0,0.0,0,0.0,0.0,19-06-2026,30-06-2026
NINSYS,Niraj Chhaganraj Gemawat,30,0,0.0,0,0.0,0.0,19-06-2026,30-06-2026
NINSYS,Niraj Chhaganraj Gemawat,90,33,31061184.0,0,0.0,31061184.0,19-06-2026,30-06-2026
NRL,NUPUR GUPTA,7,0,0.0,0,0.0,0.0,24-06-2026,24-06-2026
NRL,NUPUR GUPTA,30,0,0.0,0,0.0,0.0,24-06-2026,24-06-2026
NRL,NUPUR GUPTA,90,1,4186225.0,0,0.0,4186225.0,24-06-2026,24-06-2026
NURECA,Aryan Goyal,7,0,0.0,0,0.0,0.0,02-07-2026,02-07-2026
NURECA,Aryan Goyal,30,0,0.0,0,0.0,0.0,02-07-2026,02-07-2026
NURECA,Aryan Goyal,90,0,0.0,0,0.0,0.0,02-07-2026,02-07-2026
NURECA,Payal Goyal,7,0,0.0,0,0.0,0.0,02-07-2026,02-07-2026
NURECA,Payal Goyal,30,0,0.0,0,0.0,0.0,02-07-2026,02-07-2026
NURECA,Payal Goyal,90,0,0.0,0,0.0,0.0,02-07-2026,02-07-2026
NURECA,SMITA GOYAL,7,3,670800.0,0,0.0,670800.0,26-08-2026,09-09-2026
NURECA,SMITA GOYAL,30,11,7179140.0,0,0.0,7179140.0,26-08-2026,09-09-2026
NURECA,SMITA GOYAL,90,11,7179140.0,0,0.0,7179140.0,26-08-2026,09-09-2026
NURECA,Saurabh Goyal,7,0,0.0,0,0.0,0.0,02-07-2026,02-07-2026
NURECA,Saurabh Goyal,30,0,0.0,0,0.0,0.0,02-07-2026,02-07-2026
NURECA,Saurabh Goyal,90,0,0.0,0,0.0,0.0,02-07-2026,02-07-2026
NURECA,Smita Goyal,7,0,0.0,0,0.0,0.0,24-07-2026,31-07-2026
NURECA,Smita Goyal,30,0,0.0,0,0.0,0.0,24-07-2026,31-07-2026
NURECA,Smita Goyal,90,7,14123718.0,0,0.0,14123718.0,24-07-2026,31-07-2026
OBCL,OBCL INFRASTRUCTURE PRIVATE LIMITED,7,2,623744.0,0,0.0,623744.0,05-08-2026,10-09-2026
OBCL,OBCL INFRASTRUCTURE PRIVATE LIMITED,30,7,14729115.0,0,0.0,14729115.0,05-08-2026,10-09-2026
OBCL,OBCL INFRASTRUCTURE PRIVATE LIMITED,90,10,18668261.0,0,0.0,18668261.0,05-08-2026,10-09-2026
OMPOWER,Kalpesh Dhanjibhai Patel,7,0,0.0,0,0.0,0.0,24-06-2026,24-06-2026
OMPOWER,Kalpesh Dhanjibhai Patel,30,0,0.0,0,0.0,0.0,24-06-2026,24-06-2026
OMPOWER,Kalpesh Dhanjibhai Patel,90,1,2601006.0,0,0.0,2601006.0,24-06-2026,24-06-2026
OMPOWER,Kanubhai Patel,7,0,0.0,0,0.0,0.0,24-06-2026,24-06-2026
OMPOWER,Kanubhai Patel,30,0,0.0,0,0.0,0.0,24-06-2026,24-06-2026
OMPOWER,Kanubhai Patel,90,1,2600640.0,0,0.0,2600640.0,24-06-2026,24-06-2026
OMPOWER,Vasantkumar Narayanbhai Patel,7,0,0.0,0,0.0,0.0,24-06-2026,24-06-2026
OMPOWER,Vasantkumar Narayanbhai Patel,30,0,0.0,0,0.0,0.0,24-06-2026,24-06-2026
OMPOWER,Vasantkumar Narayanbhai Patel,90,1,2245533.0,0,0.0,2245533.0,24-06-2026,24-06-2026
PARADEEP,ZUARI MAROC PHOSPHATES PRIVATE LIMITED,7,0,0.0,0,0.0,0.0,18-06-2026,19-08-2026
PARADEEP,ZUARI MAROC PHOSPHATES PRIVATE LIMITED,30,1,15060000.0,0,0.0,15060000.0,18-06-2026,19-08-2026
PARADEEP,ZUARI MAROC PHOSPHATES PRIVATE LIMITED,90,5,54146686.0,0,0.0,54146686.0,18-06-2026,19-08-2026
PKTEA,KIRAN VYAPAR LIMITED,7,0,0.0,0,0.0,0.0,17-08-2026,04-09-2026
PKTEA,KIRAN VYAPAR LIMITED,30,5,28636263.0,0,0.0,28636263.0,17-08-2026,04-09-2026
PKTEA,KIRAN VYAPAR LIMITED,90,5,28636263.0,0,0.0,28636263.0,17-08-2026,04-09-2026
PNGSREVA,P. N. Gadgil & Sons Limited,7,0,0.0,0,0.0,0.0,18-06-2026,25-06-2026
PNGSREVA,P. N. Gadgil & Sons Limited,30,0,0.0,0,0.0,0.0,18-06-2026,25-06-2026
PNGSREVA,P. N. Gadgil & Sons Limited,90,3,17516080.0,0,0.0,17516080.0,18-06-2026,25-06-2026
PONNIERODE,Seshasayee Paper and Boards Limited,7,0,0.0,0,0.0,0.0,17-08-2026,17-08-2026
PONNIERODE,Seshasayee Paper and Boards Limited,30,1,101498680.0,0,0.0,101498680.0,17-08-2026,17-08-2026
PONNIERODE,Seshasayee Paper and Boards Limited,90,1,101498680.0,0,0.0,101498680.0,17-08-2026,17-08-2026
PREMIERPOL,D L MILLAR & CO LTD,7,0,0.0,0,0.0,0.0,12-06-2026,23-07-2026
PREMIERPOL,D L MILLAR & CO LTD,30,0,0.0,0,0.0,0.0,12-06-2026,23-07-2026
PREMIERPOL,D L MILLAR & CO LTD,90,2,17051460.0,2,11051320.0,6000140.0,12-06-2026,23-07-2026
RGL,Sumit Shah,7,0,0.0,0,0.0,0.0,10-06-2026,11-06-2026
RGL,Sumit Shah,30,0,0.0,0,0.0,0.0,10-06-2026,11-06-2026
RGL,Sumit Shah,90,0,0.0,0,0.0,0.0,10-06-2026,11-06-2026
RSL,YASHKUMAR SHANKARLAL MEHTA,7,1,5727877.0,0,0.0,5727877.0,16-06-2026,10-09-2026
RSL,YASHKUMAR SHANKARLAL MEHTA,30,1,5727877.0,0,0.0,5727877.0,16-06-2026,10-09-2026
RSL,YASHKUMAR SHANKARLAL MEHTA,90,2,12273612.0,0,0.0,12273612.0,16-06-2026,10-09-2026
SENCO,Jai Hanuman Shri Siddhivinayak Trust (Trustee- Mr. Suvankar Sen & Mrs. Joita Sen),7,0,0.0,0,0.0,0.0,30-06-2026,18-08-2026
SENCO,Jai Hanuman Shri Siddhivinayak Trust (Trustee- Mr. Suvankar Sen & Mrs. Joita Sen),30,1,1094828.0,0,0.0,1094828.0,30-06-2026,18-08-2026
SENCO,Jai Hanuman Shri Siddhivinayak Trust (Trustee- Mr. Suvankar Sen & Mrs. Joita Sen),90,2,4081958.0,0,0.0,4081958.0,30-06-2026,18-08-2026
SESHAPAPER,DHANASHREE INVESTMENTS PRIVATE LIMITED,7,0,0.0,0,0.0,0.0,25-06-2026,30-07-2026
SESHAPAPER,DHANASHREE INVESTMENTS PRIVATE LIMITED,30,0,0.0,0,0.0,0.0,25-06-2026,30-07-2026
SESHAPAPER,DHANASHREE INVESTMENTS PRIVATE LIMITED,90,4,44816656.0,0,0.0,44816656.0,25-06-2026,30-07-2026
SESHAPAPER,TIME SQUARE INVESTMENTS PRIVATE LIMITED,7,0,0.0,0,0.0,0.0,29-06-2026,29-06-2026
SESHAPAPER,TIME SQUARE INVESTMENTS PRIVATE LIMITED,30,0,0.0,0,0.0,0.0,29-06-2026,29-06-2026
SESHAPAPER,TIME SQUARE INVESTMENTS PRIVATE LIMITED,90,3,2546292.0,0,0.0,2546292.0,29-06-2026,29-06-2026
SESHAPAPER,ULTRA INVESTMENTS AND LEASING COMPANY PRIVATE LIMITED,7,0,0.0,0,0.0,0.0,25-06-2026,25-06-2026
SESHAPAPER,ULTRA INVESTMENTS AND LEASING COMPANY PRIVATE LIMITED,30,0,0.0,0,0.0,0.0,25-06-2026,25-06-2026
SESHAPAPER,ULTRA INVESTMENTS AND LEASING COMPANY PRIVATE LIMITED,90,3,13489494.0,0,0.0,13489494.0,25-06-2026,25-06-2026
SGIL,PRABHAKAR SHIRGAOKAR ENTERPRISES LLP,7,1,966192.0,0,0.0,966192.0,07-09-2026,07-09-2026
SGIL,PRABHAKAR SHIRGAOKAR ENTERPRISES LLP,30,1,966192.0,0,0.0,966192.0,07-09-2026,07-09-2026
SGIL,PRABHAKAR SHIRGAOKAR ENTERPRISES LLP,90,1,966192.0,0,0.0,966192.0,07-09-2026,07-09-2026
SGIL,TARINI SANAT SHIRGAOKAR,7,0,0.0,0,0.0,0.0,28-08-2026,28-08-2026
SGIL,TARINI SANAT SHIRGAOKAR,30,1,1170000.0,0,0.0,1170000.0,28-08-2026,28-08-2026
SGIL,TARINI SANAT SHIRGAOKAR,90,1,1170000.0,0,0.0,1170000.0,28-08-2026,28-08-2026
SHAKTIPUMP,SHAKTI BROTHERS TRUST,7,1,5598901.0,0,0.0,5598901.0,08-09-2026,08-09-2026
SHAKTIPUMP,SHAKTI BROTHERS TRUST,30,1,5598901.0,0,0.0,5598901.0,08-09-2026,08-09-2026
SHAKTIPUMP,SHAKTI BROTHERS TRUST,90,1,5598901.0,0,0.0,5598901.0,08-09-2026,08-09-2026
SHAKTIPUMP,SHAKTI SONS TRUST,7,0,0.0,0,0.0,0.0,16-06-2026,16-06-2026
SHAKTIPUMP,SHAKTI SONS TRUST,30,0,0.0,0,0.0,0.0,16-06-2026,16-06-2026
SHAKTIPUMP,SHAKTI SONS TRUST,90,2,9890696.0,0,0.0,9890696.0,16-06-2026,16-06-2026
SHYAMCENT,Sri Ram Vanijya Private Limited,7,0,0.0,0,0.0,0.0,24-06-2026,25-06-2026
SHYAMCENT,Sri Ram Vanijya Private Limited,30,0,0.0,0,0.0,0.0,24-06-2026,25-06-2026
SHYAMCENT,Sri Ram Vanijya Private Limited,90,2,2322765.0,0,0.0,2322765.0,24-06-2026,25-06-2026
SHYAMCENT,Sumangal International Private Limited,7,0,0.0,0,0.0,0.0,30-06-2026,30-06-2026
SHYAMCENT,Sumangal International Private Limited,30,0,0.0,0,0.0,0.0,30-06-2026,30-06-2026
SHYAMCENT,Sumangal International Private Limited,90,1,1922713.0,0,0.0,1922713.0,30-06-2026,30-06-2026
SIGIND,Mukesh Sangla,7,4,4398473.0,0,0.0,4398473.0,17-08-2026,09-09-2026
SIGIND,Mukesh Sangla,30,14,15571254.0,0,0.0,15571254.0,17-08-2026,09-09-2026
SIGIND,Mukesh Sangla,90,14,15571254.0,0,0.0,15571254.0,17-08-2026,09-09-2026
SILVERTUC,Vipul Haridas Thakkar,7,3,484680.0,0,0.0,484680.0,25-08-2026,09-09-2026
SILVERTUC,Vipul Haridas Thakkar,30,11,33987226.0,0,0.0,33987226.0,25-08-2026,09-09-2026
SILVERTUC,Vipul Haridas Thakkar,90,11,33987226.0,0,0.0,33987226.0,25-08-2026,09-09-2026
SINCLAIR,NAVIN CHAND SUCHANTI,7,2,2205179.0,0,0.0,2205179.0,11-06-2026,09-09-2026
SINCLAIR,NAVIN CHAND SUCHANTI,30,6,17156875.0,0,0.0,17156875.0,11-06-2026,09-09-2026
SINCLAIR,NAVIN CHAND SUCHANTI,90,6,17156875.0,0,0.0,17156875.0,11-06-2026,09-09-2026
SRHHYPOLTD,TGV Industries Private Limited,7,0,0.0,0,0.0,0.0,26-08-2026,03-09-2026
SRHHYPOLTD,TGV Industries Private Limited,30,7,7962375.0,0,0.0,7962375.0,26-08-2026,03-09-2026
SRHHYPOLTD,TGV Industries Private Limited,90,7,7962375.0,0,0.0,7962375.0,26-08-2026,03-09-2026
SRHHYPOLTD,TGV IndustriesPrivate Limited,7,5,9348013.0,0,0.0,9348013.0,07-09-2026,11-09-2026
SRHHYPOLTD,TGV IndustriesPrivate Limited,30,5,9348013.0,0,0.0,9348013.0,07-09-2026,11-09-2026
SRHHYPOLTD,TGV IndustriesPrivate Limited,90,5,9348013.0,0,0.0,9348013.0,07-09-2026,11-09-2026
STEL,LEBNITZE REAL ESTATES PVT LTD,7,0,0.0,0,0.0,0.0,10-06-2026,12-06-2026
STEL,LEBNITZE REAL ESTATES PVT LTD,30,0,0.0,0,0.0,0.0,10-06-2026,12-06-2026
STEL,LEBNITZE REAL ESTATES PVT LTD,90,0,0.0,0,0.0,0.0,10-06-2026,12-06-2026
STEL,SOFREAL MERCANTRADE PRIVATE LTD,7,0,0.0,0,0.0,0.0,15-06-2026,31-08-2026
STEL,SOFREAL MERCANTRADE PRIVATE LTD,30,21,19212594.0,0,0.0,19212594.0,15-06-2026,31-08-2026
STEL,SOFREAL MERCANTRADE PRIVATE LTD,90,28,41414029.0,0,0.0,41414029.0,15-06-2026,31-08-2026
SUMEETINDS,Eagle Fibres Limited,7,0,0.0,0,0.0,0.0,12-08-2026,14-08-2026
SUMEETINDS,Eagle Fibres Limited,30,1,14640000.0,0,0.0,14640000.0,12-08-2026,14-08-2026
SUMEETINDS,Eagle Fibres Limited,90,2,69474000.0,0,0.0,69474000.0,12-08-2026,14-08-2026
SUMEETINDS,JPB FIBRES,7,0,0.0,0,0.0,0.0,12-08-2026,12-08-2026
SUMEETINDS,JPB FIBRES,30,0,0.0,0,0.0,0.0,12-08-2026,12-08-2026
SUMEETINDS,JPB FIBRES,90,1,54834000.0,0,0.0,54834000.0,12-08-2026,12-08-2026
SUMEETINDS,ROHAN D MODH,7,0,0.0,0,0.0,0.0,12-08-2026,12-08-2026
SUMEETINDS,ROHAN D MODH,30,0,0.0,0,0.0,0.0,12-08-2026,12-08-2026
SUMEETINDS,ROHAN D MODH,90,1,58539000.0,0,0.0,58539000.0,12-08-2026,12-08-2026
SUMEETINDS,SUPREME( INDIA ) IMPEX LIMITED,7,0,0.0,0,0.0,0.0,12-08-2026,12-08-2026
SUMEETINDS,SUPREME( INDIA ) IMPEX LIMITED,30,0,0.0,0,0.0,0.0,12-08-2026,12-08-2026
SUMEETINDS,SUPREME( INDIA ) IMPEX LIMITED,90,1,52611000.0,0,0.0,52611000.0,12-08-2026,12-08-2026
SUPERSPIN,SUMANTH RAMAMURTHI,7,0,0.0,0,0.0,0.0,23-06-2026,24-06-2026
SUPERSPIN,SUMANTH RAMAMURTHI,30,0,0.0,0,0.0,0.0,23-06-2026,24-06-2026
SUPERSPIN,SUMANTH RAMAMURTHI,90,2,1492107.0,0,0.0,1492107.0,23-06-2026,24-06-2026
SUPERSPIN,SUPER SARA TEXTILES LIMITED,7,4,2032572.0,0,0.0,2032572.0,31-08-2026,07-09-2026
SUPERSPIN,SUPER SARA TEXTILES LIMITED,30,6,3126611.0,0,0.0,3126611.0,31-08-2026,07-09-2026
SUPERSPIN,SUPER SARA TEXTILES LIMITED,90,6,3126611.0,0,0.0,3126611.0,31-08-2026,07-09-2026
TAINWALCHM,PERIWINKLE FASHIONS PRIVATE LIMITED,7,3,1336504.0,0,0.0,1336504.0,18-08-2026,10-09-2026
TAINWALCHM,PERIWINKLE FASHIONS PRIVATE LIMITED,30,9,4234781.0,0,0.0,4234781.0,18-08-2026,10-09-2026
TAINWALCHM,PERIWINKLE FASHIONS PRIVATE LIMITED,90,9,4234781.0,0,0.0,4234781.0,18-08-2026,10-09-2026
TAINWALCHM,Periwinkle Fashions Private Limited,7,0,0.0,0,0.0,0.0,09-06-2026,09-06-2026
TAINWALCHM,Periwinkle Fashions Private Limited,30,0,0.0,0,0.0,0.0,09-06-2026,09-06-2026
TAINWALCHM,Periwinkle Fashions Private Limited,90,0,0.0,0,0.0,0.0,09-06-2026,09-06-2026
THANGAMAYL,BALUSAMY SILVEARS JEWELLERY PRIVATE LIMITED,7,0,0.0,0,0.0,0.0,06-08-2026,07-08-2026
THANGAMAYL,BALUSAMY SILVEARS JEWELLERY PRIVATE LIMITED,30,0,0.0,0,0.0,0.0,06-08-2026,07-08-2026
THANGAMAYL,BALUSAMY SILVEARS JEWELLERY PRIVATE LIMITED,90,2,12458661.0,0,0.0,12458661.0,06-08-2026,07-08-2026
THANGAMAYL,NARAYANAN BALUSAMY KUMAR,7,0,0.0,0,0.0,0.0,24-08-2026,31-08-2026
THANGAMAYL,NARAYANAN BALUSAMY KUMAR,30,2,19879002.0,0,0.0,19879002.0,24-08-2026,31-08-2026
THANGAMAYL,NARAYANAN BALUSAMY KUMAR,90,2,19879002.0,0,0.0,19879002.0,24-08-2026,31-08-2026
THANGAMAYL,THANGAMAYIL GOLD AND DIAMOND PRIVATE LIMITED,7,0,0.0,0,0.0,0.0,04-08-2026,07-08-2026
THANGAMAYL,THANGAMAYIL GOLD AND DIAMOND PRIVATE LIMITED,30,0,0.0,0,0.0,0.0,04-08-2026,07-08-2026
THANGAMAYL,THANGAMAYIL GOLD AND DIAMOND PRIVATE LIMITED,90,2,39717095.0,0,0.0,39717095.0,04-08-2026,07-08-2026
THOMASCOOK,FAIRBRIDGE CAPITAL MAURITIUS LIMITED,7,0,0.0,0,0.0,0.0,08-06-2026,11-06-2026
THOMASCOOK,FAIRBRIDGE CAPITAL MAURITIUS LIMITED,30,0,0.0,0,0.0,0.0,08-06-2026,11-06-2026
THOMASCOOK,FAIRBRIDGE CAPITAL MAURITIUS LIMITED,90,0,0.0,0,0.0,0.0,08-06-2026,11-06-2026
TIGERLOGS,Brahma Suppliers Private Limited,7,0,0.0,0,0.0,0.0,10-06-2026,24-08-2026
TIGERLOGS,Brahma Suppliers Private Limited,30,3,2202750.0,0,0.0,2202750.0,10-06-2026,24-08-2026
TIGERLOGS,Brahma Suppliers Private Limited,90,9,7036048.0,0,0.0,7036048.0,10-06-2026,24-08-2026
TRUALT,NIRANI HOLDINGS PRIVATE LIMITED,7,0,0.0,0,0.0,0.0,05-08-2026,12-08-2026
TRUALT,NIRANI HOLDINGS PRIVATE LIMITED,30,0,0.0,0,0.0,0.0,05-08-2026,12-08-2026
TRUALT,NIRANI HOLDINGS PRIVATE LIMITED,90,8,183533810.0,0,0.0,183533810.0,05-08-2026,12-08-2026
TTL,SANJAY KUMAR JAIN,7,0,0.0,0,0.0,0.0,18-06-2026,12-08-2026
TTL,SANJAY KUMAR JAIN,30,0,0.0,0,0.0,0.0,18-06-2026,12-08-2026
TTL,SANJAY KUMAR JAIN,90,3,696960.0,0,0.0,696960.0,18-06-2026,12-08-2026
TTL,T. T. BRANDS LIMITED,7,2,2942511.0,0,0.0,2942511.0,13-08-2026,10-09-2026
TTL,T. T. BRANDS LIMITED,30,12,9912156.0,0,0.0,9912156.0,13-08-2026,10-09-2026
TTL,T. T. BRANDS LIMITED,90,12,9912156.0,0,0.0,9912156.0,13-08-2026,10-09-2026
UYFINCORP,Dipti Deepak Kothari,7,0,0.0,0,0.0,0.0,17-08-2026,19-08-2026
UYFINCORP,Dipti Deepak Kothari,30,3,4960333.0,0,0.0,4960333.0,17-08-2026,19-08-2026
UYFINCORP,Dipti Deepak Kothari,90,3,4960333.0,0,0.0,4960333.0,17-08-2026,19-08-2026
VISAKAIND,VIGILANCE SECURITY SERVICES PRIVATE LIMITED,7,3,2270694.0,0,0.0,2270694.0,15-06-2026,10-09-2026
VISAKAIND,VIGILANCE SECURITY SERVICES PRIVATE LIMITED,30,3,2270694.0,0,0.0,2270694.0,15-06-2026,10-09-2026
VISAKAIND,VIGILANCE SECURITY SERVICES PRIVATE LIMITED,90,6,5253571.0,0,0.0,5253571.0,15-06-2026,10-09-2026
VIVIANA,Priyanka Richi Choksi,7,0,0.0,0,0.0,0.0,19-06-2026,29-06-2026
VIVIANA,Priyanka Richi Choksi,30,0,0.0,0,0.0,0.0,19-06-2026,29-06-2026
VIVIANA,Priyanka Richi Choksi,90,2,10744075.0,0,0.0,10744075.0,19-06-2026,29-06-2026
VIVIANA,Richi Nikeshbhai Choksi,7,0,0.0,0,0.0,0.0,19-06-2026,19-06-2026
VIVIANA,Richi Nikeshbhai Choksi,30,0,0.0,0,0.0,0.0,19-06-2026,19-06-2026
VIVIANA,Richi Nikeshbhai Choksi,90,1,1664245.0,0,0.0,1664245.0,19-06-2026,19-06-2026
VSTL,VIJAY KUMAR KAUSHIK,7,0,0.0,0,0.0,0.0,10-06-2026,03-09-2026
VSTL,VIJAY KUMAR KAUSHIK,30,10,4899099.0,0,0.0,4899099.0,10-06-2026,03-09-2026
VSTL,VIJAY KUMAR KAUSHIK,90,10,4899099.0,0,0.0,4899099.0,10-06-2026,03-09-2026
WCIL,RAJENDRA SETHIA,7,0,0.0,0,0.0,0.0,16-06-2026,30-06-2026
WCIL,RAJENDRA SETHIA,30,0,0.0,0,0.0,0.0,16-06-2026,30-06-2026
WCIL,RAJENDRA SETHIA,90,4,4706679.0,0,0.0,4706679.0,16-06-2026,30-06-2026
