Symbol,CompanyName,ValuePurchased,ReportedBuyQty,ReportedBuyTxn,acqtoDt,TotalQty,NumBuyTxn,PricedValuePurchased,AvgPrice,MissingValueQty,MissingValueTxn,ValueCr,MarketBuyValue,MarketSellValue,GrossSellQty,NetBuyQty,NetBuyValue,SellBuyRatioPct,HasMarketSell,TransferLikeFiling,PromoterFlowStatus,NetBuyValueCr,GrossBuyValueCr,GrossSellValueCr,SellBuyExclusion,PledgeValue,PledgeBuyRatioPct,MarketSellBuyRatioPct,RiskActivityValueCr,RiskActivityPct,HasPledging,LastPrice,52WeekHigh,52WeekLow,PromoHolding,DMA50,DMA200,SixMonthReturn,PriceDiffPct,AbsDiffPct,FirstBuyDate,LastBuyDate,FirstBuyPrice,LastBuyPrice,WeightedAvgBuyPrice,AccumulationDays,DaysSinceFirstBuy,DaysSinceLastBuy,BuyTxn7D,BuyTxn15D,BuyTxn30D,BuyTxn60D,BuyTxn90D,BuyValue7D,BuyValue15D,BuyValue30D,BuyValue60D,BuyValue90D,SellTxn7D,SellTxn15D,SellTxn30D,SellTxn60D,SellTxn90D,SellValue7D,SellValue15D,SellValue30D,SellValue60D,SellValue90D,NetBuyValue7D,NetBuyValue30D,Prior60DBuyValue,Prior60DSellValue,Prior60DNetBuyValue,Current30DBuyValue,Current30DSellValue,Current30DNetBuyValue,CurrentVsPriorNetBuyPct,PromoterBehaviourSignal,UniquePromotersBuying,UniquePromotersSelling,BuyAcceleration,Freshness,AccumulationStage,PromoterAvgPrice,CMPvsPromoterAvgPct,SignalStage,MarketCapCr,PE,RevGrowthPct,EBITDAGrowthPct,PATGrowthPct,EPSGrowthPct,ROCEPct,DE_Ratio,OCFPositive,OPMPct,GrossBuyConvictionPct,PromoConvictionPct,ScorePromo,ScoreFund,ScoreTech,ScoreRisk,Score,Category,ScorePromoV1,ScoreFundV1,ScoreTechV1,ScoreRiskV1,ScoreV1,CategoryV1,BuyMarketCapPct,NetBuyMarketCapPct,PromoterStakeAdditionPct,PromoterOwnershipIncreasePct,RiskLevel,RiskSummary,MacroEconomicSector,Sector,Industry,BasicIndustry
CONFIPET,CONFIDENCE PETROLEUM INDIA LIMITED,1059104595.0,14142368.0,10,09-09-2026,14142368.0,10,1059104595.0,74.89,0.0,0,105.91,1059104595.0,0.0,0.0,14142368.0,1059104595.0,0.0,False,False,Net Buying,105.91,105.91,0.0,False,0.0,0.0,0.0,0.0,0.0,False,91.95,91.65,28.06,61.32,79.17,55.14,186.8,22.8,22.8,19-06-2026,09-09-2026,70.67,83.34273301732159,74.1110019067655,82,94,12,0,1,3,5,11,0.0,235214695.0,325726725.0,731195315.0,1242510675.0,0,0,0,0,0,0.0,0.0,0.0,0.0,0.0,0.0,325726725.0,916783950.0,0.0,916783950.0,325726725.0,0.0,325726725.0,-64.5,Slowing Accumulation,2,0,0.0,Active,Confirmed Accumulation,74.1110019067655,24.1,Late — Poor Entry,3055.0,23.9,75.0,136.0,54.0,1.83,10.9,0.4,True,6.0,3.467,3.467,22,22,25,0,69,Strong Buy Setup,20,26,30,0,76,Strong Buy Setup,3.467,3.467,4.257,6.942,Low,No pledge / market sell,Energy,"Oil, Gas & Consumable Fuels",Gas,LPG/CNG/PNG/LNG Supplier
GANDHAR,GANDHAR OIL REFINERY (INDIA) LIMITED,13278006.0,50000.0,2,08-09-2026,50000.0,2,13278006.0,265.56,0.0,0,1.33,13278006.0,0.0,0.0,50000.0,13278006.0,0.0,False,False,Net Buying,1.33,1.33,0.0,False,0.0,0.0,0.0,0.0,0.0,False,276.2,303.17,115.0,64.63,246.02,172.78,117.9,4.0,4.0,07-09-2026,08-09-2026,267.3211052631579,264.4808064516129,265.56012,1,14,13,0,2,2,2,2,0.0,13278006.0,13278006.0,13278006.0,13278006.0,0,0,0,0,0,0.0,0.0,0.0,0.0,0.0,0.0,13278006.0,0.0,0.0,0.0,13278006.0,0.0,13278006.0,,New Accumulation,1,0,0.0,Active,Confirmed Accumulation,265.56012,4.0,Confirmed Accumulation,2703.0,9.29,36.0,249.0,301.0,18.27,15.5,0.07,True,16.0,0.049,0.049,3,30,21,0,54,Buy on Breakout,12,35,25,0,72,Strong Buy Setup,0.049,0.049,0.051,0.079,Low,No pledge / market sell,Energy,"Oil, Gas & Consumable Fuels",Petroleum Products,Lubricants
ALEMBICLTD,Alembic Limited,97064620.0,1046304.0,6,16-09-2026,1046304.0,6,97064620.0,92.77,0.0,0,9.71,97064620.0,0.0,0.0,1046304.0,97064620.0,0.0,False,False,Net Buying,9.71,9.71,0.0,False,0.0,0.0,0.0,0.0,0.0,False,102.63,117.72,70.46,70.88,93.94,92.32,29.1,10.6,10.6,17-08-2026,16-09-2026,87.74665695371235,100.98204943246358,92.82585700497917,30,35,5,1,1,5,7,7,12179344.0,12179344.0,47798301.0,98005447.0,98005447.0,0,0,0,0,0,0.0,0.0,0.0,0.0,0.0,12179344.0,47798301.0,50207146.0,0.0,50207146.0,47798301.0,0.0,47798301.0,-4.8,Slowing Accumulation,1,0,0.2548,Fresh,Confirmed Accumulation,92.82585700497917,10.6,Mature — Wait for Pullback,2635.0,21.6,8.0,14.0,-14.0,0.57,16.9,0.01,True,30.0,0.368,0.368,12,12,25,0,49,Watchlist,25,13,30,0,68,Strong Buy Setup,0.369,0.368,0.408,0.575,Low,No pledge / market sell,Consumer Discretionary,Realty,Realty,"Residential, Commercial Projects"
SIGIND,Signet Industries Limited,18541224.0,248674.0,16,11-09-2026,248674.0,16,18541224.0,74.56,0.0,0,1.85,18541224.0,0.0,0.0,248674.0,18541224.0,0.0,False,False,Net Buying,1.85,1.85,0.0,False,0.0,0.0,0.0,0.0,0.0,False,69.99,74.99,40.66,72.57,61.72,52.36,58.2,-6.1,6.1,17-08-2026,11-09-2026,68.80343785960875,247.95207881115377,74.56036417156598,25,35,10,0,6,11,16,16,0.0,7368443.0,11516787.0,18541224.0,18541224.0,0,0,0,0,0,0.0,0.0,0.0,0.0,0.0,0.0,11516787.0,7024437.0,0.0,7024437.0,11516787.0,0.0,11516787.0,64.0,Accelerating Accumulation,1,0,0.0,Active,Confirmed Accumulation,74.56036417156598,-6.1,Confirmed Accumulation,206.0,8.76,17.0,27.97,17.0,2.73,13.7,1.86,True,9.14,0.9,0.9,13,19,17,0,49,Watchlist,25,23,20,0,68,Strong Buy Setup,0.898,0.9,0.845,1.164,Low,No pledge / market sell,Services,Services,Commercial Services & Supplies,Trading & Distributors
INDORAMA,INDO RAMA SYNTHETICS (INDIA) LIMITED,31393588.0,414796.0,2,09-09-2026,414796.0,2,31393588.0,75.68,0.0,0,3.14,31393588.0,0.0,0.0,414796.0,31393588.0,0.0,False,False,Net Buying,3.14,3.14,0.0,False,0.0,0.0,0.0,0.0,0.0,False,91.05,96.5,29.0,74.85,62.01,46.38,185.0,20.3,20.3,08-09-2026,09-09-2026,74.1302357497801,77.39172514279643,75.6844038997483,1,13,12,0,2,2,2,2,0.0,31393588.0,31393588.0,31393588.0,31393588.0,0,0,0,0,0,0.0,0.0,0.0,0.0,0.0,0.0,31393588.0,0.0,0.0,0.0,31393588.0,0.0,31393588.0,,New Accumulation,1,0,0.0,Active,Confirmed Accumulation,75.6844038997483,20.3,Late — Poor Entry,2377.0,20.8,-3.0,62.0,77.0,1.29,15.8,1.69,True,8.0,0.132,0.132,5,19,25,0,49,Watchlist,17,22,30,0,69,Strong Buy Setup,0.132,0.132,0.159,0.212,Low,No pledge / market sell,Consumer Discretionary,Textiles,Textiles & Apparels,Other Textile Products
BHAGERIA,Bhageria Industries Limited,8227124.0,37774.0,5,26-08-2026,37774.0,5,8227124.0,217.8,0.0,0,0.82,8227124.0,0.0,0.0,37774.0,8227124.0,0.0,False,False,Net Buying,0.82,0.82,0.0,False,0.0,0.0,0.0,0.0,0.0,False,334.75,342.0,127.51,71.75,237.41,188.39,136.4,53.7,53.7,20-08-2026,26-08-2026,204.64325383861484,222.87,215.9638691452524,6,32,26,0,0,3,6,6,0.0,0.0,5939298.0,9479950.0,9479950.0,0,0,0,0,0,0.0,0.0,0.0,0.0,0.0,0.0,5939298.0,3540652.0,0.0,3540652.0,5939298.0,0.0,5939298.0,67.7,Accelerating Accumulation,1,0,0.0,Active,Confirmed Accumulation,215.9638691452524,55.0,Late — Poor Entry,1461.0,19.7,55.0,40.0,54.0,8.23,11.0,0.01,True,14.0,0.056,0.056,2,22,25,0,49,Watchlist,20,26,30,0,76,Strong Buy Setup,0.056,0.056,0.087,0.121,Low,No pledge / market sell,Commodities,Chemicals,Chemicals & Petrochemicals,Dyes And Pigments
NURECA,NURECA LIMITED,18048688.0,57337.0,14,09-09-2026,57337.0,14,18048688.0,314.78,0.0,0,1.8,18048688.0,0.0,0.0,57337.0,18048688.0,0.0,False,False,Net Buying,1.8,1.8,0.0,False,0.0,0.0,0.0,0.0,0.0,False,345.95,358.0,204.0,63.24,317.41,281.1,40.5,9.9,9.9,24-07-2026,09-09-2026,301.14995815899584,334.0,316.4840516408908,47,59,12,0,3,11,18,18,0.0,670800.0,7179140.0,21302858.0,21302858.0,0,0,0,0,0,0.0,0.0,0.0,0.0,0.0,0.0,7179140.0,14123718.0,0.0,14123718.0,7179140.0,0.0,7179140.0,-49.2,Slowing Accumulation,2,0,0.0,Active,Confirmed Accumulation,316.4840516408908,9.3,Confirmed Accumulation,330.0,152.0,22.0,2.45,264.0,2.55,2.07,0.01,False,6.06,0.547,0.547,12,13,25,-1,49,Watchlist,20,15,30,-3,62,Buy on Breakout,0.545,0.547,0.601,0.95,Low,No pledge / market sell,Healthcare,Healthcare,Healthcare Equipment & Supplies,Medical Equipment & Supplies
SRHHYPOLTD,Sree Rayalaseema Hi-Strength Hypo Limited,27987060.0,54933.0,16,18-09-2026,54933.0,16,27987060.0,509.48,0.0,0,2.8,27987060.0,0.0,0.0,54933.0,27987060.0,0.0,False,False,Net Buying,2.8,2.8,0.0,False,0.0,0.0,0.0,0.0,0.0,False,523.1,619.95,382.4,62.09,495.46,487.98,20.7,2.7,2.7,26-08-2026,18-09-2026,473.208,523.3994,509.476271093878,23,26,3,4,9,16,16,16,10676672.0,20024685.0,27987060.0,27987060.0,27987060.0,0,0,0,0,0,0.0,0.0,0.0,0.0,0.0,10676672.0,27987060.0,0.0,0.0,0.0,27987060.0,0.0,27987060.0,,New Accumulation,2,0,0.3815,Fresh,Confirmed Accumulation,509.476271093878,2.7,Confirmed Accumulation,898.0,8.83,7.0,30.0,0.0,14.66,14.4,0.01,True,14.0,0.312,0.312,13,12,21,0,46,Watchlist,20,14,25,0,59,Buy on Breakout,0.312,0.312,0.32,0.515,Low,No pledge / market sell,Commodities,Chemicals,Chemicals & Petrochemicals,Commodity Chemicals
PKTEA,THE PERIA KARAMALAI TEA & PRODUCE COMPANY LIMITED,21291589.0,29001.0,4,04-09-2026,29001.0,4,21291589.0,734.17,0.0,0,2.13,21291589.0,0.0,0.0,29001.0,21291589.0,0.0,False,False,Net Buying,2.13,2.13,0.0,False,0.0,0.0,0.0,0.0,0.0,False,910.0,1169.0,605.0,61.71,773.98,776.91,17.6,23.9,23.9,17-08-2026,04-09-2026,702.5034911525586,790.3904078203758,725.7771441605839,18,35,17,0,0,1,5,5,0.0,0.0,5174686.0,28636263.0,28636263.0,0,0,0,0,0,0.0,0.0,0.0,0.0,0.0,0.0,5174686.0,23461577.0,0.0,23461577.0,5174686.0,0.0,5174686.0,-77.9,Slowing Accumulation,1,0,0.0,Active,Confirmed Accumulation,725.7771441605839,25.4,Late — Poor Entry,282.0,,9.0,11.91,-184.0,31.98,-0.26,0.1,True,57.93,0.755,0.755,13,12,21,0,46,Watchlist,20,14,25,0,59,Buy on Breakout,0.755,0.755,0.936,1.517,Low,No pledge / market sell,Fast Moving Consumer Goods,Fast Moving Consumer Goods,Agricultural Food & other Products,Tea & Coffee
STEL,STEL HOLDINGS LIMITED,39558097.0,63251.0,33,18-09-2026,63251.0,33,39558097.0,625.41,0.0,0,3.96,39558097.0,0.0,0.0,63251.0,39558097.0,0.0,False,False,Net Buying,3.96,3.96,0.0,False,0.0,0.0,0.0,0.0,0.0,False,654.2,689.95,380.0,64.68,581.76,515.16,46.1,4.6,4.6,19-06-2026,18-09-2026,598.5036883356386,646.8870097157251,625.4145705206241,91,94,3,4,7,19,29,31,6908288.0,9395107.0,22368301.0,28676708.0,35288088.0,0,0,0,0,0,0.0,0.0,0.0,0.0,0.0,6908288.0,22368301.0,14593487.0,0.0,14593487.0,22368301.0,0.0,22368301.0,53.3,Accelerating Accumulation,2,0,0.3088,Fresh,Confirmed Accumulation,625.4145705206241,4.6,Confirmed Accumulation,1207.0,61.5,21.0,-0.11,23.0,-0.07,1.58,0.0,False,-110.0,0.328,0.328,13,13,21,-2,45,Watchlist,20,15,25,-5,55,Buy on Breakout,0.328,0.328,0.343,0.53,Low,No pledge / market sell,Financial Services,Financial Services,Finance,Investment Company
THANGAMAYL,THANGAMAYIL JEWELLERY LIMITED,72054758.0,13860.0,6,31-08-2026,13860.0,6,72054758.0,5198.76,0.0,0,7.21,72054758.0,0.0,0.0,13860.0,72054758.0,0.0,False,False,Net Buying,7.21,7.21,0.0,False,0.0,0.0,0.0,0.0,0.0,False,5044.5,7430.0,1939.5,67.16,5648.59,4410.23,46.3,-3.0,3.0,04-08-2026,31-08-2026,4810.6375,5359.038918918919,5198.755988455989,27,48,21,0,0,2,6,6,0.0,0.0,19879002.0,72054758.0,72054758.0,0,0,0,0,0,0.0,0.0,0.0,0.0,0.0,0.0,19879002.0,52175756.0,0.0,52175756.0,19879002.0,0.0,19879002.0,-61.9,Slowing Accumulation,3,0,0.0,Active,Confirmed Accumulation,5198.755988455989,-3.0,Confirmed Accumulation,15679.0,39.9,83.0,145.0,264.0,27.38,25.5,0.64,True,5.0,0.046,0.046,5,27,13,0,45,Watchlist,20,32,15,0,67,Strong Buy Setup,0.046,0.046,0.045,0.066,Low,No pledge / market sell,Consumer Discretionary,Consumer Durables,Consumer Durables,"Gems, Jewellery And Watches"
OBCL,OBCL LIMITED,19457263.0,364045.0,11,15-09-2026,364045.0,11,19457263.0,53.45,0.0,0,1.95,19457263.0,0.0,0.0,364045.0,19457263.0,0.0,False,False,Net Buying,1.95,1.95,0.0,False,0.0,0.0,0.0,0.0,0.0,False,57.02,62.0,46.51,67.23,54.24,55.16,2.6,6.7,6.7,05-08-2026,15-09-2026,53.5,56.32912115370886,53.44741172107844,41,47,6,1,3,5,11,11,789002.0,1412746.0,2942912.0,19457263.0,19457263.0,0,0,0,0,0,0.0,0.0,0.0,0.0,0.0,789002.0,2942912.0,16514351.0,0.0,16514351.0,2942912.0,0.0,2942912.0,-82.2,Slowing Accumulation,1,0,0.2681,Fresh,Confirmed Accumulation,53.44741172107844,6.7,Confirmed Accumulation,120.0,,6.0,2.47,-3779.0,-0.05,-1.26,0.8,True,3.0,1.621,1.621,20,5,21,-1,45,Watchlist,25,6,25,-2,54,Buy on Breakout,1.625,1.621,1.73,2.573,Low,No pledge / market sell,Services,Services,Transport Services,Logistics Solution Provider
CHEMBONDCH,CHEMBOND CHEMICALS LIMITED,11080000.0,45500.0,3,25-08-2026,45500.0,3,11080000.0,243.52,0.0,0,1.11,11080000.0,0.0,0.0,45500.0,11080000.0,0.0,False,False,Net Buying,1.11,1.11,0.0,False,0.0,0.0,0.0,0.0,0.0,False,272.55,290.0,104.85,67.65,255.8,185.73,115.6,11.9,11.9,06-08-2026,25-08-2026,230.0,271.0,238.0921052631579,19,46,27,0,0,1,5,5,0.0,0.0,4065000.0,18095000.0,18095000.0,0,0,0,0,0,0.0,0.0,0.0,0.0,0.0,0.0,4065000.0,14030000.0,0.0,14030000.0,4065000.0,0.0,4065000.0,-71.0,Slowing Accumulation,2,0,0.0,Active,Confirmed Accumulation,238.0921052631579,14.5,Mature — Wait for Pullback,733.0,61.2,3.0,2.99,97.0,1.0,11.6,0.0,True,16.21,0.151,0.151,5,14,25,-1,43,Watchlist,20,16,30,-3,63,Buy on Breakout,0.151,0.151,0.169,0.25,Low,No pledge / market sell,Commodities,Chemicals,Chemicals & Petrochemicals,Specialty Chemicals
DIAMONDYD,Prataap Snacks Limited,595794044.0,507506.0,4,07-08-2026,507506.0,4,595794044.0,1173.96,0.0,0,59.58,595794044.0,0.0,0.0,507506.0,595794044.0,0.0,False,False,Net Buying,59.58,59.58,0.0,False,0.0,0.0,0.0,0.0,0.0,False,1088.1,1245.0,858.9,69.75,1156.08,1089.84,19.0,-7.3,7.3,25-06-2026,07-08-2026,1090.0,1179.860001898032,1173.9645324390253,43,88,45,0,0,0,3,4,0.0,0.0,0.0,586966134.0,595794044.0,0,0,0,0,0,0.0,0.0,0.0,0.0,0.0,0.0,0.0,595794044.0,0.0,595794044.0,0.0,0.0,0.0,-100.0,No Net Flow,1,0,0.0,Aging,Mature Accumulation,1173.9645324390253,-7.3,Mature — Wait for Pullback,2604.0,204.0,6.0,19.05,194.0,1.03,3.17,0.06,True,3.87,2.288,2.288,17,18,9,-2,42,Watchlist,25,21,10,-5,51,Buy on Breakout,2.288,2.288,2.121,3.04,Low,No pledge / market sell,Fast Moving Consumer Goods,Fast Moving Consumer Goods,Food Products,Packaged Foods
SINCLAIR,SINCLAIRS HOTELS LIMITED,18542531.0,228604.0,7,15-09-2026,228604.0,7,18542531.0,81.11,0.0,0,1.85,18542531.0,0.0,0.0,228604.0,18542531.0,0.0,False,False,Net Buying,1.85,1.85,0.0,False,0.0,0.0,0.0,0.0,0.0,False,81.93,112.48,68.82,62.78,77.19,77.96,16.2,1.0,1.0,28-08-2026,15-09-2026,79.77632182805789,80.07258017913898,81.11201466291054,18,24,6,1,3,7,7,7,1385656.0,3590835.0,18542531.0,18542531.0,18542531.0,0,0,0,0,0,0.0,0.0,0.0,0.0,0.0,1385656.0,18542531.0,0.0,0.0,0.0,18542531.0,0.0,18542531.0,,New Accumulation,1,0,0.0747,Fresh,Confirmed Accumulation,81.11201466291054,1.0,Confirmed Accumulation,420.0,39.0,21.0,8.39,-19.0,1.54,8.73,0.28,True,41.64,0.441,0.441,11,12,17,0,40,Watchlist,20,14,20,0,54,Buy on Breakout,0.44,0.441,0.446,0.71,Low,No pledge / market sell,Consumer Discretionary,Consumer Services,Leisure Services,Hotels & Resorts
ASAHISONG,ASAHI SONGWON COLORS LIMITED,3381000.0,10000.0,1,11-08-2026,10000.0,1,3381000.0,338.1,0.0,0,0.34,3381000.0,0.0,0.0,10000.0,3381000.0,0.0,False,False,Net Buying,0.34,0.34,0.0,False,0.0,0.0,0.0,0.0,0.0,False,372.8,413.95,179.64,66.73,348.83,266.92,99.1,10.3,10.3,11-08-2026,11-08-2026,338.1,338.1,338.1,0,41,41,0,0,0,1,1,0.0,0.0,0.0,3381000.0,3381000.0,0,0,0,0,0,0.0,0.0,0.0,0.0,0.0,0.0,0.0,3381000.0,0.0,3381000.0,0.0,0.0,0.0,-100.0,No Net Flow,1,0,0.0,Aging,Mature Accumulation,338.1,10.3,Mature — Wait for Pullback,439.0,13.0,-8.0,24.0,33.0,14.36,9.94,0.23,True,18.0,0.077,0.077,1,18,21,0,40,Watchlist,17,21,25,0,63,Buy on Breakout,0.077,0.077,0.085,0.127,Low,No pledge / market sell,Commodities,Chemicals,Chemicals & Petrochemicals,Dyes And Pigments
CHEMBOND,CHEMBOND MATERIAL TECHNOLOGIES LIMITED,2560187.0,15020.0,2,03-09-2026,15020.0,2,2560187.0,170.45,0.0,0,0.26,2560187.0,0.0,0.0,15020.0,2560187.0,0.0,False,False,Net Buying,0.26,0.26,0.0,False,0.0,0.0,0.0,0.0,0.0,False,192.77,236.8,105.15,67.54,180.09,162.97,48.5,13.1,13.1,03-09-2026,03-09-2026,170.46014760147602,170.45004061738425,170.45186418109188,0,18,18,0,0,4,4,4,0.0,0.0,5120374.0,5120374.0,5120374.0,0,0,0,0,0,0.0,0.0,0.0,0.0,0.0,0.0,5120374.0,0.0,0.0,0.0,5120374.0,0.0,5120374.0,,New Accumulation,2,0,0.0,Active,Confirmed Accumulation,170.45186418109188,13.1,Mature — Wait for Pullback,259.0,27.8,24.0,1.87,-31.0,3.36,4.96,0.0,True,2.97,0.099,0.099,4,12,25,-1,40,Watchlist,17,14,30,-2,59,Buy on Breakout,0.1,0.099,0.112,0.166,Low,No pledge / market sell,Commodities,Chemicals,Chemicals & Petrochemicals,Specialty Chemicals
TAINWALCHM,TAINWALA CHEMICALS AND PLASTICS (INDIA) LIMITED,5608572.0,26707.0,11,16-09-2026,26707.0,11,5608572.0,210.0,0.0,0,0.56,5608572.0,0.0,0.0,26707.0,5608572.0,0.0,False,False,Net Buying,0.56,0.56,0.0,False,0.0,0.0,0.0,0.0,0.0,False,213.11,257.0,155.0,67.04,209.65,195.75,15.5,1.5,1.5,18-08-2026,16-09-2026,207.70463422358281,209.42986666666667,210.00381922342456,29,34,5,2,5,9,11,11,1373791.0,2710295.0,3426986.0,5608572.0,5608572.0,0,0,0,0,0,0.0,0.0,0.0,0.0,0.0,1373791.0,3426986.0,2181586.0,0.0,2181586.0,3426986.0,0.0,3426986.0,57.1,Accelerating Accumulation,1,0,0.4009,Fresh,Confirmed Accumulation,210.00381922342456,1.5,Confirmed Accumulation,199.0,24.8,12.0,0.03,16.0,0.03,7.91,0.0,False,3.16,0.282,0.282,10,9,21,-1,39,Fundamental Watch,25,10,25,-2,58,Buy on Breakout,0.281,0.282,0.286,0.427,Low,No pledge / market sell,Industrials,Capital Goods,Industrial Products,Plastic Products - Industrial
GANESHCP,GANESH CONSUMER PRODUCTS LIMITED,33968886.0,179300.0,5,02-09-2026,179300.0,5,33968886.0,189.45,0.0,0,3.4,33968886.0,0.0,0.0,179300.0,33968886.0,0.0,False,False,Net Buying,3.4,3.4,0.0,False,0.0,0.0,0.0,0.0,0.0,False,169.2,309.95,152.0,64.08,169.69,193.04,7.1,-10.7,10.7,19-06-2026,02-09-2026,199.3987,167.22016666666667,189.45279419966536,75,94,19,0,0,2,2,3,0.0,0.0,8001009.0,8001009.0,13998476.0,0,0,0,0,0,0.0,0.0,0.0,0.0,0.0,0.0,8001009.0,15997942.0,0.0,15997942.0,8001009.0,0.0,8001009.0,-50.0,Slowing Accumulation,2,0,0.0,Active,Confirmed Accumulation,189.45279419966536,-10.7,Confirmed Accumulation,684.0,15.1,-1.0,21.0,45.0,3.1,19.3,0.07,True,11.0,0.497,0.497,10,22,5,0,37,Fundamental Watch,20,25,5,0,50,Buy on Breakout,0.497,0.497,0.444,0.692,Low,No pledge / market sell,Fast Moving Consumer Goods,Fast Moving Consumer Goods,Food Products,Packaged Foods
UYFINCORP,U. Y. Fincorp Limited,4960333.0,236123.0,3,19-08-2026,236123.0,3,4960333.0,21.01,0.0,0,0.5,4960333.0,0.0,0.0,236123.0,4960333.0,0.0,False,False,Net Buying,0.5,0.5,0.0,False,0.0,0.0,0.0,0.0,0.0,False,19.29,22.34,11.5,70.87,19.23,15.37,44.9,-8.2,8.2,17-08-2026,19-08-2026,21.272817872269744,21.034486666666666,21.00741139152052,2,35,33,0,0,0,3,3,0.0,0.0,0.0,4960333.0,4960333.0,0,0,0,0,0,0.0,0.0,0.0,0.0,0.0,0.0,0.0,4960333.0,0.0,4960333.0,0.0,0.0,0.0,-100.0,No Net Flow,1,0,0.0,Aging,Mature Accumulation,21.00741139152052,-8.2,Mature — Wait for Pullback,367.0,5.93,118.0,,391.0,1.03,18.5,0.01,False,,0.135,0.135,3,17,17,0,37,Fundamental Watch,20,19,20,0,59,Buy on Breakout,0.136,0.135,0.124,0.175,Low,No pledge / market sell,Financial Services,Financial Services,Finance,Non Banking Financial Company (NBFC)
SENCO,SENCO GOLD LIMITED,4081958.0,12170.0,2,18-08-2026,12170.0,2,4081958.0,335.41,0.0,0,0.41,4081958.0,0.0,0.0,12170.0,4081958.0,0.0,False,False,Net Buying,0.41,0.41,0.0,False,0.0,0.0,0.0,0.0,0.0,False,348.0,430.0,276.0,68.48,367.88,334.9,19.6,3.8,3.8,30-06-2026,18-08-2026,334.88004484304935,336.87015384615387,335.4115036976171,49,83,34,0,0,0,1,2,0.0,0.0,0.0,1094828.0,4081958.0,0,0,0,0,0,0.0,0.0,0.0,0.0,0.0,0.0,0.0,4081958.0,0.0,4081958.0,0.0,0.0,0.0,-100.0,No Net Flow,1,0,0.0,Aging,Mature Accumulation,335.4115036976171,3.8,Mature — Wait for Pullback,5704.0,9.64,43.0,223.0,175.0,6.97,21.4,1.03,False,7.0,0.007,0.007,1,18,17,0,36,Fundamental Watch,17,21,20,0,58,Buy on Breakout,0.007,0.007,0.007,0.011,Low,No pledge / market sell,Consumer Discretionary,Consumer Durables,Consumer Durables,"Gems, Jewellery And Watches"
NRL,NUPUR RECYCLERS LIMITED,4186225.0,50400.0,1,24-06-2026,50400.0,1,4186225.0,83.06,0.0,0,0.42,4186225.0,0.0,0.0,50400.0,4186225.0,0.0,False,False,Net Buying,0.42,0.42,0.0,False,0.0,0.0,0.0,0.0,0.0,False,143.67,139.0,45.1,72.53,117.31,73.78,178.6,73.0,73.0,24-06-2026,24-06-2026,83.06001984126983,83.06001984126983,83.06001984126983,0,89,89,0,0,0,0,1,0.0,0.0,0.0,0.0,4186225.0,0,0,0,0,0,0.0,0.0,0.0,0.0,0.0,0.0,0.0,4186225.0,0.0,4186225.0,0.0,0.0,0.0,-100.0,No Net Flow,1,0,0.0,Stale,Stale Accumulation,83.06001984126983,73.0,Late — Poor Entry,992.0,106.0,15.0,1.43,82.0,0.34,9.71,0.0,True,3.67,0.042,0.042,1,14,21,-2,34,Fundamental Watch,17,16,25,-5,53,Buy on Breakout,0.042,0.042,0.073,0.101,Low,No pledge / market sell,Commodities,Metals & Mining,Metals & Minerals Trading,Trading - Metals
SILVERTUC,SILVER TOUCH TECHNOLOGIES LIMITED,10997624.0,64000.0,4,09-09-2026,64000.0,4,10997624.0,171.84,0.0,0,1.1,10997624.0,0.0,0.0,64000.0,10997624.0,0.0,False,False,Net Buying,1.1,1.1,0.0,False,0.0,0.0,0.0,0.0,0.0,False,146.28,216.8,67.58,74.59,185.4,511.59,38.5,-14.9,14.9,25-08-2026,09-09-2026,180.9767857142857,161.56,170.79008040201006,15,27,12,0,3,11,11,11,0.0,484680.0,33987226.0,33987226.0,33987226.0,0,0,0,0,0,0.0,0.0,0.0,0.0,0.0,0.0,33987226.0,0.0,0.0,0.0,33987226.0,0.0,33987226.0,,New Accumulation,1,0,0.0,Active,Confirmed Accumulation,170.79008040201006,-14.4,Confirmed Accumulation,1855.0,42.6,20.0,17.0,83.0,0.8,30.3,0.2,True,23.0,0.059,0.059,3,26,5,0,34,Fundamental Watch,20,30,5,0,55,Buy on Breakout,0.059,0.059,0.05,0.068,Low,No pledge / market sell,Information Technology,Information Technology,IT - Software,Computers - Software & Consulting
EIEL,ENVIRO INFRA ENGINEERS LIMITED,13430794.0,70000.0,3,02-09-2026,70000.0,3,13430794.0,191.87,0.0,0,1.34,13430794.0,0.0,0.0,70000.0,13430794.0,0.0,False,False,Net Buying,1.34,1.34,0.0,False,0.0,0.0,0.0,0.0,0.0,False,200.01,276.1,134.71,70.02,209.59,194.02,37.7,4.2,4.2,31-08-2026,02-09-2026,196.0,189.75001109680855,191.86848571428573,2,21,19,0,0,3,3,3,0.0,0.0,13430794.0,13430794.0,13430794.0,0,0,0,0,0,0.0,0.0,0.0,0.0,0.0,0.0,13430794.0,0.0,0.0,0.0,13430794.0,0.0,13430794.0,,New Accumulation,2,0,0.0,Active,Confirmed Accumulation,191.86848571428573,4.2,Confirmed Accumulation,3511.0,20.8,-4.0,51.0,-9.0,2.04,20.8,0.15,False,21.0,0.038,0.038,4,11,17,0,32,Fundamental Watch,20,12,20,0,52,Buy on Breakout,0.038,0.038,0.04,0.057,Low,No pledge / market sell,Utilities,Utilities,Other Utilities,Water Supply & Management
DOLLAR,DOLLAR INDUSTRIES LIMITED,14833500.0,55000.0,1,24-06-2026,55000.0,1,14833500.0,269.7,0.0,0,1.48,14833500.0,0.0,0.0,55000.0,14833500.0,0.0,False,False,Net Buying,1.48,1.48,0.0,False,0.0,0.0,0.0,0.0,0.0,False,273.25,396.0,220.5,73.09,267.75,288.19,11.3,1.3,1.3,24-06-2026,24-06-2026,269.7,269.7,269.7,0,89,89,0,0,0,0,1,0.0,0.0,0.0,0.0,14833500.0,0,0,0,0,0,0.0,0.0,0.0,0.0,0.0,0.0,0.0,14833500.0,0.0,14833500.0,0.0,0.0,0.0,-100.0,No Net Flow,1,0,0.0,Stale,Stale Accumulation,269.7,1.3,Late — Poor Entry,1550.0,14.0,6.0,46.0,18.0,4.31,13.6,0.28,True,12.0,0.096,0.096,1,18,13,0,32,Fundamental Watch,17,21,15,0,53,Buy on Breakout,0.095,0.096,0.097,0.133,Low,No pledge / market sell,Consumer Discretionary,Textiles,Textiles & Apparels,Garments & Apparels
BERGEPAINT,BERGER PAINTS (I) LIMITED,48436318.0,98938.0,5,07-09-2026,98938.0,5,48436318.0,489.56,0.0,0,4.84,48436318.0,0.0,0.0,98938.0,48436318.0,0.0,False,False,Net Buying,4.84,4.84,0.0,False,0.0,0.0,0.0,0.0,0.0,False,458.65,594.55,391.1,75.0,504.63,494.86,13.4,-6.3,6.3,07-09-2026,07-09-2026,485.14018597129575,486.4111749009461,489.56233196547333,0,14,14,0,5,5,5,5,0.0,48436318.0,48436318.0,48436318.0,48436318.0,0,0,0,0,0,0.0,0.0,0.0,0.0,0.0,0.0,48436318.0,0.0,0.0,0.0,48436318.0,0.0,48436318.0,,New Accumulation,5,0,0.0,Active,Confirmed Accumulation,489.56233196547333,-6.3,Confirmed Accumulation,53479.0,45.3,5.0,562.0,8.0,3.16,22.9,0.07,True,17.0,0.009,0.009,5,16,9,0,30,Fundamental Watch,20,18,10,0,48,Watchlist,0.009,0.009,0.008,0.011,Low,No pledge / market sell,Consumer Discretionary,Consumer Durables,Consumer Durables,Paints
MANINFRA,MAN INFRACONSTRUCTION LIMITED,26297500.0,250000.0,1,25-06-2026,250000.0,1,26297500.0,105.19,0.0,0,2.63,26297500.0,0.0,0.0,250000.0,26297500.0,0.0,False,False,Net Buying,2.63,2.63,0.0,False,0.0,0.0,0.0,0.0,0.0,False,125.64,160.39,77.12,67.15,111.36,112.09,35.1,19.4,19.4,25-06-2026,25-06-2026,105.19,105.19,105.19,0,88,88,0,0,0,0,3,0.0,0.0,0.0,0.0,78892500.0,0,0,0,0,0,0.0,0.0,0.0,0.0,0.0,0.0,0.0,78892500.0,0.0,78892500.0,0.0,0.0,0.0,-100.0,No Net Flow,1,0,0.0,Stale,Stale Accumulation,105.19,19.4,Late — Poor Entry,5072.0,33.0,-25.0,71.0,-11.0,1.48,10.7,0.0,True,69.0,0.052,0.052,1,12,17,0,30,Fundamental Watch,17,14,20,0,51,Buy on Breakout,0.052,0.052,0.062,0.092,Low,No pledge / market sell,Consumer Discretionary,Realty,Realty,"Residential, Commercial Projects"
BMWVENTLTD,BMW VENTURES LIMITED,21940362.0,391504.0,4,18-09-2026,391504.0,4,21940362.0,56.04,0.0,0,2.19,21940362.0,0.0,0.0,391504.0,21940362.0,0.0,False,False,Net Buying,2.19,2.19,0.0,False,0.0,0.0,0.0,0.0,0.0,False,51.9,78.0,48.0,73.01,56.75,58.31,-14.3,-7.4,7.4,05-08-2026,18-09-2026,60.09327058823529,52.36193897777149,56.76403555898796,44,47,3,1,1,1,5,5,2958659.0,2958659.0,2958659.0,27048290.0,27048290.0,0,0,0,0,0,0.0,0.0,0.0,0.0,0.0,2958659.0,2958659.0,24089631.0,0.0,24089631.0,2958659.0,0.0,2958659.0,-87.7,Slowing Accumulation,1,0,1.0,Fresh,Confirmed Accumulation,56.76403555898796,-8.6,Confirmed Accumulation,450.0,11.2,19.0,21.0,20.0,1.22,12.0,0.58,True,3.4,0.488,0.488,12,19,0,-1,30,Fundamental Watch,25,23,0,-2,46,Watchlist,0.487,0.488,0.452,0.618,Low,No pledge / market sell,Commodities,Metals & Mining,Metals & Minerals Trading,Trading - Metals
AVONMORE,AVONMORE CAPITAL & MANAGEMENT SERVICES LIMITED,23466416.0,1825343.0,24,17-09-2026,1825343.0,24,23466416.0,12.86,0.0,0,2.35,23466416.0,0.0,0.0,1825343.0,23466416.0,0.0,False,False,Net Buying,2.35,2.35,0.0,False,0.0,0.0,0.0,0.0,0.0,False,12.46,20.75,9.05,69.12,11.92,13.23,4.1,-3.1,3.1,10-08-2026,17-09-2026,11.28707,12.34914,12.817261162358033,38,42,4,3,8,17,25,25,2483137.0,7077674.0,12811756.0,24036761.0,24036761.0,0,0,0,0,0,0.0,0.0,0.0,0.0,0.0,2483137.0,12811756.0,11225005.0,0.0,11225005.0,12811756.0,0.0,12811756.0,14.1,Accelerating Accumulation,1,0,0.1938,Fresh,Confirmed Accumulation,12.817261162358033,-2.8,Confirmed Accumulation,352.0,1134.0,-61.0,,-98.0,0.01,2.46,0.44,True,,0.667,0.667,13,8,9,-1,29,Avoid,25,9,10,-3,41,Watchlist,0.668,0.667,0.646,0.935,Low,No pledge / market sell,Financial Services,Financial Services,Finance,Non Banking Financial Company (NBFC)
VIVIANA,VIVIANA POWER TECH LIMITED,14160174.0,17712.0,4,17-09-2026,17712.0,4,14160174.0,799.47,0.0,0,1.42,14160174.0,0.0,0.0,17712.0,14160174.0,0.0,False,False,Net Buying,1.42,1.42,0.0,False,0.0,0.0,0.0,0.0,0.0,False,718.8,1162.5,565.0,73.2,729.78,,-20.9,-10.1,10.1,19-06-2026,17-09-2026,792.1204188481676,703.5558232931727,799.4678184281843,90,94,4,1,1,1,1,2,1751854.0,1751854.0,1751854.0,1751854.0,5375657.0,0,0,0,0,0,0.0,0.0,0.0,0.0,0.0,1751854.0,1751854.0,3623803.0,0.0,3623803.0,1751854.0,0.0,1751854.0,-51.7,Slowing Accumulation,2,0,1.0,Fresh,Confirmed Accumulation,799.4678184281843,-10.1,Confirmed Accumulation,728.0,13.2,185.0,11.55,204.0,6.84,50.7,0.81,True,16.07,0.195,0.195,9,19,0,0,28,Avoid,20,22,0,0,42,Watchlist,0.195,0.195,0.175,0.239,Low,No pledge / market sell,Industrials,Construction,Construction,Civil Construction
MAHSEAMLES,Maharashtra Seamless Limited,1026988804.0,1659700.0,1,30-06-2026,1659700.0,1,1026988804.0,618.78,0.0,0,102.7,1026988804.0,1007459825.0,1629700.0,30000.0,19528979.0,98.1,False,True,Transfer-like,1.95,102.7,100.75,False,0.0,0.0,98.1,100.7459825,98.1,False,717.55,738.6,500.7,67.86,623.69,592.64,28.2,16.0,16.0,30-06-2026,30-06-2026,618.7797818882931,618.7797818882931,618.7797818882931,0,83,83,0,0,0,0,1,0.0,0.0,0.0,0.0,1026988804.0,0,0,0,0,1,0.0,0.0,0.0,0.0,1007459825.0,0.0,0.0,1026988804.0,1007459825.0,19528979.0,0.0,0.0,0.0,-100.0,No Net Flow,1,1,0.0,Stale,Stale Accumulation,618.7797818882931,16.0,Late — Poor Entry,9615.0,12.7,-12.0,184.0,-15.0,20.21,13.8,0.0,True,17.0,1.068,0.02,1,16,21,-10,28,Avoid,17,19,25,0,61,Buy on Breakout,1.068,0.02,0.022,0.033,High,Market sell 98.10% of buy value,Industrials,Capital Goods,Industrial Products,Iron & Steel Products
NPST,NETWORK PEOPLE SERVICES TECHNOLOGIES LIMITED,127606073.0,161538.0,6,25-06-2026,161538.0,6,127606073.0,789.94,0.0,0,12.76,127606073.0,130033072.0,164626.0,-3088.0,-2426999.0,101.9,False,True,Net Selling,-0.24,12.76,13.0,False,0.0,0.0,101.9,13.0033072,101.9,False,1828.5,2111.9,846.6,67.55,1614.67,1381.2,108.1,131.5,131.5,25-06-2026,25-06-2026,1.2704654895666132,1575.0,789.9446136512771,0,88,88,0,0,0,0,12,0.0,0.0,0.0,0.0,255212146.0,0,0,0,0,4,0.0,0.0,0.0,0.0,260066144.0,0.0,0.0,255212146.0,260066144.0,-4853998.0,0.0,0.0,0.0,0.0,No Net Flow,2,1,0.0,Stale,Stale Accumulation,789.9446136512771,131.5,Late — Poor Entry,3815.0,85.9,42.0,13.0,22.0,5.05,19.8,0.03,False,27.0,0.334,0.0,2,17,25,-16,28,Avoid,15,19,30,-3,61,Buy on Breakout,0.334,0.0,0.0,0.0,High,Market sell 101.90% of buy value,Financial Services,Financial Services,Financial Technology (Fintech),Financial Technology (Fintech)
TRUALT,TRUALT BIOENERGY LIMITED,193393233.0,433581.0,8,17-09-2026,433581.0,8,193393233.0,446.04,0.0,0,19.34,193393233.0,0.0,0.0,433581.0,193393233.0,0.0,False,False,Net Buying,19.34,19.34,0.0,False,0.0,0.0,0.0,0.0,0.0,False,421.7,549.0,310.2,70.55,438.71,431.95,12.4,-5.5,5.5,05-08-2026,17-09-2026,462.97976851851854,424.64,454.2782298941436,43,47,4,3,3,3,11,11,91162330.0,91162330.0,91162330.0,274696140.0,274696140.0,0,0,0,0,0,0.0,0.0,0.0,0.0,0.0,91162330.0,91162330.0,183533810.0,0.0,183533810.0,91162330.0,0.0,91162330.0,-50.3,Slowing Accumulation,1,0,1.0,Fresh,Confirmed Accumulation,454.2782298941436,-7.2,Confirmed Accumulation,3616.0,25.3,2.0,127.0,-14.0,6.41,9.89,1.05,False,21.0,0.535,0.535,14,4,9,0,27,Avoid,25,5,10,0,40,Watchlist,0.535,0.535,0.506,0.717,Low,No pledge / market sell,Fast Moving Consumer Goods,Fast Moving Consumer Goods,Agricultural Food & other Products,Other Agricultural Products
SRGHFL,SRG HOUSING FINANCE LIMITED,19830410.0,150000.0,3,16-09-2026,150000.0,3,19830410.0,132.2,0.0,0,1.98,19830410.0,0.0,0.0,150000.0,19830410.0,0.0,False,False,Net Buying,1.98,1.98,0.0,False,0.0,0.0,0.0,0.0,0.0,False,128.15,335.0,118.6,67.83,263.59,272.81,-51.2,-3.1,3.1,15-09-2026,16-09-2026,139.681,125.3055,132.20273333333333,1,6,5,3,3,3,3,3,19830410.0,19830410.0,19830410.0,19830410.0,19830410.0,0,0,0,0,0,0.0,0.0,0.0,0.0,0.0,19830410.0,19830410.0,0.0,0.0,0.0,19830410.0,0.0,19830410.0,,New Accumulation,2,0,1.0,Fresh,Early Accumulation,132.20273333333333,-3.1,Early Accumulation,201.0,5.89,31.0,,35.0,5.39,11.8,2.89,False,,0.987,0.987,17,10,0,0,27,Avoid,25,12,0,0,37,Fundamental Watch,0.985,0.987,0.956,1.41,Low,No pledge / market sell,Financial Services,Financial Services,Finance,Housing Finance Company
AMANTA,Amanta Healthcare Limited,2429680.0,16200.0,1,18-06-2026,16200.0,1,2429680.0,149.98,0.0,0,0.24,2429680.0,0.0,0.0,16200.0,2429680.0,0.0,False,False,Net Buying,0.24,0.24,0.0,False,0.0,0.0,0.0,0.0,0.0,False,189.95,209.95,92.0,63.56,177.79,133.78,94.9,26.7,26.7,18-06-2026,18-06-2026,149.98024691358026,149.98024691358026,149.98024691358026,0,95,95,0,0,0,0,0,0.0,0.0,0.0,0.0,0.0,0,0,0,0,0,0.0,0.0,0.0,0.0,0.0,0.0,0.0,0.0,0.0,0.0,0.0,0.0,0.0,0.0,No Net Flow,1,0,0.0,Stale,Stale Accumulation,149.98024691358026,26.7,Late — Poor Entry,738.0,48.1,7.0,14.54,-4.0,0.85,11.6,1.11,True,21.13,0.033,0.033,1,5,21,0,27,Avoid,12,6,25,0,43,Watchlist,0.033,0.033,0.042,0.066,Low,No pledge / market sell,Healthcare,Healthcare,Pharmaceuticals & Biotechnology,Pharmaceuticals
OMPOWER,Om Power Transmission Limited,7447179.0,40763.0,3,24-06-2026,40763.0,3,7447179.0,182.69,0.0,0,0.74,7447179.0,0.0,0.0,40763.0,7447179.0,0.0,False,False,Net Buying,0.74,0.74,0.0,False,0.0,0.0,0.0,0.0,0.0,False,172.37,206.0,158.01,69.05,169.28,,-10.9,-5.6,5.6,24-06-2026,24-06-2026,182.8989522537093,181.8687130477039,182.6945759634963,0,89,89,0,0,0,0,3,0.0,0.0,0.0,0.0,7447179.0,0,0,0,0,0,0.0,0.0,0.0,0.0,0.0,0.0,0.0,7447179.0,0.0,7447179.0,0.0,0.0,0.0,-100.0,No Net Flow,3,0,0.0,Stale,Stale Accumulation,182.6945759634963,-5.7,Late — Poor Entry,590.0,14.0,61.0,15.0,82.0,3.07,42.7,0.35,False,12.0,0.126,0.126,5,17,4,0,26,Avoid,20,19,5,0,44,Watchlist,0.125,0.126,0.119,0.172,Low,No pledge / market sell,Industrials,Construction,Construction,Civil Construction
VSTL,VIBHOR STEEL TUBES LIMITED,4484713.0,40400.0,8,03-09-2026,40400.0,8,4484713.0,111.01,0.0,0,0.45,4484713.0,0.0,0.0,40400.0,4484713.0,0.0,False,False,Net Buying,0.45,0.45,0.0,False,0.0,0.0,0.0,0.0,0.0,False,113.54,164.58,100.8,73.48,112.01,118.75,5.2,2.3,2.3,17-08-2026,03-09-2026,106.9592,115.10722222222222,111.3431590909091,17,35,18,0,0,7,10,10,0.0,0.0,3936339.0,4899099.0,4899099.0,0,0,0,0,0,0.0,0.0,0.0,0.0,0.0,0.0,3936339.0,962760.0,0.0,962760.0,3936339.0,0.0,3936339.0,308.9,Accelerating Accumulation,1,0,0.0,Active,Confirmed Accumulation,111.3431590909091,2.0,Confirmed Accumulation,215.0,25.6,21.0,12.07,-29.0,1.02,7.92,0.98,True,4.11,0.209,0.209,5,9,13,-1,26,Avoid,20,11,15,-2,44,Watchlist,0.209,0.209,0.213,0.29,Low,No pledge / market sell,Industrials,Capital Goods,Industrial Products,Iron & Steel Products
PLASTIBLEN,PLASTIBLENDS INDIA LIMITED,79549544.0,452400.0,2,25-06-2026,452400.0,2,79549544.0,175.84,0.0,0,7.95,79549544.0,110497109.0,606866.0,-154466.0,-30947565.0,138.9,False,True,Net Selling,-3.09,7.95,11.05,False,0.0,0.0,138.9,11.0497109,138.9,False,186.63,216.29,121.01,64.21,191.6,166.91,41.6,6.1,6.1,25-06-2026,25-06-2026,175.67010610079575,176.00780725022105,175.8389566755084,0,88,88,0,0,0,0,2,0.0,0.0,0.0,0.0,79549544.0,0,0,0,0,4,0.0,0.0,0.0,0.0,110497109.0,0.0,0.0,79549544.0,110497109.0,-30947565.0,0.0,0.0,0.0,0.0,No Net Flow,2,2,0.0,Stale,Stale Accumulation,175.8389566755084,6.1,Late — Poor Entry,485.0,11.4,5.0,22.0,36.0,5.75,10.7,0.05,True,10.0,1.64,0.0,2,18,21,-15,26,Avoid,7,21,25,0,53,Buy on Breakout,1.639,0.0,0.0,0.0,High,Market sell 138.90% of buy value,Commodities,Chemicals,Chemicals & Petrochemicals,Specialty Chemicals
HEXAGON,HEXAGON NUTRITION LIMITED,5656038.0,87700.0,9,18-09-2026,87700.0,9,5656038.0,64.49,0.0,0,0.57,5656038.0,0.0,0.0,87700.0,5656038.0,0.0,False,False,Net Buying,0.57,0.57,0.0,False,0.0,0.0,0.0,0.0,0.0,False,66.26,78.25,48.1,64.29,67.17,,30.8,2.7,2.7,17-08-2026,18-09-2026,64.03237804878049,65.157,64.33497045790251,32,35,3,6,6,6,12,12,2601121.0,2601121.0,2601121.0,8710955.0,8710955.0,0,0,0,0,0,0.0,0.0,0.0,0.0,0.0,2601121.0,2601121.0,6109834.0,0.0,6109834.0,2601121.0,0.0,2601121.0,-57.4,Slowing Accumulation,4,0,1.0,Fresh,Confirmed Accumulation,64.33497045790251,3.0,Confirmed Accumulation,814.0,19.5,,12.31,,0.8,,0.11,True,12.14,0.069,0.069,8,8,9,0,25,Avoid,15,9,10,0,34,Fundamental Watch,0.07,0.069,0.071,0.111,Low,No pledge / market sell,Fast Moving Consumer Goods,Fast Moving Consumer Goods,Food Products,Packaged Foods
GOKUL,GOKUL REFOILS AND SOLVENT LIMITED,13998766.0,328607.0,12,02-09-2026,328607.0,12,13998766.0,42.6,0.0,0,1.4,13998766.0,0.0,0.0,328607.0,13998766.0,0.0,False,False,Net Buying,1.4,1.4,0.0,False,0.0,0.0,0.0,0.0,0.0,False,40.43,46.8,31.0,71.79,40.71,39.8,0.8,-5.1,5.1,20-08-2026,02-09-2026,40.488,41.23762857142857,42.08691523192088,13,32,19,0,0,16,20,20,0.0,0.0,18370361.0,22247438.0,22247438.0,0,0,0,0,0,0.0,0.0,0.0,0.0,0.0,0.0,18370361.0,3877077.0,0.0,3877077.0,18370361.0,0.0,18370361.0,373.8,Accelerating Accumulation,1,0,0.0,Active,Confirmed Accumulation,42.08691523192088,-3.9,Confirmed Accumulation,400.0,99.1,246.0,0.91,10.0,0.14,2.07,0.0,False,4.21,0.35,0.35,7,7,13,-2,25,Avoid,25,8,15,-5,43,Watchlist,0.35,0.35,0.332,0.463,Low,No pledge / market sell,Fast Moving Consumer Goods,Fast Moving Consumer Goods,Agricultural Food & other Products,Edible Oil
LAOPALA,LA OPALA RG LIMITED,39906048.0,250000.0,2,17-09-2026,250000.0,2,39906048.0,159.62,0.0,0,3.99,39906048.0,0.0,0.0,250000.0,39906048.0,0.0,False,False,Net Buying,3.99,3.99,0.0,False,0.0,0.0,0.0,0.0,0.0,False,162.6,259.7,155.0,65.64,179.99,186.95,-13.0,1.9,1.9,16-09-2026,17-09-2026,160.358065,156.6887,159.624192,1,5,4,2,2,2,2,2,39906048.0,39906048.0,39906048.0,39906048.0,39906048.0,0,0,0,0,0,0.0,0.0,0.0,0.0,0.0,39906048.0,39906048.0,0.0,0.0,0.0,39906048.0,0.0,39906048.0,,New Accumulation,1,0,1.0,Fresh,Early Accumulation,159.624192,1.9,Early Accumulation,1805.0,19.1,-3.0,26.0,-4.0,2.36,14.2,0.01,True,36.0,0.221,0.221,8,12,4,0,24,Avoid,17,14,5,0,36,Fundamental Watch,0.221,0.221,0.225,0.343,Low,No pledge / market sell,Consumer Discretionary,Consumer Durables,Consumer Durables,Glass - Consumer
SGIL,SYNERGY GREEN INDUSTRIES LIMITED,2458195.0,4141.0,3,11-09-2026,4141.0,3,2458195.0,593.62,0.0,0,0.25,2458195.0,0.0,0.0,4141.0,2458195.0,0.0,False,False,Net Buying,0.25,0.25,0.0,False,0.0,0.0,0.0,0.0,0.0,False,589.3,630.2,420.0,74.02,590.8,545.85,17.1,-0.7,0.7,28-08-2026,11-09-2026,585.0,595.1996303142329,593.6235208886742,14,24,10,0,2,3,3,3,0.0,1288195.0,2458195.0,2458195.0,2458195.0,0,0,0,0,0,0.0,0.0,0.0,0.0,0.0,0.0,2458195.0,0.0,0.0,0.0,2458195.0,0.0,2458195.0,,New Accumulation,3,0,0.0,Active,Confirmed Accumulation,593.6235208886742,-0.7,Confirmed Accumulation,916.0,,-2.0,5.0,-152.0,-6.5,9.24,2.23,True,6.0,0.027,0.027,5,5,13,0,23,Avoid,20,6,15,0,41,Watchlist,0.027,0.027,0.027,0.036,Low,No pledge / market sell,Industrials,Capital Goods,Industrial Products,Castings & Forgings
WCIL,WESTERN CARRIERS (INDIA) LIMITED,12463079.0,126106.0,4,18-09-2026,126106.0,4,12463079.0,98.83,0.0,0,1.25,12463079.0,0.0,0.0,126106.0,12463079.0,0.0,False,False,Net Buying,1.25,1.25,0.0,False,0.0,0.0,0.0,0.0,0.0,False,96.86,147.29,77.02,71.89,88.86,101.88,4.3,-2.0,2.0,24-06-2026,18-09-2026,104.96,97.5,98.83018254484323,86,89,3,1,1,1,1,4,9750000.0,9750000.0,9750000.0,9750000.0,12463079.0,0,0,0,0,0,0.0,0.0,0.0,0.0,0.0,9750000.0,9750000.0,2713079.0,0.0,2713079.0,9750000.0,0.0,9750000.0,259.4,Accelerating Accumulation,1,0,1.0,Fresh,Confirmed Accumulation,98.83018254484323,-2.0,Confirmed Accumulation,988.0,26.9,9.0,18.68,-36.0,0.85,6.83,0.26,False,4.02,0.126,0.126,8,7,9,-1,23,Avoid,20,8,10,-2,36,Fundamental Watch,0.127,0.126,0.124,0.172,Low,No pledge / market sell,Services,Services,Transport Services,Logistics Solution Provider
SANDUMA,SANDUR MANGANESE & IRON ORES LIMITED,46970458.0,226218.0,1,29-06-2026,226218.0,1,46970458.0,207.63,0.0,0,4.7,46970458.0,46898837.0,226218.0,0.0,71621.0,99.85,False,True,Transfer-like,0.01,4.7,4.69,False,0.0,0.0,99.85,4.6898837,99.85,False,185.4,273.0,156.0,74.26,200.25,209.82,1.9,-10.7,10.7,29-06-2026,29-06-2026,207.63360121652565,207.63360121652565,207.63360121652565,0,84,84,0,0,0,0,1,0.0,0.0,0.0,0.0,46970458.0,0,0,0,0,1,0.0,0.0,0.0,0.0,46898837.0,0.0,0.0,46970458.0,46898837.0,71621.0,0.0,0.0,0.0,-100.0,No Net Flow,1,1,0.0,Stale,Stale Accumulation,207.63360121652565,-10.7,Late — Poor Entry,9012.0,15.3,21.0,224.0,38.0,3.32,24.2,0.11,True,41.0,0.052,0.0,1,26,5,-10,22,Avoid,17,30,5,0,52,Buy on Breakout,0.052,0.0,0.0,0.0,High,Market sell 99.85% of buy value,Commodities,Metals & Mining,Ferrous Metals,Iron & Steel
TIGERLOGS,Tiger Logistics (India) Limited,7021120.0,209000.0,9,16-09-2026,209000.0,9,7021120.0,33.59,0.0,0,0.7,7021120.0,0.0,0.0,209000.0,7021120.0,0.0,False,False,Net Buying,0.7,0.7,0.0,False,0.0,0.0,0.0,0.0,0.0,False,26.13,56.69,22.9,61.81,28.98,32.45,-0.2,-22.2,22.2,23-06-2026,16-09-2026,38.7,27.64,33.59387559808612,85,90,5,1,1,2,4,8,691000.0,691000.0,1434750.0,2893750.0,6247120.0,0,0,0,0,0,0.0,0.0,0.0,0.0,0.0,691000.0,1434750.0,5586370.0,0.0,5586370.0,1434750.0,0.0,1434750.0,-74.3,Slowing Accumulation,1,0,0.4816,Fresh,Confirmed Accumulation,33.59387559808612,-22.2,Confirmed Accumulation,276.0,14.6,16.0,2.79,-30.0,0.21,18.0,0.32,False,1.83,0.254,0.254,10,11,0,-1,20,Avoid,20,12,0,-2,30,Fundamental Watch,0.254,0.254,0.198,0.32,Low,No pledge / market sell,Services,Services,Transport Services,Logistics Solution Provider
STUDDS,Studds Accessories Limited,6931636.0,16609.0,1,11-09-2026,16609.0,1,6931636.0,417.34,0.0,0,0.69,6931636.0,0.0,0.0,16609.0,6931636.0,0.0,False,False,Net Buying,0.69,0.69,0.0,False,0.0,0.0,0.0,0.0,0.0,False,407.1,600.0,402.55,61.75,438.15,482.09,-20.4,-2.5,2.5,11-09-2026,11-09-2026,417.3421638870492,417.3421638870492,417.3421638870492,0,10,10,0,2,2,2,2,0.0,13863272.0,13863272.0,13863272.0,13863272.0,0,0,0,0,0,0.0,0.0,0.0,0.0,0.0,0.0,13863272.0,0.0,0.0,0.0,13863272.0,0.0,13863272.0,,New Accumulation,1,0,0.0,Active,Confirmed Accumulation,417.3421638870492,-2.5,Confirmed Accumulation,1602.0,20.9,10.0,20.0,2.0,3.37,23.3,0.01,True,12.0,0.043,0.043,3,16,0,0,19,Avoid,12,18,0,0,30,Fundamental Watch,0.043,0.043,0.042,0.068,Low,No pledge / market sell,Consumer Discretionary,Automobile and Auto Components,Auto Components,Auto Components & Equipments
KABRAEXTRU,KABRA EXTRUSION TECHNIK LIMITED,76695745.0,317416.0,4,25-06-2026,317416.0,4,76695745.0,241.63,0.0,0,7.67,76695745.0,80376270.0,333300.0,-15884.0,-3680525.0,104.8,False,True,Net Selling,-0.37,7.67,8.04,False,0.0,0.0,104.8,8.037627,104.8,False,681.6,741.9,180.0,60.24,497.61,299.13,202.9,182.1,182.1,23-06-2026,25-06-2026,240.00953974895398,243.6942904821503,241.62532764573933,2,90,88,0,0,0,0,2,0.0,0.0,0.0,0.0,36537959.0,0,0,0,0,1,0.0,0.0,0.0,0.0,40279632.0,0.0,0.0,76695745.0,80376270.0,-3680525.0,0.0,0.0,0.0,0.0,No Net Flow,2,1,0.0,Stale,Stale Accumulation,241.62532764573933,182.1,Late — Poor Entry,2384.0,705.0,3.0,6.76,-81.0,-0.35,1.2,0.32,True,5.43,0.322,0.0,2,8,25,-16,19,Avoid,10,9,30,-3,46,Watchlist,0.322,0.0,0.0,0.0,High,Market sell 104.80% of buy value,Industrials,Capital Goods,Industrial Manufacturing,Industrial Products
GRMOVER,GRM OVERSEAS LIMITED,22971294.0,249546.0,2,24-06-2026,249546.0,2,22971294.0,92.05,0.0,0,2.3,22971294.0,0.0,0.0,249546.0,22971294.0,0.0,False,False,Net Buying,2.3,2.3,0.0,False,0.0,0.0,0.0,0.0,0.0,False,81.64,185.45,79.31,71.72,88.96,165.05,-46.7,-11.3,11.3,17-06-2026,24-06-2026,93.3069736604183,91.21972,91.7397546214954,7,96,89,0,0,0,0,2,0.0,0.0,0.0,0.0,27365916.0,0,0,0,0,0,0.0,0.0,0.0,0.0,0.0,0.0,0.0,27365916.0,0.0,27365916.0,0.0,0.0,0.0,-100.0,No Net Flow,1,0,0.0,Stale,Stale Accumulation,91.7397546214954,-11.0,Late — Poor Entry,1692.0,30.5,39.0,31.0,8.0,0.9,11.3,0.67,False,9.0,0.136,0.136,3,8,0,0,11,Avoid,17,10,0,0,27,Avoid,0.136,0.136,0.12,0.168,Low,No pledge / market sell,Fast Moving Consumer Goods,Fast Moving Consumer Goods,Agricultural Food & other Products,Other Agricultural Products
JINDALSTEL,JINDAL STEEL LIMITED,92111332.0,79600.0,1,03-09-2026,79600.0,1,92111332.0,1157.18,0.0,0,9.21,92111332.0,108203920.0,95000.0,-15400.0,-16092588.0,117.47,False,False,Net Selling,-1.61,9.21,10.82,False,0.0,0.0,117.47,10.820392,117.47,False,1119.5,1306.2,977.1,61.21,1105.09,1130.5,-1.2,-3.3,3.3,03-09-2026,03-09-2026,1157.1775376884423,1157.1775376884423,1157.1775376884423,0,18,18,0,0,1,1,1,0.0,0.0,92111332.0,92111332.0,92111332.0,0,0,1,1,1,0.0,0.0,108203920.0,108203920.0,108203920.0,0.0,-16092588.0,0.0,0.0,0.0,92111332.0,108203920.0,-16092588.0,0.0,Current Net Selling,1,1,0.0,Active,Mature Accumulation,1157.1775376884423,-3.3,Confirmed Accumulation,114199.0,32.9,18.0,2224.0,-28.0,10.65,10.8,0.16,True,15.0,0.008,0.0,2,16,4,-15,7,Avoid,7,19,5,0,31,Fundamental Watch,0.008,0.0,0.0,0.0,High,Market sell 117.47% of buy value,Commodities,Metals & Mining,Ferrous Metals,Iron & Steel
