Symbol,MacroEconomicSector,Sector,Industry,BasicIndustry
GANDHAR,,,,
CONFIPET,,,,
BHAGERIA,,,,
PREMIERPOL,,,,
SIGIND,,,,
APLLTD,,,,
INDORAMA,,,,
ALEMBICLTD,,,,
INDIQUBE,,,,
THANGAMAYL,,,,
CHEMBONDCH,,,,
PLASTIBLEN,,,,
ASAHISONG,,,,
NURECA,,,,
MAHSEAMLES,,,,
PKTEA,,,,
CHEMBOND,,,,
UYFINCORP,,,,
BAJAJHCARE,,,,
STEL,,,,
SENCO,,,,
EIEL,,,,
DIAMONDYD,,,,
PNGSREVA,,,,
AVONMORE,,,,
SILVERTUC,,,,
SRHHYPOLTD,,,,
VSTL,,,,
NRL,,,,
DOLLAR,,,,
MANINFRA,,,,
KABRAEXTRU,,,,
THOMASCOOK,,,,
SINCLAIR,,,,
OBCL,,,,
GOKUL,,,,
BERGEPAINT,,,,
VIVIANA,,,,
HCLTECH,,,,
GANESHCP,,,,
ARSSBL,,,,
OMPOWER,,,,
HEXAGON,,,,
SGIL,,,,
AMANTA,,,,
TAINWALCHM,,,,
SANDUMA,,,,
MOTOGENFIN,,,,
PGHH,,,,
TRUALT,,,,
BMWVENTLTD,,,,
GRMOVER,,,,
MBEL,,,,
JINDALSTEL,,,,
WCIL,,,,
TIGERLOGS,,,,
