Date,Open,High,Low,Close
2026-05-15,23731.4,23839.3,23610.3,23643.5
2026-05-18,23482.2,23695.65,23317.1,23649.95
2026-05-19,23675.3,23782.3,23587.2,23618.0
2026-05-20,23457.25,23690.9,23397.3,23659.0
2026-05-21,23830.05,23859.9,23596.6,23654.7
2026-05-22,23671.2,23835.65,23671.0,23719.3
2026-05-25,23940.25,24054.45,23922.85,24031.7
2026-05-26,24004.1,24089.8,23885.45,23913.7
2026-05-27,23880.35,23983.2,23858.25,23907.15
2026-05-29,23902.15,24002.8,23484.75,23547.75
2026-06-01,23654.5,23733.7,23357.95,23382.6
2026-06-02,23229.15,23556.95,23229.15,23483.55
2026-06-03,23415.95,23459.65,23151.5,23405.6
2026-06-04,23282.45,23465.3,23247.3,23416.55
2026-06-05,23478.95,23516.35,23282.65,23366.7
2026-06-08,23080.7,23267.3,23070.15,23123.0
2026-06-09,23259.05,23279.4,23104.45,23242.1
2026-06-10,23233.95,23425.35,23184.6,23214.95
2026-06-11,23104.4,23327.45,23072.05,23161.6
2026-06-12,23412.55,23645.35,23313.9,23622.9
2026-06-15,23984.85,24011.4,23817.8,23853.9
2026-06-16,23923.9,24002.6,23888.2,23989.15
2026-06-17,24044.5,24108.2,23969.7,24085.7
2026-06-18,24073.8,24189.25,24036.95,24168.0
2026-06-19,23991.2,24047.2,23901.9,24013.1
2026-06-22,24106.6,24168.05,24073.15,24102.9
2026-06-23,24071.3,24135.5,23784.95,23824.1
2026-06-24,23795.8,24090.05,23789.25,24021.65
2026-06-25,24125.85,24261.6,24039.0,24056.0
2026-06-29,24061.75,24120.0,23924.55,23946.25
2026-06-30,24032.05,24035.55,23829.2,23865.75
2026-07-01,23897.65,24049.9,23895.1,24005.85
2026-07-02,24062.2,24194.55,24058.8,24175.7
2026-07-03,24375.65,24378.15,24252.35,24270.85
2026-07-06,24306.85,24458.65,24287.1,24430.35
2026-07-07,24464.45,24530.9,24348.95,24398.7
2026-07-08,24259.55,24300.0,23805.2,23882.05
2026-07-09,23928.95,24134.7,23925.7,23962.8
2026-07-10,24124.7,24228.45,24120.35,24206.9
2026-07-13,24039.4,24259.8,24000.2,24211.0
2026-07-14,24068.0,24157.1,24023.7,24052.05
2026-07-15,24085.85,24220.35,24010.55,24078.5
2026-07-16,24142.1,24186.5,24050.0,24072.75
2026-07-17,24127.6,24367.3,24099.05,24334.3
2026-07-20,24190.05,24266.1,24135.85,24238.5
2026-07-21,24216.05,24262.2,24135.65,24187.7
2026-07-22,24150.45,24166.3,23961.4,23996.25
2026-07-23,23904.8,23990.75,23807.2,23869.6
2026-07-24,23666.35,23823.6,23606.3,23767.45
2026-07-27,23928.4,24011.6,23891.55,23995.95
2026-07-28,23971.25,24041.15,23954.6,23985.35
2026-07-29,24176.65,24283.55,24136.75,24250.2
2026-07-30,24249.55,24342.95,24187.1,24317.15
2026-07-31,24361.45,24429.4,24299.7,24383.6
2026-08-03,24572.7,24774.3,24515.15,24774.3
2026-08-04,24703.9,24703.9,24427.95,24614.9
2026-08-05,24669.2,24677.6,24497.95,24624.65
2026-08-06,24641.0,24677.05,24604.15,24636.0
2026-08-07,24538.9,24630.4,24522.75,24570.65
2026-08-10,24581.25,24620.95,24511.1,24583.8
2026-08-11,24575.1,24576.85,24429.25,24471.7
2026-08-12,24472.45,24473.3,24265.95,24435.95
2026-08-13,24431.6,24431.6,24311.4,24395.85
2026-08-14,24361.9,24405.2,24296.8,24366.0
2026-08-17,24343.45,24360.1,24226.95,24287.65
2026-08-18,24223.85,24269.65,24154.9,24154.9
2026-08-19,24152.05,24172.85,24025.65,24078.3
2026-08-20,24225.45,24265.15,24184.55,24231.85
2026-08-21,24284.05,24284.05,24206.8,24252.0
2026-08-24,24285.05,24313.0,24144.3,24219.05
2026-08-25,24175.75,24334.55,24115.45,24334.55
2026-08-26,24341.95,24378.6,24207.75,24207.75
2026-08-27,24277.6,24297.45,24090.85,24090.85
2026-08-28,24122.6,24188.3,24076.85,24175.65
2026-08-31,24117.55,24128.7,23993.6,24080.4
2026-09-01,24077.55,24143.15,23952.55,24055.8
2026-09-02,23858.0,23914.45,23786.8,23914.45
2026-09-03,23997.95,24025.4,23873.45,23873.45
2026-09-04,23910.9,24005.75,23895.85,23897.7
2026-09-07,23883.15,23890.0,23737.9,23779.15
2026-09-08,23743.1,23758.95,23623.1,23635.1
2026-09-09,23522.05,23571.55,23431.5,23431.5
2026-09-10,23446.6,23494.95,23380.1,23477.8
2026-09-11,23270.3,23448.1,23231.4,23398.1
2026-09-15,23576.15,23592.85,23118.6,23118.6
2026-09-16,23201.6,23284.75,23116.1,23217.6
2026-09-17,23195.25,23363.55,23193.65,23270.6
2026-09-18,23334.7,23389.15,23286.6,23346.4
2026-09-21,23330.2,23466.8,23314.8,23414.3
2026-09-22,23454.05,23489.0,23285.75,23329.0
2026-09-23,23352.15,23466.9,23349.55,23446.8
2026-09-24,23221.8,23281.95,23046.15,23063.1
2026-09-25,23035.0,23162.7,23020.95,23140.5
2026-09-28,23064.9,23080.25,22762.2,22780.25
2026-09-29,22732.45,22753.25,22569.65,22716.2
2026-09-30,22665.0,22809.35,22595.2,22620.45
2026-10-01,22543.7,22610.6,22217.3,22421.95
2026-10-05,22532.4,22621.8,22397.1,22555.75
2026-10-06,22603.25,22776.1,22561.6,22776.1
2026-10-07,22690.45,22717.65,22546.3,22603.05
